application_date,approved_at,nama_surveyor,surveyor_id,nomor_pengajuan,nama_cabang,alamat,latitude,longitude,lebar_ruko,document_status,is_active,is_extension,tanggal_awal_nego,tgl_nego_berakhir,harga_nego,harga_net,asking_price,rental_price,user_id,nama_negosiator,status_event,total_transfer,wilayah,tgl_sewaruko_awal,tgl_sewaruko_akhir,contractor_id,kontraktor,property_id,budget,renovation_type,tgl_awal_renovasi,tgl_akhir_renovasi,status_renovasi,paid_at/tgl_realisasi_selesai_renovasi,payment_stage,sla_pure_nego_hari,Bulan,Open_cabang,lama_waktu_realisasi_pengajuan_ke_aprooved,waktu_tunggu_aproved_ke_tgl_awal_nego,lama_waktu_realisasi_nego,waktu_tunggu_nego_ke_renovasi_awal,lama_waktu_realisasi_renovasi_Selesai,waktu_tunggu_selesai_renove_open_cabang,lama_proses_pembukaan_cabang,efisiensi_diskon_nego,sla_renov,sla_complimence_persen,Tahun,Hargaawal_nego_sheet,hargarental_sheet,efisiensi_diskon_nego2,nama_negosiator_2
3 January 2024,NULL,salma,4,R06214,PDR001,"Parigi, Kec. Parigi, Kab. Pangandaran",-7.697105,108.500282,15,done,1,0,3 January 2024,22 February 2024,22500000,30000000,27000000,27000000,4,salma,baru,81000000,Kab. Pangandaran,2024-03-07,2029-03-07,4,Trimo,2817,99784800,baru,26 February 2024,16 March 2024,selesai,9 March 2024,lunas,50,2024,27 March 2024,,,50,3,12,18,84,0.00%,19,tercapai,2024,27000000,27000000,0%,salma
5 January 2024,NULL,Hanif,6,R06222,KNG012,Jl Moh. Toha,-6.954541,108.491333,7,done,1,0,5 January 2024,22 January 2024,15000000,20000000,18300000,18300000,9,Sinta,baru,54900000,Kab. Kuningan,2024-03-22,2029-03-22,5,Edwin,2825,96495700,baru,24 January 2024,12 February 2024,selesai,3 February 2024,lunas,17,2024,19 February 2024,,,17,1,10,16,45,0.00%,19,tercapai,2024,18300000,18300000,0%,Sinta
5 January 2024,NULL,Hanif,6,R06222,KNG012,Jl Moh. Toha,-6.954541,108.491333,7,done,1,0,5 January 2024,22 January 2024,15000000,20000000,18300000,18300000,9,Sinta,baru,54900000,Kab. Kuningan,2024-03-22,2029-03-22,5,Edwin,2825,96495700,baru,24 January 2024,12 February 2024,selesai,5 February 2024,lunas,17,2024,19 February 2024,,,17,1,12,14,45,0.00%,19,tercapai,2024,18300000,18300000,0%,Sinta
5 January 2024,NULL,Hanif,6,R06224,CBN008,Jl Ciremai Raya,-6.744593,108.563278,12,done,1,0,6 January 2024,23 January 2024,30000000,40000000,32000000,32000000,9,Sinta,baru,96000000,Kota Cirebon,2024-03-15,2029-03-15,4,Trimo,2827,111586050,baru,16 February 2024,6 March 2024,selesai,29 February 2024,lunas,17,2024,5 March 2024,,,17,23,13,5,60,0.00%,19,tercapai,2024,32000000,32000000,0%,Sinta
6 January 2024,NULL,salma,4,R06247,PBG007,"Jl. Letjen S Parman No.9, Bancar, Kec. Purbalingga, Kabupaten Purbalingga",-7.394109,109.374054,10,done,1,0,6 January 2024,30 January 2024,11250000,15000000,12000000,12000000,4,salma,baru,60000000,Kab. Purbalingga,2024-03-30,2029-03-30,3,CV. Rizki Mitra Abadi,2850,89175075,baru,31 January 2024,19 February 2024,selesai,15 February 2024,lunas,24,2024,28 March 2024,,,24,0,15,42,82,0.00%,19,tercapai,2024,12000000,12000000,0%,salma
6 January 2024,NULL,salma,4,R06247,PBG007,"Jl. Letjen S Parman No.9, Bancar, Kec. Purbalingga, Kabupaten Purbalingga",-7.394109,109.374054,10,done,1,0,6 January 2024,30 January 2024,11250000,15000000,12000000,12000000,4,salma,baru,60000000,Kab. Purbalingga,2024-03-30,2029-03-30,3,CV. Rizki Mitra Abadi,2850,89175075,baru,31 January 2024,19 February 2024,selesai,19 February 2024,lunas,24,2024,28 March 2024,,,24,0,19,38,82,0.00%,19,tidak tercapai,2024,12000000,12000000,0%,salma
6 January 2024,NULL,salma,4,R06248,PBG006,"Dusun III, Panican, Kec. Kemangkon, Kabupaten Purbalingga",-7.4481,109.394249,8,done,1,0,6 January 2024,29 January 2024,12750000,17000000,16500000,16500000,4,salma,baru,49500000,Kab. Purbalingga,2024-03-29,2029-03-29,3,CV. Rizki Mitra Abadi,2851,92762150,baru,31 January 2024,19 February 2024,selesai,16 February 2024,lunas,23,2024,27 March 2024,,,23,1,16,40,81,0.00%,19,tercapai,2024,16500000,16500000,0%,salma
6 January 2024,NULL,salma,4,R06248,PBG006,"Dusun III, Panican, Kec. Kemangkon, Kabupaten Purbalingga",-7.4481,109.394249,8,done,1,0,6 January 2024,29 January 2024,12750000,17000000,16500000,16500000,4,salma,baru,49500000,Kab. Purbalingga,2024-03-29,2029-03-29,3,CV. Rizki Mitra Abadi,2851,92762150,baru,31 January 2024,19 February 2024,selesai,21 February 2024,lunas,23,2024,27 March 2024,,,23,1,21,35,81,0.00%,19,tidak tercapai,2024,16500000,16500000,0%,salma
9 January 2024,NULL,salma,4,R06262,PBG005,"Dusun 2, Lambur, Kec. Mrebet, Kabupaten Purbalingga",-7.317568,109.362648,6,done,1,0,9 January 2024,27 January 2024,9750000,13000000,12000000,12000000,4,salma,baru,36000000,Kab. Purbalingga,2024-03-27,2029-03-27,3,CV. Rizki Mitra Abadi,2865,96422100,baru,31 January 2024,19 February 2024,selesai,13 February 2024,lunas,18,2024,19 March 2024,,,18,4,13,35,70,0.00%,19,tercapai,2024,12000000,12000000,0%,salma
9 January 2024,NULL,salma,4,R06262,PBG005,"Dusun 2, Lambur, Kec. Mrebet, Kabupaten Purbalingga",-7.317568,109.362648,6,done,1,0,9 January 2024,27 January 2024,9750000,13000000,12000000,12000000,4,salma,baru,36000000,Kab. Purbalingga,2024-03-27,2029-03-27,3,CV. Rizki Mitra Abadi,2865,96422100,baru,31 January 2024,19 February 2024,selesai,19 February 2024,lunas,18,2024,19 March 2024,,,18,4,19,29,70,0.00%,19,tidak tercapai,2024,12000000,12000000,0%,salma
10 January 2024,NULL,Hanif,6,R06267,UNR005,Jl Ambarawa - Magelang,-7.269019,110.381538,10,done,1,0,10 January 2024,6 February 2024,26250000,35000000,25000000,25000000,9,Sinta,baru,75000000,Kab. Semarang,2024-04-06,2029-04-06,2,Sarjono,2870,105004100,baru,9 February 2024,28 February 2024,selesai,19 February 2024,lunas,27,2024,26 March 2024,,,27,3,10,36,76,0.00%,19,tercapai,2024,25000000,25000000,0%,Sinta
10 January 2024,NULL,Hanif,6,R06274,DMK001,Pasar Mranggen,-7.02545,110.513481,15,done,1,0,10 January 2024,27 February 2024,22500000,30000000,20000000,20000000,9,Sinta,baru,60000000,Kab. Demak,2024-03-27,2029-03-27,5,Edwin,2877,106524750,baru,1 March 2024,20 March 2024,selesai,16 March 2024,lunas,48,2024,2 May 2024,,,48,2,15,47,113,0.00%,19,tercapai,2024,20000000,20000000,0%,Sinta
13 January 2024,NULL,salma,4,R06288,KJN004,"Jl. Bahureksa Kajen, Sibedug, Kb. Agung, Kec. Kajen, Kabupaten Pekalongan",-7.026449,109.579048,12,done,1,0,13 January 2024,1 February 2024,30000000,40000000,32000000,32000000,4,salma,baru,96000000,Kab. Pekalongan,2024-04-01,2029-04-01,4,Trimo,2891,99955200,baru,3 February 2024,22 February 2024,selesai,17 February 2024,lunas,19,2024,5 March 2024,,,19,1,14,17,52,0.00%,19,tercapai,2024,32000000,32000000,0%,salma
13 January 2024,NULL,salma,4,R06290,KJN003,"Gang Selatan Paesan Kebumen No. 9, RT.03/RW.09, Capgawen, Kedungwuni Bar., Kec. Kedungwuni, Kabupaten Pekalongan",-6.961917,109.647072,32,done,1,0,13 January 2024,31 January 2024,21000000,28000000,25000000,25000000,4,salma,baru,75000000,Kab. Pekalongan,2024-03-31,2029-03-31,4,Trimo,2893,102692250,baru,1 February 2024,20 February 2024,selesai,13 February 2024,lunas,18,2024,23 March 2024,,,18,1,12,39,70,0.00%,19,tercapai,2024,25000000,25000000,0%,salma
13 January 2024,NULL,salma,4,R06290,KJN003,"Gang Selatan Paesan Kebumen No. 9, RT.03/RW.09, Capgawen, Kedungwuni Bar., Kec. Kedungwuni, Kabupaten Pekalongan",-6.961917,109.647072,32,done,1,0,13 January 2024,31 January 2024,21000000,28000000,25000000,25000000,4,salma,baru,75000000,Kab. Pekalongan,2024-03-31,2029-03-31,4,Trimo,2893,102692250,baru,1 February 2024,20 February 2024,selesai,21 February 2024,lunas,18,2024,23 March 2024,,,18,1,20,31,70,0.00%,19,tidak tercapai,2024,25000000,25000000,0%,salma
19 January 2024,NULL,Hanif,6,R06342,MJL015,Jl KH Abdul Halim,-6.83433,108.222916,10,done,1,0,20 January 2024,19 February 2024,30000000,40000000,25000000,25000000,9,Sinta,baru,125000000,Kab. Majalengka,2024-04-19,2029-04-19,2,Sarjono,2945,118691100,baru,22 February 2024,12 March 2024,selesai,12 March 2024,lunas,30,2024,19 March 2024,,,30,2,19,7,60,0.00%,19,tidak tercapai,2024,25000000,25000000,0%,Sinta
19 January 2024,NULL,Hanif,6,R06353,TSM006,Jl AH Nasution Kp Perbu,-7.344491,108.192627,9,done,1,0,19 January 2024,9 February 2024,45000000,60000000,40000000,40000000,9,Sinta,baru,120000000,Kota Tasikmalaya,2024-04-09,2029-04-09,6,Sendy,2956,105537300,baru,12 February 2024,2 March 2024,selesai,26 February 2024,lunas,21,2024,5 March 2024,,,21,2,14,8,46,0.00%,19,tercapai,2024,40000000,40000000,0%,Sinta
19 January 2024,NULL,salma,4,R06359,PTI001,"Jl. Dr. Setia Budi, Pati Kidul, Kec. Pati, Kabupaten Pati",-6.75499,111.040848,11,done,1,0,19 January 2024,6 March 2024,26250000,35000000,35000000,35000000,4,salma,baru,105000000,Kab. Pati,2024-05-06,2029-05-06,5,Edwin,2962,114800150,baru,8 March 2024,27 March 2024,selesai,26 March 2024,lunas,47,2024,27 May 2024,,,47,1,18,62,129,0.00%,19,tercapai,2024,35000000,35000000,0%,salma
21 January 2024,NULL,salma,4,R06371,TSM008,"IR H Juanda, Desa Bantarsari, 
Kecamatan Bungursari, Kota Tasikmalaya, Jawa Barat. ",-7.321989,108.198883,10,done,1,0,21 January 2024,27 February 2024,52500000,75000000,55000000,55000000,4,salma,baru,165000000,Kota Tasikmalaya,2024-05-01,2029-05-01,4,Trimo,2974,119950050,baru,17 May 2024,5 June 2024,selesai,10 June 2024,lunas,37,2024,14 June 2024,,,37,79,24,4,145,0.00%,19,tidak tercapai,2024,55000000,55000000,0%,salma
21 January 2024,NULL,salma,4,R06376,TSM007,"Jl. Ibrahim Adjie No.135, Indihiang, Kec. Indihiang, Kota Tasikmalaya",-7.289932,108.200073,8,done,1,0,21 January 2024,13 February 2024,24000000,32000000,31000000,31000000,4,salma,baru,93000000,Kota Tasikmalaya,2024-04-13,2029-04-13,6,Sendy,2979,84447100,baru,27 February 2024,17 March 2024,selesai,6 March 2024,lunas,23,2024,23 March 2024,,,23,13,8,17,62,0.00%,19,tercapai,2024,31000000,31000000,0%,salma
31 January 2024,NULL,salma,4,R06461,SGN004,"Jalan Sukowati, Kelurahan Gemolong, Kecamatan Gemolong, Kabupaten Sragen, Jawa Tengah",-7.397111,110.827545,8.5,done,1,0,31 January 2024,10 June 2024,22500000,30000000,27000000,27000000,4,salma,baru,81000000,Kab. Sragen,2024-08-10,2029-08-10,2,Sarjono,3064,93385600,baru,12 June 2024,1 July 2024,selesai,21 June 2024,lunas,131,2024,5 August 2024,,,131,2,9,45,187,0.00%,19,tercapai,2024,27000000,27000000,0%,salma
31 January 2024,NULL,salma,4,R06465,SGN001,"Jalan Gatot Subroto, Desa Kwangen, Kecamatan Gemolong, Kabupaten Sragen, Jawa Tengah",-7.395666,110.820351,11,done,1,0,31 January 2024,23 February 2024,17250000,23000000,21000000,21000000,4,salma,baru,63000000,Kab. Sragen,2024-03-23,2027-03-23,3,CV. Rizki Mitra Abadi,3068,94784000,baru,26 February 2024,16 March 2024,selesai,20 March 2024,lunas,23,2024,29 May 2024,,,23,2,23,70,119,0.00%,19,tidak tercapai,2024,21000000,21000000,0%,salma
6 February 2024,NULL,salma,4,R06527,BDG016,"Jl. Pungkur No.80, Pungkur, Kec. Regol, Kota Bandung",-6.927781,107.608536,13,done,1,0,6 February 2024,22 March 2024,56000000,80000000,60000000,60000000,4,salma,baru,180000000,Kota Bandung,2024-04-22,2029-04-22,6,Sendy,3130,97968500,baru,23 March 2024,11 April 2024,selesai,6 April 2024,lunas,45,2024,26 April 2024,,,45,0,14,20,80,0.00%,19,tercapai,2024,60000000,60000000,0%,salma
8 February 2024,NULL,salma,4,R06533,KNG013,"Jl. Raya Bandorasa, Bandorasa Wetan, Kec. Cilimus, Kabupaten Kuningan",-6.889691,108.493355,20,done,1,0,8 February 2024,12 March 2024,26250000,35000000,23000000,23000000,4,salma,baru,69000000,Kab. Kuningan,2024-05-12,2029-05-12,6,Sendy,3136,98998600,baru,14 March 2024,2 April 2024,selesai,25 March 2024,lunas,33,2024,5 April 2024,,,33,1,11,11,57,0.00%,19,tercapai,2024,23000000,23000000,0%,salma
9 February 2024,NULL,Djadjang,2,R06542,SRP001,Jl Puputan,-8.546087,115.402893,27,done,1,0,9 February 2024,20 February 2024,37500000,50000000,35000000,35000000,9,Sinta,baru,105000000,Kab. Klungkung,2024-04-20,2029-04-20,6,Sendy,3145,100689600,baru,22 February 2024,12 March 2024,selesai,16 March 2024,lunas,11,2024,23 March 2024,,,11,2,23,7,43,0.00%,19,tidak tercapai,2024,35000000,35000000,0%,Sinta
13 February 2024,NULL,salma,4,R06568,SBR038,"Jl. Nyimas Endang Geulis, Jemaras Lor, Kec. Klangenan, Kabupaten Cirebon",-6.676015,108.452019,4,done,1,0,13 February 2024,16 March 2024,22500000,30000000,20000000,20000000,4,salma,baru,60000000,Kab. Cirebon,2024-05-16,2029-05-16,2,Sarjono,3171,110557276,baru,20 March 2024,8 April 2024,selesai,2 April 2024,lunas,32,2024,26 April 2024,,,32,3,13,24,73,0.00%,19,tercapai,2024,20000000,20000000,0%,salma
13 February 2024,NULL,Djadjang,2,R06571,SKB005,Otto Iskandar,-6.930549,106.932587,8,done,1,0,13 February 2024,9 March 2024,33750000,45000000,37000000,37000000,9,Sinta,baru,111000000,Kota Sukabumi,2024-05-09,2029-05-09,2,Sarjono,3174,98755600,baru,13 March 2024,1 April 2024,selesai,28 March 2024,lunas,25,2024,5 April 2024,,,25,3,15,8,52,0.00%,19,tercapai,2024,37000000,37000000,0%,Sinta
15 February 2024,NULL,salma,4,R06578,CLP007,"Jl. Diponegoro, Lebaksari, Sindangsari, Kec. Majenang, Kabupaten Cilacap",-7.299047,108.765518,10,done,1,0,15 February 2024,13 March 2024,22500000,30000000,30000000,30000000,4,salma,baru,90000000,Kab. Cilacap,2024-03-27,2029-03-27,5,Edwin,3181,96995300,baru,16 March 2024,4 April 2024,selesai,2 April 2024,lunas,27,2024,18 April 2024,,,27,2,17,16,63,0.00%,19,tercapai,2024,30000000,30000000,0%,salma
15 February 2024,NULL,salma,4,R06585,SBR037,"Jl. Fatahillah, Watubelah, Kec. Sumber, Kabupaten Cirebon",-6.740758,108.493797,15,done,1,0,15 February 2024,14 March 2024,37500000,50000000,38000000,38000000,4,salma,baru,105000000,Kab. Cirebon,2024-04-14,2029-04-14,4,Trimo,3188,99196550,baru,16 March 2024,4 April 2024,selesai,1 April 2024,lunas,28,2024,22 April 2024,,,28,2,16,21,67,0.00%,19,tercapai,2024,38000000,38000000,0%,salma
22 February 2024,NULL,Djadjang,2,R06630,PDR003,"Jalan Kidang Penanjung Rt 03 Rw 01, Desa Pangandaran, Kecamatan Pangandaran, Kabupaten Pangandaran, Jawa Barat",-7.700743,108.657715,15,done,1,0,22 February 2024,24 April 2024,33750000,45000000,40000000,40000000,9,Sinta,baru,120000000,Kab. Pangandaran,2024-06-24,2029-06-24,3,CV. Rizki Mitra Abadi,3233,100746600,baru,26 April 2024,15 May 2024,selesai,16 May 2024,lunas,62,2024,20 May 2024,,,62,1,20,4,88,0.00%,19,tidak tercapai,2024,40000000,40000000,0%,Sinta
22 February 2024,NULL,salma,4,R06634,CJR012,"Jl. Siliwangi Kel No.86, RT.01/RW.03, Sawah Gede, Kec. Cianjur, Kabupaten Cianjur",-6.83049,107.134888,5,done,1,0,22 February 2024,8 March 2024,37500000,50000000,50000000,50000000,4,salma,baru,150000000,Kab. Cianjur,2024-05-08,2029-05-08,3,CV. Rizki Mitra Abadi,3237,106498975,baru,15 March 2024,3 April 2024,selesai,4 April 2024,lunas,15,2024,27 April 2024,,,15,6,20,23,65,0.00%,19,tidak tercapai,2024,50000000,50000000,0%,salma
22 February 2024,NULL,Djadjang,2,R06639,PDR002,"Jalan Raya Padaherang, Desa Karangpawitan, Kecamatan Padaherang, Kabupaten Pangandaran, Jawa Barat ",-7.544074,108.693176,10,done,1,0,23 February 2024,25 March 2024,37500000,50000000,42000000,42000000,9,Sinta,baru,126000000,Kab. Pangandaran,2024-05-25,2029-05-25,4,Trimo,3242,100432750,baru,27 March 2024,15 April 2024,selesai,6 April 2024,lunas,31,2024,8 May 2024,,,31,1,10,32,76,0.00%,19,tercapai,2024,42000000,42000000,0%,Sinta
23 February 2024,NULL,Djadjang,2,R06645,CMS005,"Jalan Raya Banjarsari, Desa Banjarsari, Kecamatan Banjarsari, Kabupaten Ciamis, Jawa Barat",-7.489315,108.616844,6.3,done,1,0,23 February 2024,23 April 2024,41250000,55000000,45000000,45000000,9,Sinta,baru,135000000,Kab. Ciamis,2024-06-23,2029-06-23,3,CV. Rizki Mitra Abadi,3248,100351100,baru,26 April 2024,15 May 2024,selesai,18 May 2024,lunas,60,2024,21 May 2024,,,60,2,22,3,88,0.00%,19,tidak tercapai,2024,45000000,45000000,0%,Sinta
27 February 2024,NULL,salma,4,R06670,CKR031,"Jalan Tarumajaya Raya, Desa Pahlawan Setia, Kecamatan Tarumajaya, Kabupaten Bekasi, Jawa Barat",-6.126411,106.991478,16,done,1,0,27 February 2024,30 April 2024,30750000,41000000,40000000,40000000,4,salma,baru,120000000,Kab. Bekasi,2024-06-30,2029-06-30,5,Edwin,3273,101375200,baru,2 May 2024,21 May 2024,selesai,15 May 2024,lunas,63,2024,18 May 2024,,,63,1,13,3,81,0.00%,19,tercapai,2024,40000000,40000000,0%,salma
27 February 2024,NULL,salma,4,R06671,CMS004,"Jl. Ciptomangunkusumo No.27, Ciamis, Kec. Ciamis, Kabupaten Ciamis",-7.333372,108.353958,10,done,1,0,27 February 2024,7 March 2024,26250000,35000000,30000000,30000000,4,salma,baru,90000000,Kab. Ciamis,2024-05-07,2029-05-07,4,Trimo,3274,108541700,baru,13 March 2024,1 April 2024,selesai,23 March 2024,lunas,9,2024,17 April 2024,,,9,5,10,25,50,0.00%,19,tercapai,2024,30000000,30000000,0%,salma
28 February 2024,NULL,salma,4,R06679,SGN002,"Dusun II, Karang Malang, Kec. Masaran, Kabupaten Sragen",-7.490316,110.920746,8,done,1,0,28 February 2024,15 March 2024,11250000,15000000,10000000,10000000,4,salma,baru,30000000,Kab. Sragen,2024-05-15,2029-05-15,3,CV. Rizki Mitra Abadi,3282,93616200,baru,17 March 2024,5 April 2024,selesai,6 April 2024,lunas,16,2024,6 June 2024,,,16,1,20,61,99,0.00%,19,tidak tercapai,2024,10000000,10000000,0%,salma
29 February 2024,NULL,Djadjang,2,R06688,KNG014,Jl RE Martadinata,-6.971777,108.517509,6,done,1,0,29 February 2024,22 March 2024,15000000,20000000,18000000,18000000,9,Sinta,baru,54000000,Kab. Kuningan,2024-05-22,2029-05-22,6,Sendy,3291,83647650,baru,24 March 2024,12 April 2024,selesai,4 April 2024,lunas,22,2024,26 April 2024,,,22,1,11,22,57,0.00%,19,tercapai,2024,18000000,18000000,0%,Sinta
29 February 2024,NULL,Djadjang,2,R06694,CBN009,Jl Kali Tanjung,-6.746136,108.538818,11,done,1,0,1 March 2024,21 March 2024,18750000,25000000,25000000,25000000,9,Sinta,baru,75000000,Kota Cirebon,2024-05-21,2027-05-21,2,Sarjono,3297,100511130,baru,22 March 2024,10 April 2024,selesai,2 April 2024,lunas,20,2024,27 April 2024,,,20,0,11,25,58,0.00%,19,tercapai,2024,25000000,25000000,0%,Sinta
4 March 2024,NULL,salma,4,R06701,SGN003,"Kebayanan 3, Masaran, Kec. Masaran, Kabupaten Sragen",-7.47013,110.930458,7.9,done,1,0,4 March 2024,18 March 2024,13125000,17500000,16000000,16000000,4,salma,baru,48000000,Kab. Sragen,2024-05-18,2029-05-18,3,CV. Rizki Mitra Abadi,3304,90682820,baru,21 March 2024,9 April 2024,selesai,15 April 2024,lunas,14,2024,25 June 2024,,,14,3,25,71,113,0.00%,19,tidak tercapai,2024,16000000,16000000,0%,salma
5 March 2024,NULL,Hanif,6,R06711,SRG020,"Jalan Raya Taktakan, Kelurahan Lontar Baru, Kecamatan Serang, Kota Serang, Banten",-6.115241,106.140694,4.2,done,1,0,6 March 2024,3 June 2024,19500000,26000000,35000000,35000000,9,Sinta,baru,105000000,Kota Serang,2024-06-17,2029-06-17,5,Edwin,3314,93402400,baru,4 June 2024,23 June 2024,selesai,19 June 2024,lunas,89,2024,22 June 2024,,,89,0,15,3,109,0.00%,19,tercapai,2024,35000000,35000000,0%,Sinta
6 March 2024,NULL,Djadjang,2,R06727,PTI003,"Jalan Raya Pati – Juwana, Kelurahan Kauman Kecamatan Juwana, Kabupaten Pati, Jawa Tengah.",-6.718796,111.144508,11,done,1,0,7 March 2024,8 April 2024,15000000,20000000,14000000,14000000,9,Sinta,baru,70000000,Kab. Pati,2024-05-08,2029-05-08,3,CV. Rizki Mitra Abadi,3330,98800350,baru,15 April 2024,4 May 2024,selesai,2 May 2024,lunas,32,2024,25 June 2024,,,32,6,17,54,111,0.00%,19,tercapai,2024,14000000,14000000,0%,Sinta
6 March 2024,NULL,Sinta,9,R06721,SBR041,"Jalan MT Haryono, Kelurahan Cipeujeuh Wetan, Kecamatan Lemahabang, Kabupaten Cirebon",-6.830363,108.624756,20,done,1,0,6 March 2024,3 May 2024,30000000,40000000,35000000,35000000,9,Sinta,baru,105000000,Kab. Cirebon,2024-07-03,2029-07-03,3,CV. Rizki Mitra Abadi,3324,93515600,baru,5 May 2024,24 May 2024,selesai,24 May 2024,lunas,58,2024,30 May 2024,,,58,1,19,6,85,0.00%,19,tidak tercapai,2024,35000000,35000000,0%,Sinta
6 March 2024,NULL,Djadjang,2,R06723,PTI002,Jl Sukolilo-babalan,-6.841322,111.010445,13,done,1,0,7 March 2024,26 March 2024,26250000,35000000,30000000,30000000,9,Sinta,baru,90000000,Kab. Pati,2024-05-26,2029-05-26,5,Edwin,3326,119238950,baru,29 March 2024,17 April 2024,selesai,22 April 2024,lunas,19,2024,20 June 2024,,,19,2,24,59,106,0.00%,19,tidak tercapai,2024,30000000,30000000,0%,Sinta
7 March 2024,NULL,salma,4,R06729,KJN005,"Jl. Ahmad Yani No.132, Gumawang Satu, Gumawang, Kec. Wiradesa, Kabupaten Pekalongan",-6.89171,109.617813,35,done,1,0,7 March 2024,17 April 2024,37500000,50000000,45000000,45000000,4,salma,baru,135000000,Kab. Pekalongan,2024-05-17,2029-05-17,2,Sarjono,3332,105789100,baru,18 April 2024,7 May 2024,selesai,3 May 2024,lunas,41,2024,13 May 2024,,,41,0,15,10,67,0.00%,19,tercapai,2024,45000000,45000000,0%,salma
8 March 2024,NULL,Hanif,6,R06743,SBR039,Pasar Pabuaran,-6.905742,108.720596,15,done,1,0,8 March 2024,1 April 2024,37500000,50000000,42000000,42000000,9,Sinta,baru,126000000,Kab. Cirebon,2024-06-01,2029-06-01,4,Trimo,3346,107594950,baru,3 April 2024,22 April 2024,selesai,25 April 2024,lunas,24,2024,30 April 2024,,,24,1,22,5,53,0.00%,19,tidak tercapai,2024,42000000,42000000,0%,Sinta
13 March 2024,NULL,Hanif,6,R06774,SKB006,"Jalan Raya Pelabuhan, Kelurahan Cipanengah, Kecamatan Lembursitu, Kota Sukabumi, Jawa Barat",-6.956448,106.905853,6,done,1,0,13 March 2024,3 April 2024,16500000,22000000,12500000,12500000,9,Sinta,baru,62500000,Kota Sukabumi,2024-06-03,2029-06-03,2,Sarjono,3377,88393600,baru,4 April 2024,23 April 2024,selesai,9 April 2024,lunas,21,2024,26 April 2024,,,21,0,5,17,44,0.00%,19,tercapai,2024,12500000,12500000,0%,Sinta
13 March 2024,NULL,salma,4,R06778,SBR040,"Jalan Fatahillah, Desa Weru Kidul, Kecamatan Weru, Kabupaten Cirebon, Jawa Barat",-6.706394,108.507256,20,done,1,0,13 March 2024,2 May 2024,26250000,35000000,30000000,30000000,4,salma,baru,90000000,Kab. Cirebon,2024-07-02,2029-07-02,3,CV. Rizki Mitra Abadi,3381,96277900,baru,5 May 2024,24 May 2024,selesai,28 May 2024,lunas,50,2024,3 June 2024,,,50,2,23,6,82,0.00%,19,tidak tercapai,2024,30000000,30000000,0%,salma
15 March 2024,NULL,Djadjang,2,R06802,CBN010,Jl Pramuka,-6.761737,108.545578,17,done,1,0,15 March 2024,27 March 2024,33750000,45000000,30000000,30000000,9,Sinta,baru,90000000,Kota Cirebon,2024-04-03,2027-04-03,2,Sarjono,3405,101106600,baru,28 April 2024,17 May 2024,selesai,8 April 2024,lunas,12,2024,6 May 2024,,,12,32,-20,28,52,0.00%,19,tercapai,2024,30000000,30000000,0%,Sinta
15 March 2024,NULL,salma,4,R06807,MKD004,"Jalan Pramudya Wardani, Desa Borobudur, Kecamatan Borobudur, Kabupaten Magelang, Jawa Tengah ",-7.603281,110.211006,14,done,1,0,15 March 2024,24 April 2024,37500000,50000000,50000000,50000000,4,salma,baru,150000000,Kab. Magelang,2024-06-24,2029-06-24,5,Edwin,3410,99329000,baru,26 April 2024,15 May 2024,selesai,10 May 2024,lunas,40,2024,15 May 2024,,,40,2,14,5,61,0.00%,19,tercapai,2024,50000000,50000000,0%,salma
19 March 2024,NULL,Djadjang,2,R06823,GRT021,"Jalan Guntur No 141, Desa Sukamentri, Kecamatan Garut Kota, Kabupaten Garut, Jawa Barat",-7.211822,107.907745,30,done,1,0,20 March 2024,27 April 2024,52500000,75000000,55000000,55000000,9,Sinta,baru,165000000,Kab. Garut,2024-06-27,2029-06-27,2,Sarjono,3426,99460100,baru,30 April 2024,19 May 2024,selesai,13 May 2024,lunas,38,2024,18 May 2024,,,38,2,13,5,60,0.00%,19,tercapai,2024,55000000,55000000,0%,Sinta
20 March 2024,NULL,Hanif,6,R06834,CKR030,"Jalan Raya Babelan Rt 015 Rw 003, Desa Babelan Kota, Kecamatan Babelan, Kabupaten Bekasi, Jawa Barat",-6.161253,107.041245,10,done,1,0,20 March 2024,5 April 2024,12000000,16000000,24000000,24000000,9,Sinta,baru,72000000,Kab. Bekasi,2024-06-05,2029-06-05,6,Sendy,3437,99854750,baru,18 April 2024,7 May 2024,selesai,10 May 2024,lunas,16,2024,15 May 2024,,,16,12,22,5,56,0.00%,19,tidak tercapai,2024,24000000,24000000,0%,Sinta
20 March 2024,NULL,Djadjang,2,R06838,SBM013,"Jalan Pelabuhan II Km 12, Desa Sirnaresmi, Kecamatan Gunungguruh, Kabupaten Sukabumi, Jawa Barat",-6.977019,106.849403,8,done,1,0,20 March 2024,11 May 2024,28500000,38000000,35000000,35000000,9,Sinta,baru,105000000,Kab. Sukabumi,2024-07-11,2029-07-11,4,Trimo,3441,99242750,baru,13 May 2024,1 June 2024,selesai,28 May 2024,lunas,52,2024,6 June 2024,,,52,2,15,9,78,0.00%,19,tercapai,2024,35000000,35000000,0%,Sinta
20 March 2024,NULL,salma,4,R06841,SOR040,"Jalan Nanjung, Desa Margaasih, Kecamatan Margaasih, Kabupaten Bandung, Jawa Barat",-6.929534,107.541,21,done,1,0,20 March 2024,27 May 2024,41250000,55000000,40000000,40000000,4,salma,baru,120000000,Kab. Bandung,2024-07-27,2029-07-27,5,Edwin,3444,100294700,baru,28 May 2024,16 June 2024,selesai,10 June 2024,lunas,68,2024,18 June 2024,,,68,0,13,8,90,0.00%,19,tercapai,2024,40000000,40000000,0%,salma
21 March 2024,NULL,salma,4,R06846,SOR039,"Jalan Terusan Kopo 188, Desa Margahayu Selatan, Kecamatan Margahayu, Kabupaten Bandung, Jawa Barat ",-6.980609,107.561829,16,done,1,0,21 March 2024,30 April 2024,42000000,60000000,50000000,50000000,4,salma,baru,150000000,Kab. Bandung,2024-06-30,2029-06-30,6,Sendy,3449,96052000,baru,3 May 2024,22 May 2024,selesai,16 May 2024,lunas,40,2024,20 May 2024,,,40,3,13,4,60,0.00%,19,tercapai,2024,50000000,50000000,0%,salma
25 March 2024,NULL,salma,4,R06870,CKR032,"Jalan Wr Supratman, Desa Telajung, Kecamatan Cikarang Barat, Kabupaten Bekasi, Jawa Barat",-6.335709,107.04541,16.5,done,1,0,25 March 2024,10 May 2024,49000000,70000000,55000000,55000000,4,salma,baru,165000000,Kab. Bekasi,2024-07-10,2029-07-10,6,Sendy,3473,100605800,baru,13 May 2024,1 June 2024,selesai,29 May 2024,lunas,46,2024,4 June 2024,,,46,3,16,6,71,0.00%,19,tercapai,2024,55000000,55000000,0%,salma
26 March 2024,NULL,Hanif,6,R06874,CLG005,"Jalan Letjen R Suprapto No 30, Kelurahan Ramanuju, Kecamatan, Purwakarta, Kota Cilegon, Banten",-6.011373,106.04052,16,done,1,0,26 March 2024,29 April 2024,33750000,45000000,30000000,30000000,9,Sinta,baru,90000000,Kota Cilegon,2024-06-29,2029-06-29,2,Sarjono,3477,99936600,baru,2 May 2024,21 May 2024,selesai,14 May 2024,lunas,34,2024,20 May 2024,,,34,2,12,6,55,0.00%,19,tercapai,2024,30000000,30000000,0%,Sinta
26 March 2024,NULL,Djadjang,2,R06890,KWG044,"Jalan Raya Cilamaya, Desa Tegal Waru, Kecamatan Cilamaya Wetan, Kabupaten Karawang, Jawa Barat",-6.26862,107.569054,6,done,1,0,27 March 2024,22 April 2024,15000000,20000000,12000000,12000000,9,Sinta,baru,60000000,Kab. Karawang,2024-06-22,2029-06-22,4,Trimo,3493,118226668,baru,25 April 2024,14 May 2024,selesai,13 May 2024,lunas,26,2024,15 May 2024,,,26,2,18,2,50,0.00%,19,tercapai,2024,12000000,12000000,0%,Sinta
26 March 2024,NULL,Djadjang,2,R06891,KWG046,"Jalan Raya Cilamaya, Desa Jatibaru, Kecamatan Jatisari, Kabupaten Karawang, Jawa Barat",-6.347116,107.546432,19,done,1,0,27 March 2024,26 April 2024,19500000,26000000,17000000,17000000,9,Sinta,baru,51000000,Kab. Karawang,2024-06-26,2029-06-26,6,Sendy,3494,91021000,baru,28 April 2024,17 May 2024,selesai,13 May 2024,lunas,30,2024,20 May 2024,,,30,1,15,7,55,0.00%,19,tercapai,2024,17000000,17000000,0%,Sinta
27 March 2024,NULL,Djadjang,2,R06900,PWK016,"Jalan Ipik Gandamanah, Kelurahan Tegal Munjul, Kecamatan Purwakarta, Kabupaten Purwakarta, Jawa Barat",-6.540659,107.450768,8,done,1,0,28 March 2024,3 May 2024,22500000,30000000,26000000,26000000,9,Sinta,baru,78000000,Kab. Purwakarta,2024-07-03,2029-07-03,5,Edwin,3503,78853400,baru,7 May 2024,26 May 2024,selesai,21 May 2024,lunas,36,2024,30 May 2024,,,36,3,14,9,64,0.00%,19,tercapai,2024,26000000,26000000,0%,Sinta
1 April 2024,NULL,Sinta,9,R06908,MJL016,"Jalan Ahmad Yani Rt 003 Rw 01, Desa Talaga Wetan, Kecamatan Talaga, Kabupaten Majalengka, Jawa Barat",-6.984904,108.31102,23,done,1,0,1 April 2024,4 May 2024,37500000,50000000,40000000,40000000,9,Sinta,baru,120000000,Kab. Majalengka,2024-07-04,2029-07-04,6,Sendy,3511,93292000,baru,6 May 2024,25 May 2024,selesai,21 May 2024,lunas,33,2024,3 June 2024,,,33,1,15,13,63,0.00%,19,tercapai,2024,40000000,40000000,0%,Sinta
5 April 2024,NULL,salma,4,R06940,KWG048,"Jalan Raya Rengasdengklok, Desa Amansari, Kecamatan Rengasdengklok, Kabupaten Karawang, Jawa Barat",-6.172851,107.297318,10,done,1,0,5 April 2024,15 May 2024,18750000,25000000,20000000,20000000,4,salma,baru,100000000,Kab. Karawang,2024-07-15,2029-07-15,6,Sendy,3543,90294600,baru,17 May 2024,5 June 2024,selesai,29 May 2024,lunas,40,2024,7 June 2024,,,40,1,12,9,63,0.00%,19,tercapai,2024,20000000,20000000,0%,salma
5 April 2024,NULL,salma,4,R06942,KWG045,"Jalan Proklamasi, Kelurahan Tunggakjati, Kecamatan Karawang Barat, Kabupaten Karawang, Jawa Barat",-6.259207,107.278198,20,done,1,0,5 April 2024,25 April 2024,11250000,15000000,32000000,32000000,4,salma,baru,96000000,Kab. Karawang,2024-06-25,2029-06-25,4,Trimo,3545,107834700,baru,27 April 2024,16 May 2024,selesai,13 May 2024,lunas,20,2024,18 May 2024,,,20,1,16,5,43,0.00%,19,tercapai,2024,32000000,32000000,0%,salma
16 April 2024,NULL,Djadjang,2,R06956,DPK046,"Jalan Tole Iskandar, Kelurahan Sukmajaya, Kecamatan Sukmajaya, Kota Depok, Jawa Barat",-6.403888,106.838722,7,done,1,0,17 April 2024,6 May 2024,41250000,55000000,47000000,47000000,9,Sinta,baru,141000000,Kota Depok,2024-07-15,2029-07-15,2,Sarjono,3559,94640600,baru,13 May 2024,1 June 2024,selesai,25 May 2024,lunas,19,2024,30 May 2024,,,19,6,12,5,44,0.00%,19,tercapai,2024,47000000,47000000,0%,Sinta
19 April 2024,NULL,Djadjang,2,R06982,KWG049,"Jalan Perum Bumi Mutiara Indah, Desa Dawuan Tengah, Kecamatan Cikampek, Kabupaten Karawang, Jawa Barat",-6.392232,107.439796,10,done,1,0,20 April 2024,20 May 2024,26250000,35000000,30000000,30000000,9,Sinta,baru,90000000,Kab. Karawang,2024-07-20,2029-07-20,6,Sendy,3585,86701800,baru,21 May 2024,9 June 2024,selesai,3 June 2024,lunas,30,2024,11 June 2024,,,30,0,13,8,53,0.00%,19,tercapai,2024,30000000,30000000,0%,Sinta
19 April 2024,NULL,Djadjang,2,R06983,KWG047,"Jalan Citra Kebun Mas, Desa Kondang Jaya, Kecamatan Karawang Timur, Kabupaten Karawang, Jawa Barat",-6.335605,107.342911,12,done,1,0,20 April 2024,8 May 2024,26250000,35000000,30000000,30000000,9,Sinta,baru,90000000,Kab. Karawang,2024-06-08,2029-06-08,4,Trimo,3586,99362000,baru,11 May 2024,30 May 2024,selesai,25 May 2024,lunas,18,2024,3 June 2024,,,18,2,14,9,45,0.00%,19,tercapai,2024,30000000,30000000,0%,Sinta
19 April 2024,NULL,Hanif,6,R06971,SKB007,"Jalan Lettu Bakri, Kelurahan Benteng, Kecamatan Warudoyong, Kota Sukabumi, Jawa Barat",-6.921555,106.922249,15,done,1,0,19 April 2024,21 May 2024,52500000,75000000,50000000,50000000,9,Sinta,baru,150000000,Kota Sukabumi,2024-07-21,2029-07-21,4,Trimo,3574,103018750,baru,25 May 2024,13 June 2024,selesai,12 June 2024,lunas,32,2024,18 June 2024,,,32,3,18,6,60,0.00%,19,tercapai,2024,50000000,50000000,0%,Sinta
20 April 2024,NULL,salma,4,R06988,GRT022,"Jalan Raya Pameungpeuk, Desa Paas, Kecamatan Pameungpeuk, Kabupaten Garut, Jawa Barat",-7.640892,107.732765,8,done,1,0,20 April 2024,16 May 2024,22500000,30000000,25000000,25000000,4,salma,baru,75000000,Kab. Garut,2024-07-16,2029-07-16,3,CV. Rizki Mitra Abadi,3591,101606100,baru,17 May 2024,5 June 2024,selesai,4 June 2024,lunas,26,2024,11 June 2024,,,26,0,18,7,52,0.00%,19,tercapai,2024,25000000,25000000,0%,salma
20 April 2024,NULL,Djadjang,2,R06989,SNG020,"Jalan Raya Pabuaran, Desa Pabuaran, Kecamatan Pabuaran, Kabupaten Subang, Jawa Barat",-6.41116,107.585892,20,done,1,0,20 April 2024,2 May 2024,30000000,40000000,31500000,31500000,9,Sinta,baru,94500000,Kab. Subang,2024-06-02,2029-06-02,5,Edwin,3592,95905450,baru,4 May 2024,23 May 2024,selesai,17 May 2024,lunas,12,2024,3 June 2024,,,12,1,13,17,44,0.00%,19,tercapai,2024,31500000,31500000,0%,Sinta
22 April 2024,NULL,Sinta,9,R06998,BKS057,"Jl. Raya Kodau Bekasi, Jawa Barat",-6.288298,106.941162,7.5,done,1,0,22 April 2024,20 May 2024,42000000,60000000,40000000,40000000,9,Sinta,baru,120000000,Kab. Bekasi,2024-07-20,2029-07-20,6,Sendy,3601,124246800,baru,21 May 2024,9 June 2024,selesai,18 June 2024,lunas,28,2024,21 June 2024,,,28,0,28,3,60,0.00%,19,tidak tercapai,2024,40000000,40000000,0%,Sinta
22 April 2024,NULL,salma,4,R07001,GRT027,"Jalan Raya Cibodas Rt 03 Rw 07, Desa Cibodas, Kecamatan Cikajang, Kabupaten Garut, Jawa Barat ",-7.366208,107.815399,10,done,1,0,22 April 2024,14 June 2024,22500000,30000000,28000000,28000000,4,salma,baru,84000000,Kab. Garut,2024-08-14,2029-08-14,5,Edwin,3604,99334950,baru,15 June 2024,4 July 2024,selesai,3 July 2024,lunas,53,2024,6 July 2024,,,53,1,18,3,75,0.00%,19,tercapai,2024,28000000,28000000,0%,salma
24 April 2024,NULL,Sinta,9,R07007,TGR046,"Jalan Raya Cadas, Kelurahan Kutabumi, Kecamatan Pasarkemis, Kabupaten Tangerang, Banten",-6.147013,106.568871,7,done,1,0,24 April 2024,28 May 2024,18750000,25000000,20000000,20000000,9,Sinta,baru,100000000,Kab. Tangerang,2024-07-28,2029-07-28,2,Sarjono,3610,93906100,baru,30 May 2024,18 June 2024,selesai,10 June 2024,lunas,34,2024,19 June 2024,,,34,1,11,9,56,0.00%,19,tercapai,2024,20000000,20000000,0%,Sinta
24 April 2024,NULL,salma,4,R07014,SBR042,"Jalan Ki Hajardewantoro, Desa Jungjang, Kecamatan Arjawinangun, Kabupaten Cirebon, Jawa Barat",-6.648857,108.409378,10,done,1,0,24 April 2024,18 May 2024,30000000,40000000,33000000,33000000,4,salma,baru,99000000,Kab. Cirebon,2024-06-18,2029-06-18,3,CV. Rizki Mitra Abadi,3617,88594775,baru,21 May 2024,9 June 2024,selesai,11 June 2024,lunas,24,2024,20 June 2024,,,24,2,21,9,57,0.00%,19,tidak tercapai,2024,33000000,33000000,0%,salma
25 April 2024,NULL,Hanif,6,R07016,SBM015,"Jalan Raya Palabuhan Ratu, Desa Warungkiara, Kecamatan Warungkiara, Kabupaten Sukabumi, Jawa Barat",-6.9786,106.717285,17,done,1,0,25 April 2024,28 May 2024,15000000,20000000,15000000,15000000,9,Sinta,baru,60000000,Kab. Sukabumi,2024-07-28,2029-07-28,4,Trimo,3619,95229800,baru,30 May 2024,18 June 2024,selesai,18 June 2024,lunas,33,2024,22 June 2024,,,33,1,19,4,58,0.00%,19,tidak tercapai,2024,15000000,15000000,0%,Sinta
25 April 2024,NULL,Sinta,9,R07018,SRG019,"Jalan Raya Ciomas, Desa Sukabares, Kecamatan Ciomas, Kabupaten Serang, Banten",-6.22009,106.042168,24,done,1,0,25 April 2024,13 May 2024,22500000,30000000,20000000,20000000,9,Sinta,baru,60000000,Kab. Serang,2024-07-13,2029-07-13,3,CV. Rizki Mitra Abadi,3621,98571700,baru,16 May 2024,4 June 2024,selesai,7 June 2024,lunas,18,2024,14 June 2024,,,18,2,22,7,50,0.00%,19,tidak tercapai,2024,20000000,20000000,0%,Sinta
25 April 2024,NULL,Hanif,6,R07021,SBM014,"Jalan Raya Cidolog, Desa Pasanggrahan, Kecamatan Sagaranten, Kabupaten Sukabumi, Jawa Barat",-7.219235,106.882835,8.5,done,1,0,25 April 2024,13 May 2024,22500000,30000000,25000000,25000000,9,Sinta,baru,72000000,Kab. Sukabumi,2024-06-13,2029-06-13,4,Trimo,3624,102898050,baru,16 May 2024,4 June 2024,selesai,5 June 2024,lunas,18,2024,11 June 2024,,,18,2,20,6,47,0.00%,19,tidak tercapai,2024,25000000,25000000,0%,Sinta
25 April 2024,NULL,Djadjang,2,R07024,GRT023,"Jalan Raya Pasar Lama, Desa Padasuka, Kecamatan Cikajang, Kabupaten Garut, Jawa Barat",-7.356496,107.805206,16,done,1,0,25 April 2024,22 May 2024,33750000,45000000,42000000,42000000,9,Sinta,baru,126000000,Kab. Garut,2024-07-22,2029-07-22,2,Sarjono,3627,99193900,baru,26 May 2024,14 June 2024,selesai,4 June 2024,lunas,27,2024,14 June 2024,,,27,3,9,10,50,0.00%,19,tercapai,2024,42000000,42000000,0%,Sinta
27 April 2024,NULL,salma,4,R07041,CLG007,"Jalan Pangeran Jayakarta, Kelurahan Masigit, Kecamatan Jombang, Kota Cilegon, Banten",-6.009825,106.046661,7,done,1,0,27 April 2024,21 May 2024,24000000,32000000,30000000,30000000,4,salma,baru,90000000,Kota Cilegon,2024-07-21,2029-07-21,5,Edwin,3644,98815250,baru,22 May 2024,10 June 2024,selesai,3 June 2024,lunas,24,2024,11 June 2024,,,24,0,12,8,45,0.00%,19,tercapai,2024,30000000,30000000,0%,salma
30 April 2024,NULL,salma,4,R07052,CLG006,"Jalan Bukit Baja Sejahtera, Kelurahan Ciwaduk, Kecamatan Cilegon, Kota Cilegon, Banten",-6.029203,106.043518,12.5,NULL,1,0,30 April 2024,20 May 2024,30000000,40000000,30000000,30000000,4,salma,baru,150000000,Kota Cilegon,2024-07-20,2029-07-20,5,Edwin,3655,100379400,baru,22 May 2024,10 June 2024,selesai,3 June 2024,lunas,20,2024,11 June 2024,,,20,1,12,8,42,0.00%,19,tercapai,2024,30000000,30000000,0%,salma
2 May 2024,NULL,Hanif,6,R07058,DPK047,"Jalan Raya Cinangka, Kelurahan Kedaung, Kecamatan Sawangan, Kota Depok",-6.368142,106.745407,8,done,1,0,3 May 2024,28 May 2024,18000000,24000000,17000000,17000000,9,Sinta,baru,51000000,Kota Depok,2024-07-28,2029-07-28,2,Sarjono,3661,84479100,baru,29 May 2024,17 June 2024,selesai,18 June 2024,lunas,25,2024,21 June 2024,,,25,0,20,3,50,0.00%,19,tidak tercapai,2024,17000000,17000000,0%,Sinta
4 May 2024,NULL,Djadjang,2,R07092,IDM017,"Jalan Jendral Sudirman, Desa Karanganyar, Kecamatan Indramayu, Kabupaten Indramayu, Jawa Barat",-6.336261,108.334854,4.5,done,1,0,6 May 2024,19 June 2024,41250000,55000000,40000000,40000000,9,Sinta,baru,120000000,Kab. Indramayu,2024-08-19,2029-08-19,3,CV. Rizki Mitra Abadi,3695,82522850,baru,24 June 2024,13 July 2024,selesai,9 July 2024,lunas,44,2024,11 July 2024,,,44,4,15,2,68,0.00%,19,tercapai,2024,40000000,40000000,0%,Sinta
6 May 2024,NULL,Djadjang,2,R07115,KYB031,"Jalan RS Fatmawati No 20, Kelurahan Pondok Labu, Kecamatan Cilandak, Jakarta Selatan",-6.311287,106.793633,12,done,1,0,7 May 2024,27 May 2024,37500000,50000000,38000000,38000000,9,Sinta,baru,114000000,Kota Jakarta Selatan,2024-07-27,2029-07-27,3,CV. Rizki Mitra Abadi,3718,92211350,baru,30 May 2024,18 June 2024,selesai,24 June 2024,lunas,20,2024,28 June 2024,,,20,2,25,4,53,0.00%,19,tidak tercapai,2024,38000000,38000000,0%,Sinta
7 May 2024,NULL,salma,4,R07128,SRG021,"Jalan Samaun Bakri, Kelurahan Lopang, Kecamatan Serang, Kota Serang, Banten",-6.107884,106.159889,12,done,1,0,7 May 2024,15 June 2024,22500000,30000000,30000000,30000000,4,salma,baru,90000000,Kota Serang,2024-08-15,2029-08-15,2,Sarjono,3731,94699600,baru,18 June 2024,7 July 2024,selesai,27 June 2024,lunas,39,2024,5 July 2024,,,39,2,9,8,59,0.00%,19,tercapai,2024,30000000,30000000,0%,salma
8 May 2024,NULL,Gita,11,R07130,CBI058,"Jalan Pasar Jagong, Kelurahan Klapanunggal, Kecamatan Klapanunggal, Kabupaten Bogor, Jawa  Barat ",-6.45047,106.951637,11,done,1,0,8 May 2024,8 June 2024,18000000,22000000,22000000,22000000,11,Gita,baru,66000000,Kab. Bogor,2024-07-08,2029-07-08,4,Trimo,3733,89644000,baru,25 June 2024,14 July 2024,selesai,11 July 2024,lunas,31,2024,17 July 2024,,,31,17,16,6,70,0.00%,19,tercapai,2024,22000000,22000000,0%,Gita
9 May 2024,NULL,salma,4,R07148,SRG022,"Jalan Raya Pandeglang, Kelurahan Cipare, Kecamatan Serang, Kota Serang, Banten",-6.13169,106.160873,8,done,1,0,9 May 2024,25 June 2024,11250000,15000000,13000000,13000000,4,salma,baru,65000000,Kota Serang,2024-08-25,2029-08-25,6,Sendy,3751,82317000,baru,27 June 2024,16 July 2024,selesai,13 July 2024,lunas,47,2024,17 July 2024,,,47,1,16,4,69,0.00%,19,tercapai,2024,13000000,13000000,0%,salma
10 May 2024,NULL,Hanif,6,R07156,TGR045,"Jalan Perum Villa Permata, Desa Kutajaya, Kecamatan Pasarkemis, Kabupaten Tangerang, Banten",-6.162886,106.574471,18,done,1,0,10 May 2024,25 May 2024,45500000,65000000,50000000,50000000,9,Sinta,baru,150000000,Kab. Tangerang,2024-07-25,2029-07-25,2,Sarjono,3759,95170600,baru,28 May 2024,16 June 2024,selesai,5 June 2024,lunas,15,2024,12 June 2024,,,15,3,8,7,33,0.00%,19,tercapai,2024,50000000,50000000,0%,Sinta
10 May 2024,NULL,Djadjang,2,R07157,KWG051,"Jalan Pangkalan Pasar Kaligandu, Desa Wanajaya, Kecamatan Telukjambe Barat, Kabupaten Karawang, Jawa Barat",-6.386898,107.224876,20,done,1,0,11 May 2024,29 May 2024,37500000,50000000,40000000,40000000,9,Sinta,baru,114000000,Kab. Karawang,2024-07-29,2029-07-29,6,Sendy,3760,91215000,baru,31 May 2024,19 June 2024,selesai,18 June 2024,lunas,18,2024,22 June 2024,,,18,1,18,4,43,0.00%,19,tercapai,2024,40000000,40000000,0%,Sinta
11 May 2024,NULL,Djadjang,2,R07158,KWG050,"Jalan Raya Pangkalan, Desa Karangligar, Kecamatan Telukjambe Barat, Kabupaten Karawang, Jawa Barat",-6.341098,107.251625,11,done,1,0,13 May 2024,27 May 2024,22500000,30000000,25000000,25000000,9,Sinta,baru,75000000,Kab. Karawang,2024-07-27,2029-07-27,4,Trimo,3761,98984800,baru,28 May 2024,16 June 2024,selesai,20 June 2024,lunas,14,2024,22 June 2024,,,14,1,23,2,42,0.00%,19,tidak tercapai,2024,25000000,25000000,0%,Sinta
14 May 2024,NULL,salma,4,R07167,KYB034,"Jalan Srengseng Sawah, Kelurahan Srengseng Sawah, Kecamatan Jagakarsa, Kota Jakarta Selatan",-6.346217,106.825844,10,done,1,0,14 May 2024,1 July 2024,41250000,55000000,52000000,52000000,4,salma,baru,156000000,Kota Jakarta Selatan,2024-08-01,2029-08-01,4,Trimo,3770,93391200,baru,3 July 2024,22 July 2024,selesai,20 July 2024,lunas,48,2024,24 July 2024,,,48,1,17,4,71,0.00%,19,tercapai,2024,52000000,52000000,0%,salma
14 May 2024,NULL,salma,4,R07168,CKG049,"Jalan Pahlawan Revolusi No 6, Kelurahan Pondok Bambu, Kecamatan Duren Sawit, Jakarta Timur",-6.241618,106.90107,12,done,1,0,14 May 2024,7 June 2024,33750000,45000000,45000000,45000000,4,salma,baru,135000000,Kota Jakarta Timur,2024-07-07,2029-07-07,6,Sendy,3771,91958000,baru,14 June 2024,3 July 2024,selesai,1 July 2024,lunas,24,2024,6 July 2024,,,24,6,17,5,53,0.00%,19,tercapai,2024,45000000,45000000,0%,salma
16 May 2024,NULL,Djadjang,2,R07179,GRT024,"Jalan Cilauteureun, Desa Pameungpeuk, Kecamatan Pameungpeuk, Kabupaten Garut, Jawa Barat",-7.64452,107.722977,15,done,1,0,17 May 2024,31 May 2024,30000000,40000000,33000000,33000000,9,Sinta,baru,99000000,Kab. Garut,2024-07-31,2029-07-31,3,CV. Rizki Mitra Abadi,3782,100717600,baru,4 June 2024,23 June 2024,selesai,21 June 2024,lunas,14,2024,25 June 2024,,,14,3,17,4,40,0.00%,19,tercapai,2024,33000000,33000000,0%,Sinta
17 May 2024,NULL,Hanif,6,R07190,PDG009,"Jalan Jend Sudirman, Desa Labuan, Kecamatan Labuan, Kabupaten Pandeglang, Jawa Barat",-6.373344,105.825981,22,done,1,0,18 May 2024,4 June 2024,22500000,30000000,25000000,25000000,9,Sinta,baru,75000000,Kab. Pandeglang,2024-08-04,2029-08-04,5,Edwin,3793,104759950,baru,5 June 2024,24 June 2024,selesai,18 June 2024,lunas,17,2024,25 June 2024,,,17,0,13,7,39,0.00%,19,tercapai,2024,25000000,25000000,0%,Sinta
17 May 2024,NULL,Djadjang,2,R07194,GRT025,"Jalan Otista, Kelurahan Tarogong, Kecamatan Tarogong Kidul, Kabupaten Garut, Jawa Bara",-7.191917,107.886414,11,done,1,0,21 May 2024,6 June 2024,30000000,40000000,35000000,35000000,9,Sinta,baru,105000000,Kab. Garut,2024-07-06,2029-07-06,3,CV. Rizki Mitra Abadi,3797,91281100,baru,10 June 2024,29 June 2024,selesai,26 June 2024,lunas,16,2024,4 July 2024,,,16,3,16,8,48,0.00%,19,tercapai,2024,35000000,35000000,0%,Sinta
19 May 2024,NULL,Djadjang,2,R07197,KWG052,"Jalan Raya Kosambi, Desa Duren, Kecamatan Klari, Kabupaten Karawang, Jawa Barat",-6.370051,107.374931,6,done,1,0,21 May 2024,29 May 2024,30000000,40000000,35000000,35000000,9,Sinta,baru,105000000,Kab. Karawang,2024-07-29,2029-07-29,6,Sendy,3800,102170900,baru,31 May 2024,19 June 2024,selesai,19 June 2024,lunas,8,2024,24 June 2024,,,8,1,19,5,36,0.00%,19,tidak tercapai,2024,35000000,35000000,0%,Sinta
20 May 2024,NULL,Djadjang,2,R07204,BGR021,"Jalan Pahlawan, Kelurahan Empang, Kecamatan Bogor Selatan, Kota Bogor, Jawa Barat",-6.617062,106.805206,25,done,1,0,22 May 2024,22 June 2024,52500000,75000000,65000000,65000000,9,Sinta,baru,195000000,Kota Bogor,2024-08-22,2027-08-22,4,Trimo,3807,98053200,baru,23 June 2024,12 July 2024,selesai,15 July 2024,lunas,31,2024,17 July 2024,,,31,0,22,2,58,0.00%,19,tidak tercapai,2024,65000000,65000000,0%,Sinta
22 May 2024,NULL,Hanif,6,R07212,CKG050,"Jalan Pusdiklat Depnaker, Kelurahan Makasar, Kecamatan Makasar, Jakarta Timur",-6.284499,106.877357,10,done,1,0,24 May 2024,2 July 2024,37500000,50000000,42000000,42000000,9,Sinta,baru,126000000,Kota Jakarta Timur,2024-07-16,2029-07-16,4,Trimo,3815,107035200,baru,5 July 2024,24 July 2024,selesai,29 July 2024,lunas,39,2024,31 July 2024,,,39,2,24,2,70,0.00%,19,tidak tercapai,2024,42000000,42000000,0%,Sinta
23 May 2024,NULL,Djadjang,2,R07219,SBM017,"Jalan Raya Surade, Desa Surade, Kecamatan Surade, Kabupaten Sukabumi, Jawa Barat",-7.341719,106.563644,18,done,1,0,24 May 2024,13 June 2024,22500000,30000000,23000000,23000000,9,Sinta,baru,69000000,Kab. Sukabumi,2024-08-13,2029-08-13,4,Trimo,3822,98745250,baru,20 June 2024,9 July 2024,selesai,2 July 2024,lunas,20,2024,8 July 2024,,,20,6,12,6,46,0.00%,19,tercapai,2024,23000000,23000000,0%,Sinta
23 May 2024,NULL,Djadjang,2,R07221,SBM016,"Jalan Raya Jampang Kulon, Desa Jampangkulon, Kecamatan Jampangkulon, Kabupaten Sukabumi, Jawa Barat",-7.262222,106.62738,10,done,1,0,24 May 2024,4 June 2024,26250000,35000000,25000000,25000000,9,Sinta,baru,75000000,Kab. Sukabumi,2024-08-04,2029-08-04,6,Sendy,3824,95693500,baru,5 June 2024,24 June 2024,selesai,22 June 2024,lunas,11,2024,28 June 2024,,,11,0,17,6,36,0.00%,19,tercapai,2024,25000000,25000000,0%,Sinta
24 May 2024,NULL,Djadjang,2,R07228,CJR013,"Jalan Halteu Maleber, Desa Bojong, Kecamatan Karangtengah, Kabupaten Cianjur, Jawa Barat",-6.811644,107.170052,10,done,1,0,25 May 2024,5 June 2024,15000000,20000000,17000000,17000000,9,Sinta,baru,85000000,Kab. Cianjur,2024-06-19,2029-06-19,4,Trimo,3831,99356800,baru,6 June 2024,25 June 2024,selesai,26 June 2024,lunas,11,2024,28 June 2024,,,11,0,20,2,35,0.00%,19,tidak tercapai,2024,17000000,17000000,0%,Sinta
25 May 2024,NULL,Sinta,9,R07229,BBS009,"Jalan Raya P Diponegoro, Desa Jatisawit, Kecamatan Bumiayu, Kabupaten Brebes, Jawa Tengah",-7.263558,109.010986,8,done,1,0,25 May 2024,11 June 2024,22500000,30000000,23000000,23000000,9,Sinta,baru,69000000,Kab. Brebes,2024-08-11,2029-08-11,2,Sarjono,3832,95074100,baru,13 June 2024,2 July 2024,selesai,25 June 2024,lunas,17,2024,4 July 2024,,,17,1,12,9,40,0.00%,19,tercapai,2024,23000000,23000000,0%,Sinta
26 May 2024,NULL,salma,4,R07236,RKB008,"Jalan Multatuli, Kelurahan Muara Ciujung Barat, Kecamatan Rangkasbitung, Kabupaten Lebak, Banten",-6.350916,106.247894,11,done,1,0,26 May 2024,16 July 2024,20250000,27000000,27000000,27000000,4,salma,baru,81000000,Kab. Lebak,2024-09-16,2027-09-16,2,Sarjono,3839,88333850,baru,18 July 2024,6 August 2024,selesai,27 July 2024,lunas,51,2024,10 August 2024,,,51,1,9,14,76,0.00%,19,tercapai,2024,27000000,27000000,0%,salma
29 May 2024,NULL,salma,4,R07246,BKS058,"Jalan Cut Mutia, Kelurahan Margahayu, Kecamatan Bekasi Timur, Kota Bekasi, Jawa Barat",-6.25025,107.015266,8,done,1,0,29 May 2024,20 June 2024,26250000,35000000,32000000,32000000,4,salma,baru,96000000,Kota Bekasi,2024-08-27,2029-08-27,2,Sarjono,3849,89062100,baru,25 June 2024,14 July 2024,selesai,6 July 2024,lunas,22,2024,11 July 2024,,,22,4,11,5,43,0.00%,19,tercapai,2024,32000000,32000000,0%,salma
1 June 2024,NULL,Djadjang,2,R07276,GRT030,"Jalan Raya Cikandang, Desa Margamulya, Kecamatan Cikajang, Kabupaten Garut, Jawa Barat",-7.369682,107.760269,16,done,1,0,4 June 2024,4 July 2024,18750000,25000000,20000000,20000000,9,Sinta,baru,60000000,Kab. Garut,2024-09-04,2029-09-04,3,CV. Rizki Mitra Abadi,3879,97670700,baru,7 July 2024,26 July 2024,selesai,22 July 2024,lunas,30,2024,29 July 2024,,,30,2,15,7,58,0.00%,19,tercapai,2024,20000000,20000000,0%,Sinta
1 June 2024,NULL,Djadjang,2,R07278,GRT026,"Jalan Raya Simpang Samarang, Desa Sukaresmi, Kecamatan Sukaresmi, Kabupaten Garut, Jawa Barat ",-7.264462,107.817093,15,done,1,0,3 June 2024,12 June 2024,26250000,35000000,25000000,25000000,9,Sinta,baru,75000000,Kab. Garut,2024-08-12,2029-08-12,5,Edwin,3881,90873650,baru,13 June 2024,2 July 2024,selesai,26 June 2024,lunas,9,2024,4 July 2024,,,9,1,13,8,33,0.00%,19,tercapai,2024,25000000,25000000,0%,Sinta
1 June 2024,NULL,Djadjang,2,R07282,GRT028,"Jalan Raya Leles, Desa Salamnunggal, Kecamatan Leles, Kabupaten Garut, Jawa Barat",-7.110739,107.89756,9,done,1,0,3 June 2024,19 June 2024,33750000,45000000,40000000,40000000,9,Sinta,baru,120000000,Kab. Garut,2024-08-19,2029-08-19,3,CV. Rizki Mitra Abadi,3885,97110700,baru,23 June 2024,12 July 2024,selesai,11 July 2024,lunas,16,2024,17 July 2024,,,16,3,18,6,46,0.00%,19,tercapai,2024,40000000,40000000,0%,Sinta
4 June 2024,NULL,Hanif,6,R07292,KWG053,"Jalan Raya Loji, Desa Cinta Laksana, Kecamatan Tegal Waru, Kabupaten Karawang, Jawa Barat",-6.516672,107.228134,10,done,1,0,4 June 2024,18 June 2024,22500000,30000000,30000000,30000000,9,Sinta,baru,90000000,Kab. Karawang,2024-08-18,2029-08-18,6,Sendy,3895,94101530,baru,19 June 2024,8 July 2024,selesai,2 July 2024,lunas,14,2024,9 July 2024,,,14,0,13,7,35,0.00%,19,tercapai,2024,30000000,30000000,0%,Sinta
4 June 2024,NULL,Hanif,6,R07297,CBI061,"Jalan Raya Cileungsi-Jonggol, Kelurahan Cipeucang, Kecamatan Cileungsi, Kabupaten Bogor, Jawa Barat",-6.424917,107.03569,12,done,1,0,5 June 2024,27 June 2024,18750000,25000000,20000000,20000000,9,Sinta,baru,60000000,Kab. Bogor,2024-07-27,2029-07-27,5,Edwin,3900,91871250,baru,8 July 2024,27 July 2024,selesai,17 July 2024,lunas,22,2024,22 July 2024,,,22,10,9,5,48,0.00%,19,tercapai,2024,20000000,20000000,0%,Sinta
5 June 2024,NULL,Hanif,6,R07301,CBI068,"Jalan Raya Narogong, Desa  Klapanunggal, Kecamatan Klapanunggal, Kabupaten Bogor, Jawa Barat",-6.440875,106.949989,9,done,1,0,3 July 2024,12 October 2024,13500000,18000000,35000000,35000000,1,Claher Prastian,baru,102000000,Kab. Bogor,2024-10-26,2029-10-26,5,Edwin,3904,101515500,baru,14 October 2024,29 October 2024,selesai,24 October 2024,lunas,101,2024,30 October 2024,,,101,1,10,6,147,0.00%,15,tercapai,2024,35000000,35000000,0%,Claher Prastian
5 June 2024,NULL,Djadjang,2,R07311,SBM019,"Jalan Siliwangi, Desa Palabuhanratu, Kecamatan Palabuhanratu, Kabupaten Sukabumi, Jawa Barat",-6.988402,106.548607,8,done,1,0,5 June 2024,4 September 2024,45500000,65000000,58000000,58000000,9,Sinta,baru,174000000,Kab. Sukabumi,2024-11-04,2027-11-04,5,Edwin,3914,104329850,baru,6 September 2024,25 September 2024,selesai,23 September 2024,lunas,91,2024,30 September 2024,,,91,1,17,7,117,0.00%,19,tercapai,2024,58000000,58000000,0%,Sinta
5 June 2024,NULL,salma,4,R07313,CBI060,"Jalan Moh Toha, Desa Parung Panjang, Kecamatan Parung Panjang, Kabupaten Bogor, Jawa Barat ",-6.34233,106.566223,8,done,1,0,5 June 2024,26 June 2024,26250000,35000000,30000000,30000000,4,salma,baru,84000000,Kab. Bogor,2024-07-26,2029-07-26,5,Edwin,3916,108123378,baru,27 June 2024,16 July 2024,selesai,9 July 2024,lunas,21,2024,13 July 2024,,,21,1,12,4,38,0.00%,19,tercapai,2024,30000000,30000000,0%,salma
6 June 2024,NULL,salma,4,R07316,CBI059,"Jalan Sentraland Boulevard, Desa Parung Panjang, Kecamatan Parung Panjang, Kabupaten Bogor, Jawa Barat",-6.351963,106.567841,9,done,1,0,6 June 2024,20 June 2024,22500000,30000000,25000000,25000000,4,salma,baru,75000000,Kab. Bogor,2024-07-20,2029-07-20,4,Trimo,3919,90488700,baru,23 June 2024,12 July 2024,selesai,13 July 2024,lunas,14,2024,17 July 2024,,,14,2,20,4,41,0.00%,19,tidak tercapai,2024,25000000,25000000,0%,salma
8 June 2024,NULL,Sinta,9,R07336,GGP035,"Jalan Raya Sukabumi Selatan, Kelurahan Sukabumi Selatan, Kecamatan Kebon Jeruk, Jakarta Barat",-6.217707,106.769722,8,done,1,0,8 June 2024,2 July 2024,42000000,60000000,49500000,49500000,9,Sinta,baru,135000000,Kota Jakarta Barat,2024-09-02,2029-09-02,6,Sendy,3939,100541750,baru,2 July 2024,21 July 2024,selesai,17 July 2024,lunas,24,2024,22 July 2024,,,24,-1,15,5,44,0.00%,19,tercapai,2024,49500000,49500000,0%,Sinta
8 June 2024,NULL,salma,4,R07337,PDG010,"Jalan Raya Labuan, Desa Saketi, Kecamatan Saketi, Kabupaten Pandeglang, Banten",-6.400796,105.992325,4,done,1,0,8 June 2024,29 June 2024,11250000,15000000,10000000,10000000,4,salma,baru,50000000,Kab. Pandeglang,2024-08-29,2029-08-29,6,Sendy,3940,109172030,baru,2 July 2024,21 July 2024,selesai,22 July 2024,lunas,21,2024,23 July 2024,,,21,2,20,1,45,0.00%,19,tidak tercapai,2024,10000000,10000000,0%,salma
10 June 2024,NULL,Djadjang,2,R07344,KYB032,"Jalan Bukit Duri Tanjakan, Kelurahan Bukit Duri, Kecamatan Tebet, Kota Jakarta Selatan",-6.220824,106.859077,25,done,1,0,10 June 2024,27 June 2024,37500000,50000000,48000000,48000000,9,Sinta,baru,144000000,Kota Jakarta Selatan,2024-07-11,2029-07-11,2,Sarjono,3947,113356600,baru,1 July 2024,20 July 2024,selesai,15 July 2024,lunas,17,2024,18 July 2024,,,17,3,14,3,38,0.00%,19,tercapai,2024,48000000,48000000,0%,Sinta
10 June 2024,NULL,Djadjang,2,R07345,KYB033,"Jalan Menteng Wadas Timur, Kelurahan Pasar Manggis, Kecamatan Setia Budi, Kota Jakarta Selatan",-6.208585,106.841492,16,done,1,0,10 June 2024,28 June 2024,56000000,80000000,60000000,60000000,9,Sinta,baru,180000000,Kota Jakarta Selatan,2024-08-28,2029-08-28,2,Sarjono,3948,93382600,baru,1 July 2024,20 July 2024,selesai,12 July 2024,lunas,18,2024,22 July 2024,,,18,2,11,10,42,0.00%,19,tercapai,2024,60000000,60000000,0%,Sinta
12 June 2024,NULL,Sinta,9,R07353,GRT029,"Jalan Raya Leles, Desa Haruman, Kecamatan Leles, Kabupaten Garut, Jawa Barat",-7.115347,107.896606,12,done,1,0,12 June 2024,28 June 2024,22500000,30000000,28000000,28000000,9,Sinta,baru,84000000,Kab. Garut,2024-08-28,2029-08-28,3,CV. Rizki Mitra Abadi,3956,95394100,baru,29 June 2024,18 July 2024,selesai,17 July 2024,lunas,16,2024,18 July 2024,,,16,0,18,1,36,0.00%,19,tercapai,2024,28000000,28000000,0%,Sinta
13 June 2024,NULL,Djadjang,2,R07358,SBM018,"Jalan Cikukulu, Kelurahan Cisande, Kecamatan Cicantayan, Kabupaten Sukabumi, Jawa Barat",-6.903721,106.858429,15,done,1,0,20 June 2024,3 July 2024,41250000,55000000,38000000,38000000,1,Claher Prastian,baru,114000000,Kab. Sukabumi,2024-08-03,2029-08-03,5,Edwin,3961,104463400,baru,11 July 2024,30 July 2024,selesai,23 July 2024,lunas,13,2024,31 July 2024,,,13,8,12,8,48,0.00%,19,tercapai,2024,38000000,38000000,0%,Claher Prastian
13 June 2024,NULL,Hanif,6,R07370,SMD012,"Jalan Serma Muhtar, Kelurahan Kotakaler, Kecamatan Sumedang Utara, Kabupaten Sumedang, Jawa Barat",-6.846078,107.923264,7,done,1,0,18 June 2024,10 July 2024,30000000,40000000,60000000,60000000,9,Sinta,baru,180000000,Kab. Sumedang,2024-09-10,2029-09-10,3,CV. Rizki Mitra Abadi,3973,111107350,baru,13 July 2024,1 August 2024,selesai,9 August 2024,lunas,22,2024,13 August 2024,,,22,3,27,4,61,0.00%,19,tidak tercapai,2024,60000000,60000000,0%,Sinta
14 June 2024,NULL,Djadjang,2,R07385,CJR015,"Jalan Jati, Desa Ciranjang, Kecamatan Ciranjang, Kabupaten Cianjur, Jawa Barat",-6.816388,107.249878,28,done,1,0,14 June 2024,15 July 2024,37500000,50000000,32000000,32000000,9,Sinta,baru,96000000,Kab. Cianjur,2024-09-15,2029-09-15,4,Trimo,3987,99235950,baru,21 July 2024,9 August 2024,selesai,10 August 2024,lunas,31,2024,16 August 2024,,,31,5,20,6,63,0.00%,19,tidak tercapai,2024,32000000,32000000,0%,Sinta
14 June 2024,NULL,Djadjang,2,R07388,CJR014,"Jalan Raya Sukanagara, Desa Sukanagara, Kecamatan Sukanagara, Kabupaten Cianjur, Jawa Barat",-7.099575,107.128754,8,done,1,0,15 June 2024,8 July 2024,26250000,35000000,30000000,30000000,9,Sinta,baru,90000000,Kab. Cianjur,2024-09-08,2029-09-08,4,Trimo,3990,102287150,baru,10 July 2024,29 July 2024,selesai,6 August 2024,lunas,23,2024,7 August 2024,,,23,1,27,1,54,0.00%,19,tidak tercapai,2024,30000000,30000000,0%,Sinta
18 June 2024,NULL,Djadjang,2,R07391,CBI062,"Jalan Raya Gunung Sindur, Desa Parung, Kecamatan Parung, Kabupaten Bogor, Jawa Barat",-6.418203,106.731941,7,done,1,0,19 June 2024,6 July 2024,18750000,25000000,20000000,20000000,9,Sinta,baru,60000000,Kab. Bogor,2024-09-06,2029-09-06,2,Sarjono,3993,94053100,baru,10 July 2024,29 July 2024,selesai,18 July 2024,lunas,17,2024,23 July 2024,,,17,3,8,5,35,0.00%,19,tercapai,2024,20000000,20000000,0%,Sinta
20 June 2024,NULL,salma,4,R07404,SRG023,"Jalan Raya Serang-Pandeglang Desa Sindangsari, Kecamatan Pabuaran, Kabupaten Serang, Banten",-6.179643,106.148766,15,done,1,0,20 June 2024,9 July 2024,26250000,35000000,30000000,30000000,4,salma,baru,90000000,Kota Serang,2024-09-09,2029-09-09,2,Sarjono,4006,90218350,baru,12 July 2024,31 July 2024,selesai,22 July 2024,lunas,19,2024,29 July 2024,,,19,2,10,7,39,0.00%,19,tercapai,2024,30000000,30000000,0%,salma
21 June 2024,NULL,Djadjang,2,R07419,IDM018,"Jalan Raya Patrol, Desa Patrol, Kecamatan Patrol, Kabupaten Indramayu, Jawa Barat",-6.314395,107.993584,5.5,done,1,0,25 June 2024,6 July 2024,15000000,20000000,40000000,40000000,9,Sinta,baru,120000000,Kab. Indramayu,2024-09-06,2027-09-06,6,Sendy,4021,93793500,baru,8 July 2024,27 July 2024,selesai,29 July 2024,lunas,11,2024,31 July 2024,,,11,1,21,2,40,0.00%,19,tidak tercapai,2024,40000000,40000000,0%,Sinta
21 June 2024,NULL,Gita,11,R07425,BTG004,"Jalan Diponegoro, Desa Limpung, Kecamatan Limpung, Kabupaten Batang, Jawa Tengah",-7.013933,109.923576,9,done,1,0,21 June 2024,5 July 2024,37500000,50000000,40000000,40000000,11,Gita,baru,120000000,Kab. Batang,2024-09-05,2029-09-05,3,CV. Rizki Mitra Abadi,4027,94868350,baru,7 July 2024,26 July 2024,selesai,27 July 2024,lunas,14,2024,31 July 2024,,,14,1,20,4,40,0.00%,19,tidak tercapai,2024,40000000,40000000,0%,Gita
25 June 2024,NULL,Djadjang,2,R07446,CBI063,"Jalan Raya Cibucil Cibarusah, Desa Sukamanah, Kecamatan Jonggol, Kabupaten Bogor, Jawa Barat ",-6.441229,107.056213,18,done,1,0,26 June 2024,13 July 2024,10500000,14000000,10000000,10000000,9,Sinta,baru,50000000,Kab. Bogor,2024-09-13,2029-09-13,5,Edwin,4048,100823950,baru,16 July 2024,4 August 2024,selesai,29 July 2024,lunas,17,2024,8 August 2024,,,17,2,13,10,44,0.00%,19,tercapai,2024,10000000,10000000,0%,Sinta
26 June 2024,NULL,salma,4,R07450,BGR022,"Jalan Empang, Kelurahan Empang, Kecamatan Bogor Selatan, Kota Bogor",-6.607369,106.794968,20,done,1,0,26 June 2024,27 July 2024,65000000,100000000,70000000,70000000,4,salma,baru,210000000,Kota Bogor,2024-09-27,2029-09-27,4,Trimo,4052,106592750,baru,31 July 2024,19 August 2024,selesai,29 August 2024,lunas,31,2024,6 September 2024,,,31,4,29,8,72,0.00%,19,tidak tercapai,2024,70000000,70000000,0%,salma
26 June 2024,NULL,salma,4,R07455,BDG017,"Jalan Raya Ujungberung 275, Kelurahan Pasanggrahan, Kecamatan Ujungberung, Kota Bandung, Jawa Barat",-6.915749,107.704651,6,done,1,0,26 June 2024,20 July 2024,49000000,70000000,60000000,60000000,4,salma,baru,180000000,Kota Bandung,2024-09-20,2029-09-20,6,Sendy,4057,95810500,baru,25 July 2024,13 August 2024,selesai,6 August 2024,lunas,24,2024,12 August 2024,,,24,4,12,6,47,0.00%,19,tercapai,2024,60000000,60000000,0%,salma
27 June 2024,NULL,Djadjang,2,R07465,SMD013,"Jalan Karapyak, Kelurahan Situ, Kecamatan Sumedang Utara, Kabupaten Sumedang, Jawa Barat",-6.835333,107.91684,15,done,1,0,28 June 2024,18 July 2024,42000000,60000000,35000000,35000000,9,Sinta,baru,105000000,Kab. Sumedang,2024-09-18,2029-09-18,6,Sendy,4067,105826000,baru,19 July 2024,7 August 2024,selesai,5 August 2024,lunas,20,2024,13 August 2024,,,20,0,17,8,47,0.00%,19,tercapai,2024,35000000,35000000,0%,Sinta
28 June 2024,NULL,Djadjang,2,R07472,GRT031,"Jalan Pembangunan, Kelurahan Sukakarya, Kecamatan Tarogong Kidul, Kabupaten Garut, Jawa Barat ",-7.220174,107.895935,8,done,1,0,29 June 2024,12 July 2024,33750000,45000000,38000000,38000000,9,Sinta,baru,114000000,Kab. Garut,2024-09-12,2029-09-12,3,CV. Rizki Mitra Abadi,4074,100233700,baru,13 July 2024,1 August 2024,selesai,1 August 2024,lunas,13,2024,12 August 2024,,,13,0,19,11,45,0.00%,19,tidak tercapai,2024,38000000,38000000,0%,Sinta
29 June 2024,NULL,Sinta,9,R07473,CKR033,"Jalan Setiadarma 2, Desa Setiadarma, Kecamatan Tambun Selatan, Kabupaten Bekasi, Jawa Barat",-6.260507,107.054291,9,done,1,0,29 June 2024,19 July 2024,24000000,32000000,26000000,26000000,9,Sinta,baru,78000000,Kab. Bekasi,2024-08-19,2029-08-19,3,CV. Rizki Mitra Abadi,4075,88312850,baru,27 July 2024,15 August 2024,selesai,12 August 2024,lunas,20,2024,19 August 2024,,,20,7,16,7,51,0.00%,19,tercapai,2024,26000000,26000000,0%,Sinta
2 July 2024,NULL,salma,4,R07494,MDN003,"Jalan Arief Rahman Hakim No 12 C, Kelurahan Sukaramai, Kecamatan Medan Area, Medan",3.581448,98.703735,22,done,1,0,2 July 2024,12 September 2024,33750000,45000000,32500000,32500000,4,salma,baru,97500000,Kota Medan,2024-10-12,2027-10-12,6,Sendy,4096,100285000,baru,16 September 2024,5 October 2024,selesai,2 October 2024,lunas,72,2024,9 October 2024,,,72,3,16,7,99,0.00%,19,tercapai,2024,32500000,32500000,0%,salma
2 July 2024,NULL,salma,4,R07493,MDN005,"Jalan Rakyat Sudut Gang Camar, Kelurahan Sidorame Timur, Kecamatan Medan Perjuangan, Kota Medan, Sumatera Utara",3.604984,98.6912,16,done,1,0,2 July 2024,4 October 2024,37500000,50000000,35000000,35000000,4,salma,baru,105000000,Kota Medan,2024-11-04,2029-11-04,6,Sendy,4095,120646040,baru,7 October 2024,29 October 2024,selesai,22 October 2024,lunas,94,2024,30 October 2024,,,94,2,15,8,120,0.00%,22,tercapai,2024,35000000,35000000,0%,salma
3 July 2024,NULL,Hanif,6,R07509,KYB036,"Jalan Ulujami Raya No 43, Kelurahan Ulujami, Kecamatan Pesanggrahan, Jakarta Selatan",-6.242025,106.763008,28,done,1,0,24 August 2024,20 September 2024,45500000,65000000,55000000,55000000,9,Sinta,baru,165000000,Kota Jakarta Selatan,2024-10-20,2029-10-20,4,Trimo,4111,104471225,baru,23 September 2024,12 October 2024,selesai,11 October 2024,lunas,27,2024,15 October 2024,,,27,2,18,4,104,0.00%,19,tercapai,2024,55000000,55000000,0%,Sinta
3 July 2024,NULL,Djadjang,2,R07517,SKH003,"Jalan Slamet Riyadi, Kelurahan Gayam, Kecamatan Sukaharjo, Kabupaten Sukoharjo, Jawa Tengah",-7.683852,110.843323,7,done,1,0,3 July 2024,11 July 2024,26250000,35000000,25000000,25000000,9,Sinta,baru,75000000,Kab. Sukoharjo,2024-09-11,2029-09-11,5,Edwin,4119,112161900,baru,13 July 2024,1 August 2024,selesai,30 July 2024,lunas,8,2024,13 August 2024,,,8,1,17,14,41,0.00%,19,tercapai,2024,25000000,25000000,0%,Sinta
3 July 2024,NULL,Djadjang,2,R07520,SKH006,"Jalan Solo - Sukoharjo, Kelurahan Telukan, Kecamatan Grogol, Kabupaten Sukoharjo, Jawa Tengah",-7.618283,110.820297,20,done,1,0,3 July 2024,13 August 2024,30000000,40000000,35000000,35000000,9,Sinta,baru,105000000,Kab. Sukoharjo,2024-10-13,2029-10-13,2,Sarjono,4122,98624475,baru,15 August 2024,3 September 2024,selesai,26 August 2024,lunas,41,2024,2 October 2024,,,41,1,11,37,91,0.00%,19,tercapai,2024,35000000,35000000,0%,Sinta
5 July 2024,NULL,Djadjang,2,R07532,SKH005,"Jalan Raya Slamet Riyadi, Kelurahan  Kartasura, Kecamatan Kartasura, Kabupaten Sukoharjo, Jawa Tengah",-7.553783,110.739723,9.5,done,1,0,5 July 2024,31 July 2024,42000000,60000000,40000000,40000000,9,Sinta,baru,120000000,Kab. Sukoharjo,2024-08-31,2029-08-31,5,Edwin,4134,98215150,baru,31 July 2024,19 August 2024,selesai,14 August 2024,lunas,26,2024,14 September 2024,,,26,-1,14,31,71,0.00%,19,tercapai,2024,40000000,40000000,0%,Sinta
5 July 2024,NULL,salma,4,R07537,MDN006,"Jalan Kelambir V, Kelurahan Tanjung Gusta, Kecamatan Medan Helvetia, Kota Medan",3.611935,98.605873,25,done,1,0,5 July 2024,11 October 2024,11250000,15000000,25000000,25000000,4,salma,baru,125000000,Kota Medan,2024-12-11,2029-12-11,6,Sendy,4139,156964000,baru,18 October 2024,16 November 2024,selesai,11 November 2024,lunas,98,2024,14 November 2024,,,98,6,24,3,132,0.00%,29,tercapai,2024,25000000,25000000,0%,salma
6 July 2024,NULL,salma,4,R07543,MDN004,"Jalan Matahari Raya, Kelurahan Helvetia Tengah, Kecamatan Medan Helvetia, Kota Medan, Sumatera Utara",3.610084,98.641014,16,done,1,0,6 July 2024,13 September 2024,37500000,50000000,45000000,45000000,4,salma,baru,135000000,Kota Medan,2024-11-13,2027-11-13,6,Sendy,4145,115907500,baru,19 September 2024,8 October 2024,selesai,11 October 2024,lunas,69,2024,16 October 2024,,,69,5,22,5,102,0.00%,19,tidak tercapai,2024,45000000,45000000,0%,salma
8 July 2024,NULL,Gita,11,R07553,BTG005,"Jalan Pemuda, Kelurahan Kauman, Kecamatan Batang, Kabupaten Batang, Jawa Tengah",-6.930143,109.728157,20,done,1,0,8 July 2024,9 September 2024,22500000,30000000,28000000,28000000,11,Gita,baru,84000000,Kab. Batang,2024-10-09,2029-10-09,2,Sarjono,4155,100332100,baru,11 September 2024,30 September 2024,selesai,25 September 2024,lunas,63,2024,3 October 2024,,,63,1,14,8,87,0.00%,19,tercapai,2024,28000000,28000000,0%,Gita
9 July 2024,NULL,Hanif,6,R07563,SBM022,"Jalan Raya Cipanggulaan, Desa  Pondokkaso Landeuh, Kecamatan Parungkuda, Kabupaten Sukabumi, Jawa Barat",-6.813898,106.768333,14.7,done,1,0,26 August 2024,1 November 2024,18750000,25000000,20000000,20000000,1,Claher Prastian,baru,60000000,Kab. Sukabumi,2024-12-01,2029-12-01,4,Trimo,4165,119486250,baru,8 November 2024,30 November 2024,selesai,25 November 2024,lunas,67,2024,30 November 2024,,,67,6,17,5,144,0.00%,22,tercapai,2024,20000000,20000000,0%,Claher Prastian
9 July 2024,NULL,salma,4,R07566,MDN002,"Jalan Panglima Denai, Kelurahan Amplas, Kecamatan Medan Amplas, Kota Medan, Sumatera Utara",3.542927,98.717651,25,done,1,0,9 July 2024,5 September 2024,18750000,25000000,20000000,20000000,4,salma,baru,60000000,Kota Medan,2024-11-05,2029-11-05,6,Sendy,4168,105806100,baru,9 September 2024,28 September 2024,selesai,30 September 2024,lunas,58,2024,7 October 2024,,,58,3,21,7,90,0.00%,19,tidak tercapai,2024,20000000,20000000,0%,salma
10 July 2024,NULL,salma,4,R07570,SKH004,"Jalan Adi Sumarmo, Desa Singopuran, Kecamatan Kartosuro, Kabupaten Sukoharjo, Jawa Tengah ",-7.545838,110.744194,7,done,1,0,10 July 2024,23 July 2024,18750000,25000000,20000000,20000000,4,salma,baru,60000000,Kab. Sukoharjo,2024-09-23,2029-09-23,5,Edwin,4172,93112400,baru,24 July 2024,12 August 2024,selesai,6 August 2024,lunas,13,2024,19 August 2024,,,13,0,13,13,40,0.00%,19,tercapai,2024,20000000,20000000,0%,salma
12 July 2024,NULL,Hanif,6,R07588,TJP026,"Jalan Budi Mulia Raya, Kelurahan Pademangan Barat, Kecamatan Pademangan, Jakarta Utara",-6.129462,106.843262,7,done,1,0,17 July 2024,25 July 2024,26250000,35000000,27000000,27000000,9,Sinta,baru,81000000,Kota Jakarta Utara,2024-09-25,2029-09-25,4,Trimo,4190,93658300,baru,1 August 2024,20 August 2024,selesai,26 August 2024,lunas,8,2024,29 August 2024,,,8,6,25,3,48,0.00%,19,tidak tercapai,2024,27000000,27000000,0%,Sinta
12 July 2024,NULL,Djadjang,2,R07597,SRG026,"Jalan Raya Anyer, Desa Anyer, Kecamatan Anyer, Kabupaten Serang, Jawa Barat",-6.049995,105.924088,15,done,1,0,12 July 2024,12 August 2024,42000000,60000000,47500000,47500000,9,Sinta,baru,142500000,Kab. Serang,2024-10-12,2029-10-12,4,Trimo,4199,110414200,baru,14 August 2024,2 September 2024,selesai,5 September 2024,lunas,31,2024,13 September 2024,,,31,1,22,8,63,0.00%,19,tidak tercapai,2024,47500000,47500000,0%,Sinta
12 July 2024,NULL,Djadjang,2,R07600,SRG024,"Jalan Raya Anyar-Mancak, Kelurahan Kosambironyok, Kecamatan Anyar, Kabupaten Serang, Banten",-6.054315,105.928177,6,done,1,0,13 July 2024,26 July 2024,12000000,16000000,16000000,16000000,9,Sinta,baru,80000000,Kab. Serang,2024-09-26,2029-09-26,2,Sarjono,4202,99295850,baru,29 July 2024,17 August 2024,selesai,7 August 2024,lunas,13,2024,20 August 2024,,,13,2,9,13,39,0.00%,19,tercapai,2024,16000000,16000000,0%,Sinta
13 July 2024,NULL,Djadjang,2,R07610,PDG011,"Jalan Raya Panimbang, Kelurahan Panimbangjaya, Kecamatan Panimbang, Kabupaten Pandeglang, Banten",-6.491378,105.799919,8,done,1,0,13 July 2024,29 July 2024,26250000,35000000,30000000,30000000,9,Sinta,baru,90000000,Kab. Pandeglang,2024-09-29,2029-09-29,6,Sendy,4212,92780750,baru,31 July 2024,19 August 2024,selesai,16 August 2024,lunas,16,2024,2 September 2024,,,16,1,16,17,51,0.00%,19,tercapai,2024,30000000,30000000,0%,Sinta
14 July 2024,NULL,salma,4,R07615,CPT027,"Jalan Raya Pondok Aren, Kelurahan Pondok Jaya, Kecamatan Pondok Aren, Kota Tangerang Selatan",-6.271732,106.717896,6.5,done,1,0,14 July 2024,24 July 2024,19500000,26000000,42500000,42500000,4,salma,baru,127500000,Kota Tangerang Selatan,2024-09-24,2029-09-24,2,Sarjono,4217,98632400,baru,29 July 2024,17 August 2024,selesai,7 August 2024,lunas,10,2024,26 August 2024,,,10,4,9,19,43,0.00%,19,tercapai,2024,42500000,42500000,0%,salma
15 July 2024,NULL,salma,4,R07624,TGR050,"Jalan Jaha Jatake, Kelurahan Malang Nengah, Kecamatan Pagedangan, Kabupaten Tangerang, Banten",-6.319523,106.582153,20,done,1,0,15 July 2024,19 August 2024,33750000,45000000,39000000,39000000,4,salma,baru,117000000,Kab. Tangerang,2024-10-19,2029-10-19,4,Trimo,4226,108587000,baru,23 August 2024,11 September 2024,selesai,14 September 2024,lunas,35,2024,19 September 2024,,,35,3,22,5,66,0.00%,19,tidak tercapai,2024,39000000,39000000,0%,salma
15 July 2024,NULL,salma,4,R07625,TGR047,"Jalan Raya Cisoka - Kp Pasirkiang RT 001 Rw 002, Desa Solear, Kecamatan Solear, Kabupaten Tangerang, Banten",-6.294212,106.414726,9.5,done,1,0,15 July 2024,1 August 2024,26250000,35000000,32000000,32000000,4,salma,baru,96000000,Kab. Tangerang,2024-10-01,2029-10-01,2,Sarjono,4227,107811100,baru,7 August 2024,26 August 2024,selesai,16 August 2024,lunas,17,2024,2 September 2024,,,17,6,9,17,49,0.00%,19,tercapai,2024,32000000,32000000,0%,salma
16 July 2024,NULL,salma,4,R07638,TGR049,"Jalan Raya Kresek, Desa Sukamulya, Kecamatan Sukamulya, Kabupaten Tangerang, Banten ",-6.158126,106.425003,20,done,1,0,16 July 2024,16 August 2024,24000000,32000000,24000000,24000000,4,salma,baru,120000000,Kab. Tangerang,2024-09-16,2029-09-16,4,Trimo,4240,122383950,baru,19 August 2024,7 September 2024,selesai,11 September 2024,lunas,31,2024,19 September 2024,,,31,2,23,8,65,0.00%,19,tidak tercapai,2024,24000000,24000000,0%,salma
17 July 2024,NULL,salma,4,R07643,SRG025,"Jalan Sayabulu, Kelurahan Serang, Kecamatan Serang, Kota Serang, Banten ",-6.132201,106.154022,5,done,1,0,17 July 2024,30 July 2024,11250000,15000000,15000000,15000000,4,salma,baru,45000000,Kota Serang,2024-09-30,2029-09-30,2,Sarjono,4245,94236650,baru,1 August 2024,20 August 2024,selesai,10 August 2024,lunas,13,2024,30 August 2024,,,13,1,9,20,44,0.00%,19,tercapai,2024,15000000,15000000,0%,salma
18 July 2024,NULL,salma,4,R07656,CLG008,"Jalan Di Panjaitan, Kelurahan Sukmajaya, Kecamatan Jombang, Kota Cilegon, Banten",-6.019259,106.055634,5,done,1,0,18 July 2024,24 August 2024,30000000,40000000,34000000,34000000,4,salma,baru,102000000,Kota Cilegon,2024-10-24,2029-10-24,2,Sarjono,4258,95035600,baru,26 August 2024,14 September 2024,selesai,9 September 2024,lunas,37,2024,23 September 2024,,,37,1,14,14,67,0.00%,19,tercapai,2024,34000000,34000000,0%,salma
18 July 2024,NULL,salma,4,R07661,KWG054,"Jalan Raya Jatisari, Desa Mekarsari, Kecamatan Jatisari, Kabupaten Karawang, Jawa Barat",-6.37228,107.520294,20,done,1,0,18 July 2024,23 August 2024,42000000,60000000,50000000,50000000,4,salma,baru,150000000,Kab. Karawang,2024-10-23,2029-10-23,2,Sarjono,4263,125034850,baru,24 August 2024,12 September 2024,selesai,9 September 2024,lunas,36,2024,26 September 2024,,,36,0,16,17,70,0.00%,19,tercapai,2024,50000000,50000000,0%,salma
20 July 2024,NULL,Djadjang,2,R07668,UNR006,"Jalan Tirtomoyo, Kelurahan Bandungan, Kecamatan Bandungan, Kabupaten Semarang, Jawa Tengah",-7.225288,110.3703,10,done,1,0,23 July 2024,5 August 2024,26250000,35000000,30000000,30000000,9,Sinta,baru,90000000,Kab. Semarang,2024-10-05,2029-10-05,3,CV. Rizki Mitra Abadi,4270,94194200,baru,8 August 2024,27 August 2024,selesai,24 August 2024,lunas,13,2024,2 September 2024,,,13,2,16,9,44,0.00%,19,tercapai,2024,30000000,30000000,0%,Sinta
22 July 2024,NULL,salma,4,R07683,SOR041,"Jalan Raya Majalaya, Kelurahan  Majakerta, Kecamatan Majalaya, Kabupaten Bandung, Jawa Barat",-7.046164,107.766144,20,done,1,0,22 July 2024,15 August 2024,30000000,40000000,35000000,35000000,4,salma,baru,105000000,Kab. Bandung,2024-10-15,2029-10-15,6,Sendy,4285,136676500,baru,17 August 2024,5 September 2024,selesai,4 September 2024,lunas,24,2024,14 September 2024,,,24,1,18,10,54,0.00%,19,tercapai,2024,35000000,35000000,0%,salma
22 July 2024,NULL,Djadjang,2,R07684,KDS001,"Jalan Raya Kudus-Pati, Desa Dersalam, Kecamatan Bae, Kabupaten Kudus, Jawa Tengah",-6.804334,110.866837,10,done,1,0,23 July 2024,9 August 2024,18750000,25000000,20000000,20000000,9,Sinta,baru,100000000,Kab. Kudus,2024-10-09,2029-10-09,5,Edwin,4286,98232250,baru,13 August 2024,1 September 2024,selesai,31 August 2024,lunas,17,2024,1 October 2024,,,17,3,18,31,71,0.00%,19,tercapai,2024,20000000,20000000,0%,Sinta
22 July 2024,NULL,Djadjang,2,R07694,DMK004,"Jalan Sultan Fatah, Kelurahan Bintoro, Kecamatan Demak, Kabupaten Demak, Jawa Tengah",-6.897038,110.636803,6,done,1,0,23 July 2024,6 September 2024,37500000,50000000,45000000,45000000,9,Sinta,baru,135000000,Kab. Demak,2024-11-06,2029-11-06,3,CV. Rizki Mitra Abadi,4296,105127475,baru,7 September 2024,26 September 2024,selesai,26 September 2024,lunas,45,2024,2 October 2024,,,45,0,19,6,72,0.00%,19,tidak tercapai,2024,45000000,45000000,0%,Sinta
22 July 2024,NULL,Djadjang,2,R07696,DMK005,"Jalan Raya Karangawen, Desa Brambang, Kecamatan Karangawen, Kabupaten Demak, Jawa Tengah",-7.045141,110.579727,30,done,1,0,23 July 2024,12 September 2024,37500000,50000000,30000000,30000000,9,Sinta,baru,90000000,Kab. Demak,2024-11-12,2029-11-12,3,CV. Rizki Mitra Abadi,4298,121726150,baru,24 September 2024,13 October 2024,selesai,18 October 2024,lunas,51,2024,24 October 2024,,,51,11,24,6,94,0.00%,19,tidak tercapai,2024,30000000,30000000,0%,Sinta
23 July 2024,NULL,Djadjang,2,R07702,DMK003,"Jalan Demak-Godong, Desa Bunderan, Kecamatan Wonosalam, Kabupaten Demak, Jawa Tengah",-6.950595,110.692139,12,done,1,0,23 July 2024,26 August 2024,22500000,30000000,25000000,25000000,9,Sinta,baru,75000000,Kab. Demak,2024-10-26,2029-10-26,3,CV. Rizki Mitra Abadi,4304,98872475,baru,30 August 2024,18 September 2024,selesai,14 September 2024,lunas,34,2024,23 September 2024,,,34,3,15,9,62,0.00%,19,tercapai,2024,25000000,25000000,0%,Sinta
24 July 2024,NULL,Hanif,6,R07712,SBR043,"Jalan Raya Suropati, Desa Tegalgubug, Kecamatan Arjawinangun, Kabupaten Cirebon, Jawa Barat",-6.629921,108.384315,5,done,1,0,25 July 2024,8 August 2024,12000000,16000000,14000000,14000000,9,Sinta,baru,70000000,Kab. Cirebon,2024-10-08,2029-10-08,6,Sendy,4314,90610000,baru,9 August 2024,28 August 2024,selesai,24 August 2024,lunas,14,2024,30 August 2024,,,14,0,15,6,37,0.00%,19,tercapai,2024,14000000,14000000,0%,Sinta
24 July 2024,NULL,Djadjang,2,R07713,DMK002,"Jalan Pulosari Rt 001 Rw 001, Desa Pulosari, Kecamatan Karangtengah, Kabupaten Demak, Jawa Tengah",-6.918074,110.60054,20,done,1,0,24 July 2024,10 August 2024,30000000,40000000,35000000,35000000,9,Sinta,baru,105000000,Kab. Demak,2024-10-10,2029-10-10,3,CV. Rizki Mitra Abadi,4315,103913625,baru,14 August 2024,2 September 2024,selesai,31 August 2024,lunas,17,2024,13 September 2024,,,17,3,17,13,51,0.00%,19,tercapai,2024,35000000,35000000,0%,Sinta
24 July 2024,NULL,Djadjang,2,R07720,PWD001,"Jalan Ahmad Yani, Desa Gubug, Kecamatan Gubug, Kabupaten Grobogan, Jawa Tengah",-7.051012,110.656799,7,done,1,0,24 July 2024,14 August 2024,18750000,25000000,23000000,23000000,9,Sinta,baru,69000000,Kab. Grobogan,2024-10-14,2029-10-14,3,CV. Rizki Mitra Abadi,4322,103422900,baru,15 August 2024,3 September 2024,selesai,4 September 2024,lunas,21,2024,17 September 2024,,,21,0,20,13,55,0.00%,19,tidak tercapai,2024,23000000,23000000,0%,Sinta
25 July 2024,NULL,Djadjang,2,R07730,PWD002,Jl Jendral Sudirman,-7.0214,110.769539,8,done,1,0,25 July 2024,31 August 2024,22500000,30000000,28000000,28000000,9,Sinta,baru,84000000,Kab. Grobogan,2024-10-31,2029-10-31,3,CV. Rizki Mitra Abadi,4332,101435940,baru,2 September 2024,21 September 2024,selesai,26 September 2024,lunas,37,2024,2 October 2024,,,37,1,24,6,69,0.00%,19,tidak tercapai,2024,28000000,28000000,0%,Sinta
27 July 2024,NULL,salma,4,R07752,SOR043,"Jalan Raya Kopo No 200, Desa Sayati, Kecamatan Margahayu, Kabupaten Bandung, Jawa Barat ",-6.971495,107.573532,9,done,1,0,27 July 2024,13 September 2024,28500000,38000000,32000000,32000000,4,salma,baru,96000000,Kab. Bandung,2024-11-13,2029-11-13,5,Edwin,4354,88511500,baru,14 September 2024,3 October 2024,selesai,1 October 2024,lunas,48,2024,15 October 2024,,,48,0,17,14,80,0.00%,19,tercapai,2024,32000000,32000000,0%,salma
27 July 2024,NULL,salma,4,R07757,SNG021,"Jalan Raya Cinangsi, Desa Cinangsi, Kecamatan Cibogo, Kabupaten Subang, Jawa Barat",-6.558531,107.798737,7,done,1,0,27 July 2024,6 August 2024,30000000,40000000,34000000,34000000,4,salma,baru,102000000,Kab. Subang,2024-10-06,2029-10-06,6,Sendy,4359,112430000,baru,7 August 2024,26 August 2024,selesai,23 August 2024,lunas,10,2024,30 August 2024,,,10,0,16,7,34,0.00%,19,tercapai,2024,34000000,34000000,0%,salma
28 July 2024,NULL,Djadjang,2,R07766,BLA001,"Jalan Jendral Sudirman, Kelurahan Bangkle,  Kecamatan Blora, Kabupaten Blora, Jawa Tengah",-6.971181,111.436455,10,done,1,0,29 July 2024,15 August 2024,26250000,35000000,25000000,25000000,9,Sinta,baru,75000000,Kab. Blora,2024-10-15,2029-10-15,5,Edwin,4368,139515450,baru,19 August 2024,7 September 2024,selesai,5 September 2024,lunas,17,2024,30 October 2024,,,17,3,17,55,94,0.00%,19,tercapai,2024,25000000,25000000,0%,Sinta
29 July 2024,NULL,salma,4,R07772,CBI064,"Jalan Mercedes Benz, Desa Cicadas, Kecamatan Gunung Putri, Kabupaten Bogor, Jawa Barat",-6.437293,106.922813,10,done,1,0,29 July 2024,29 August 2024,12750000,17000000,14000000,14000000,4,salma,baru,70000000,Kab. Bogor,2024-09-29,2029-09-29,4,Trimo,4374,89325450,baru,2 September 2024,21 September 2024,selesai,24 September 2024,lunas,31,2024,30 September 2024,,,31,3,22,6,63,0.00%,19,tidak tercapai,2024,14000000,14000000,0%,salma
29 July 2024,NULL,salma,4,R07774,IDM019,"Jalan Mayor Dasuki No 74, Desa Jatibarang, Kecamatan Jatibarang, Kabupaten Indramayu, Jawa Barat",-6.469027,108.301765,9,done,1,0,29 July 2024,27 August 2024,33750000,45000000,35000000,35000000,4,salma,baru,105000000,Kab. Indramayu,2024-09-27,2029-09-27,6,Sendy,4376,96895850,baru,1 September 2024,20 September 2024,selesai,14 September 2024,lunas,29,2024,30 September 2024,,,29,4,13,16,63,0.00%,19,tercapai,2024,35000000,35000000,0%,salma
29 July 2024,NULL,salma,4,R07775,TGR048,"Jalan Raya Dadap, Kelurahan Dadap, Kecamatan Kosambi, Kabupaten Tangerang, Banten",-6.094562,106.709755,10,done,1,0,29 July 2024,2 August 2024,22500000,30000000,20000000,20000000,4,salma,baru,60000000,Kab. Tangerang,2024-10-02,2029-10-02,3,CV. Rizki Mitra Abadi,4377,93429330,baru,5 August 2024,24 August 2024,selesai,16 August 2024,lunas,4,2024,2 September 2024,,,4,2,11,17,35,0.00%,19,tercapai,2024,20000000,20000000,0%,salma
29 July 2024,NULL,Djadjang,2,R07778,JPA001,"Jalan Raya Jepara-Kudus, Desa Ngabul,  Kecamatan Tahunan, Kabupaten Jepara, Jawa Tengah",-6.64177,110.710266,13,done,1,0,30 July 2024,16 October 2024,12750000,17000000,15000000,15000000,9,Sinta,baru,45000000,Kab. Jepara,2024-12-16,2029-12-16,2,Sarjono,4380,112047100,baru,19 October 2024,6 November 2024,selesai,1 November 2024,lunas,78,2024,15 November 2024,,,78,2,13,14,109,0.00%,18,tercapai,2024,15000000,15000000,0%,Sinta
30 July 2024,NULL,Djadjang,2,R07785,JPA002,"Jalan Veteran 39, Desa Jabokuto,  Kecamatan Jepara, Kabupaten Jepara, Jawa Tengah",-6.591444,110.662834,8,done,1,0,30 July 2024,17 October 2024,21000000,28000000,25000000,25000000,9,Sinta,baru,75000000,Kab. Jepara,2024-12-17,2029-12-17,2,Sarjono,4387,97135100,baru,19 October 2024,6 November 2024,selesai,1 November 2024,lunas,79,2024,16 January 2025,,,79,1,13,76,170,0.00%,18,tercapai,2024,25000000,25000000,0%,Sinta
3 August 2024,NULL,Hanif,6,R07819,SKB008,"Jalan Stasion Timur No K.555, Kelurahan Kebonjati, Kecamatan, Cikole, Kota Sukabumi, Jawa Barat",-6.924935,106.930183,10,done,1,0,5 August 2024,11 October 2024,65000000,100000000,70000000,70000000,9,Sinta,baru,210000000,Kota Sukabumi,2024-12-11,2029-12-11,2,Sarjono,4421,96490100,baru,14 October 2024,29 October 2024,selesai,22 October 2024,lunas,67,2024,30 October 2024,,,67,2,8,8,88,0.00%,15,tercapai,2024,70000000,70000000,0%,Sinta
8 August 2024,NULL,salma,4,R07852,CKR034,"Jalan Pondok Ungu Permai Sektor 5,  Kelurahan Bahagia, Kecamatan Babelan, Kabupaten Bekasi, Jawa Barat",-6.178893,107.014671,13,done,1,0,8 August 2024,25 September 2024,26250000,35000000,30000000,30000000,4,salma,baru,90000000,Kab. Bekasi,2024-10-24,2027-10-24,3,CV. Rizki Mitra Abadi,4454,98507600,baru,28 September 2024,17 October 2024,selesai,18 October 2024,lunas,48,2024,23 October 2024,,,48,3,20,5,76,0.00%,19,tidak tercapai,2024,30000000,30000000,0%,salma
8 August 2024,NULL,Djadjang,2,R07860,KYB035,"Jalan Srengseng Sawah Rt 02 Rw 07, Kelurahan Srengseng Sawah, Kecamatan Jagakarsa, Kota Jakarta Selatan",-6.347547,106.820671,6,done,1,0,8 August 2024,21 August 2024,18750000,25000000,22000000,22000000,9,Sinta,baru,66000000,Kota Jakarta Selatan,2024-10-21,2029-10-21,5,Edwin,4462,92068000,baru,6 September 2024,25 September 2024,selesai,19 September 2024,lunas,13,2024,30 September 2024,,,13,15,13,11,53,0.00%,19,tercapai,2024,22000000,22000000,0%,Sinta
15 August 2024,NULL,Hanif,6,R07897,KWG055,"Jalan Galuh Mas Raya, Desa Sukaharja, Kecamatan Telukjambe Timur, Kabupaten Karawang, Jawa Barat",-6.317307,107.293388,8,done,1,0,16 August 2024,30 August 2024,22500000,30000000,28000000,28000000,9,Sinta,baru,84000000,Kab. Karawang,2024-10-30,2029-10-30,3,CV. Rizki Mitra Abadi,4499,91629225,baru,1 September 2024,20 September 2024,selesai,12 September 2024,lunas,14,2024,28 September 2024,,,14,1,11,16,44,0.00%,19,tercapai,2024,28000000,28000000,0%,Sinta
15 August 2024,NULL,Hanif,6,R07900,PWK017,"Jalan Raya Bungursari, Desa Bungursari, Kecamatan Bungursari, Kabupaten Purwakarta",-6.479905,107.480179,9,done,1,0,16 August 2024,28 August 2024,22500000,30000000,25000000,25000000,9,Sinta,baru,75000000,Kab. Purwakarta,2024-10-28,2029-10-28,2,Sarjono,4502,106566510,baru,30 August 2024,18 September 2024,selesai,14 September 2024,lunas,12,2024,30 September 2024,,,12,1,15,16,46,0.00%,19,tercapai,2024,25000000,25000000,0%,Sinta
15 August 2024,NULL,Hanif,6,R07909,PWK018,"Jalan Raya Sempur, Desa Palinggihan, Kecamatan Plered, Kabupaten Purwakarta, Jawa Barat",-6.648229,107.392632,7,done,1,0,20 August 2024,29 August 2024,13500000,18000000,10000000,10000000,9,Sinta,baru,50000000,Kab. Purwakarta,2024-10-29,2029-10-29,2,Sarjono,4511,101335600,baru,30 August 2024,18 September 2024,selesai,11 September 2024,lunas,9,2024,30 September 2024,,,9,0,12,19,46,0.00%,19,tercapai,2024,10000000,10000000,0%,Sinta
16 August 2024,NULL,salma,4,R07912,TNG031,"Jalan H. Mencong Raya 78, Kelurahan Sudimara Timur, Kecamatan Ciledug, Kota Tangerang, Banten",-6.234163,106.718796,10,done,1,0,16 August 2024,22 August 2024,42000000,60000000,40000000,40000000,4,salma,baru,120000000,Kota Tangerang,2024-10-22,2029-10-22,4,Trimo,4514,100256000,baru,26 August 2024,14 September 2024,selesai,23 September 2024,lunas,6,2024,26 September 2024,,,6,4,28,3,41,0.00%,19,tidak tercapai,2024,40000000,40000000,0%,salma
16 August 2024,NULL,Hanif,6,R07913,CBI065,"Jalan Raya Bojong Nangka, Desa Bojong Nangka, Kecamatan Gunung Putri, Kabupaten Bogor, Jawa Barat",-6.43367,106.905991,7,done,1,0,20 August 2024,30 August 2024,20250000,27000000,20000000,20000000,9,Sinta,baru,60000000,Kab. Bogor,2024-10-30,2029-10-30,4,Trimo,4515,92954700,baru,1 September 2024,20 September 2024,selesai,23 September 2024,lunas,10,2024,30 September 2024,,,10,2,22,7,45,0.00%,19,tidak tercapai,2024,20000000,20000000,0%,Sinta
16 August 2024,NULL,Hanif,6,R07916,CBI066,"Jalan Raya KH Umar Rawailat, Desa Dayeuh, Kecamatan Cileungsi, Kabupaten Bogor, Jawa Barat",-6.420048,106.970543,11,done,1,0,24 August 2024,7 September 2024,18750000,25000000,20000000,20000000,9,Sinta,baru,100000000,Kab. Bogor,2024-11-07,2029-11-07,2,Sarjono,4518,84960850,baru,9 September 2024,28 September 2024,selesai,20 September 2024,lunas,14,2024,30 September 2024,,,14,1,11,10,45,0.00%,19,tercapai,2024,20000000,20000000,0%,Sinta
19 August 2024,NULL,Claher Prastian,1,R07924,DPK048,"Jalan Abdul Gani, Kelurahan Kalibaru, Kecamatan Cilodong, Kota Depok, Jawa Barat",-6.445813,106.836266,8,done,1,0,19 August 2024,17 September 2024,22500000,30000000,26000000,26000000,1,Claher Prastian,baru,78000000,Kota Depok,2024-11-17,2029-11-17,6,Sendy,4526,90467250,baru,18 September 2024,7 October 2024,selesai,3 October 2024,lunas,29,2024,9 October 2024,,,29,0,15,6,51,0.00%,19,tercapai,2024,26000000,26000000,0%,Claher Prastian
19 August 2024,NULL,salma,4,R07933,BBS010,"Jalan P Diponegoro No 7, Desa Ketanggungan, Kecamatan Ketanggungan, Kabupaten Brebes, Jawa Tengah",-6.939209,108.890129,16,done,1,0,19 August 2024,3 September 2024,41250000,55000000,40000000,40000000,4,salma,baru,120000000,Kab. Brebes,2024-10-03,2029-10-03,6,Sendy,4535,92646500,baru,5 September 2024,24 September 2024,selesai,17 September 2024,lunas,15,2024,7 October 2024,,,15,1,12,20,49,0.00%,19,tercapai,2024,40000000,40000000,0%,salma
20 August 2024,NULL,salma,4,R07936,TNG034,"Jalan Sultan Ageng Tirtayasa No 90B,  Kelurahan Kunciran Indah, Kecamatan Pinang, Kota Tangerang, Banten",-6.222112,106.68055,11,done,1,0,20 August 2024,1 November 2024,18750000,25000000,23000000,23000000,4,salma,baru,69000000,Kota Tangerang,2024-11-15,2029-11-15,3,CV. Rizki Mitra Abadi,4538,86193200,baru,11 November 2024,3 December 2024,selesai,25 November 2024,lunas,73,2024,30 November 2024,,,73,9,14,5,102,0.00%,22,tercapai,2024,23000000,23000000,0%,salma
20 August 2024,NULL,Djadjang,2,R07937,KWG056,"Jalan Sadewa, Kelurahan Sukaluyu, Kecamatan Telukjambe Timur, Kabupaten Karawang, Jawa Barat",-6.33031,107.284309,9,done,1,0,21 August 2024,2 September 2024,26250000,35000000,30000000,30000000,9,Sinta,baru,90000000,Kab. Karawang,2024-11-02,2029-11-02,6,Sendy,4539,85918500,baru,3 September 2024,22 September 2024,selesai,13 September 2024,lunas,12,2024,27 September 2024,,,12,1,10,14,38,0.00%,19,tercapai,2024,30000000,30000000,0%,Sinta
21 August 2024,NULL,salma,4,R07940,UNR007,"Jalan Jend Sudirman, Kelurahan Gedanganak, Kecamatan Ungaran Timur, Kabupaten Semarang, Jawa Tengah",-7.153535,110.41008,11.3,done,1,0,21 August 2024,10 September 2024,49000000,70000000,38000000,38000000,4,salma,baru,114000000,Kab. Semarang,2024-11-10,2029-11-10,2,Sarjono,4542,112607350,baru,11 September 2024,30 September 2024,selesai,24 September 2024,lunas,20,2024,9 October 2024,,,20,0,13,15,49,0.00%,19,tercapai,2024,38000000,38000000,0%,salma
22 August 2024,NULL,Hanif,6,R07946,CKG051,"Jalan Pisangan Lama III, Kelurahan Pisangan Timur, Kecamatan Pulo Gadung, Jakarta Timur",-6.212516,106.878777,7.5,done,1,0,24 August 2024,14 September 2024,45000000,60000000,60000000,60000000,9,Sinta,baru,180000000,Kota Jakarta Timur,2024-10-14,2029-10-14,3,CV. Rizki Mitra Abadi,4548,85820700,baru,17 September 2024,6 October 2024,selesai,3 October 2024,lunas,21,2024,4 October 2024,,,21,3,16,1,43,0.00%,19,tercapai,2024,60000000,60000000,0%,Sinta
24 August 2024,NULL,Djadjang,2,R07954,SOR042,"Jalan Raya Laswi, Kelurahan Jelekong,  Kecamatan Baleendah, Kabupaten Bandung, Jawa Barat",-7.020796,107.656471,14,done,1,0,24 August 2024,10 September 2024,30000000,40000000,40000000,40000000,9,Sinta,baru,120000000,Kab. Bandung,2024-11-10,2029-11-10,5,Edwin,4556,105258650,baru,11 September 2024,30 September 2024,selesai,28 September 2024,lunas,17,2024,4 October 2024,,,17,0,17,6,41,0.00%,19,tercapai,2024,40000000,40000000,0%,Sinta
24 August 2024,NULL,salma,4,R07958,TNG032,"Jalan Imam Bonjol, Kelurahan Sukajadi,  Kecamatan Karawaci, Kota Tangerang, Banten",-6.182857,106.626663,9,done,1,0,24 August 2024,18 September 2024,19500000,26000000,27500000,27500000,4,salma,baru,75000000,Kota Tangerang,2024-10-18,2029-10-18,4,Trimo,4560,86192450,baru,19 September 2024,8 October 2024,selesai,5 October 2024,lunas,25,2024,10 October 2024,,,25,0,16,5,47,0.00%,19,tercapai,2024,27500000,27500000,0%,salma
25 August 2024,NULL,Djadjang,2,R07963,CMH005,"Jl Kol Matsuri, Kelurahan Cipageran, Kecamatan Cimahi Utara, Kota Cimahi",-6.859371,107.545029,12,done,1,0,26 August 2024,19 September 2024,33750000,45000000,40000000,40000000,9,Sinta,baru,120000000,Kota Cimahi,2024-11-19,2029-11-19,2,Sarjono,4565,109182250,baru,23 September 2024,12 October 2024,selesai,2 October 2024,lunas,24,2024,10 October 2024,,,24,3,9,8,46,0.00%,19,tercapai,2024,40000000,40000000,0%,Sinta
26 August 2024,NULL,Djadjang,2,R07964,NPH014,"Jalan Raya Cihanjuang, Desa  Cihanjuang, Kecamatan Parongpong, Kabupaten Bandung Barat, Jawa Barat",-6.859294,107.566055,9,done,1,0,26 August 2024,20 September 2024,37500000,50000000,50000000,50000000,9,Sinta,baru,150000000,Kab. Bandung,2024-10-20,2029-10-20,2,Sarjono,4566,101284110,baru,21 September 2024,10 October 2024,selesai,3 October 2024,lunas,25,2024,10 October 2024,,,25,0,12,7,45,0.00%,19,tercapai,2024,50000000,50000000,0%,Sinta
26 August 2024,NULL,Djadjang,2,R07968,NPH013,"Jalan Raya Cihampelas, Desa  Mekarmukti, Kecamatan Cihampelas, Kabupaten Bandung Barat, Jawa Barat",-6.928236,107.476761,10,done,1,0,26 August 2024,19 September 2024,30000000,40000000,32000000,32000000,9,Sinta,baru,96000000,Kab. Bandung Barat,2024-11-19,2029-11-19,6,Sendy,4570,98609050,baru,22 September 2024,11 October 2024,selesai,7 October 2024,lunas,24,2024,11 October 2024,,,24,2,15,4,46,0.00%,19,tercapai,2024,32000000,32000000,0%,Sinta
26 August 2024,NULL,salma,4,R07972,TNG033," Jalan Moh Toha, Kelurahan Gerendeng,  Kecamatan Karawaci, Kota Tangerang, Banten",-6.170528,106.619659,11,done,1,0,26 August 2024,18 September 2024,18750000,25000000,22000000,22000000,4,salma,baru,110000000,Kota Tangerang,2024-10-18,2029-10-18,4,Trimo,4574,96018500,baru,19 September 2024,8 October 2024,selesai,3 October 2024,lunas,23,2024,10 October 2024,,,23,0,14,7,45,0.00%,19,tercapai,2024,22000000,22000000,0%,salma
28 August 2024,NULL,Claher Prastian,1,R07977,DPK049,"Jalan Raya Bogor, Kelurahan Cisalak Pasar,  Kecamatan Cimanggis, Kota Depok, Jawa Barat",-6.372137,106.862312,7,done,1,0,28 August 2024,25 September 2024,56000000,80000000,60000000,60000000,1,Claher Prastian,baru,180000000,Kota Depok,2024-10-25,2027-10-25,6,Sendy,4579,122097500,baru,26 September 2024,15 October 2024,selesai,14 October 2024,lunas,28,2024,17 October 2024,,,28,0,18,3,50,0.00%,19,tercapai,2024,60000000,60000000,0%,Claher Prastian
29 August 2024,NULL,Hanif,6,R07981,CJR016,"Jalan Raya Tanggeung, Desa Tanggeung, Kecamatan Tanggeung, Kabupaten Cianjur, Jawa Barat",-7.26847,107.124123,17,done,1,0,30 August 2024,21 September 2024,30000000,40000000,30000000,30000000,9,Sinta,baru,90000000,Kab. Cianjur,2024-11-21,2029-11-21,2,Sarjono,4583,99197100,baru,23 September 2024,12 October 2024,selesai,10 October 2024,lunas,22,2024,15 October 2024,,,22,1,17,5,47,0.00%,19,tercapai,2024,30000000,30000000,0%,Sinta
30 August 2024,NULL,Hanif,6,R07988,CJR017,"Jalan Raya Gekbrong, Desa Gekbrong, Kecamatan Gekbrong, Kabupaten Cianjur,  Jawa Barat",-6.867763,107.033501,16,done,1,0,3 September 2024,10 December 2024,37500000,50000000,45000000,45000000,9,Sinta,baru,135000000,Kab. Cianjur,2025-02-10,2030-02-10,3,CV. Rizki Mitra Abadi,4590,117197523,baru,12 December 2024,3 January 2025,selesai,6 January 2025,lunas,98,2024,7 January 2025,,,98,2,25,1,130,0.00%,22,tidak tercapai,2024,45000000,45000000,0%,Sinta
30 August 2024,NULL,Djadjang,2,R07993,SNG025,"Jalan Raya Purwadadi, Desa  Belendung, Kecamatan Purwadadi, Kabupaten Subang, Jawa Barat",-6.460818,107.688232,10,done,1,0,30 August 2024,9 November 2024,37500000,50000000,42500000,42500000,9,Sinta,baru,125000000,Kab. Subang,2025-01-09,2030-01-09,3,CV. Rizki Mitra Abadi,4595,88210025,baru,11 November 2024,26 November 2024,selesai,26 November 2024,lunas,71,2024,30 November 2024,,,71,1,15,4,92,0.00%,15,tidak tercapai,2024,42500000,42500000,0%,Sinta
30 August 2024,NULL,Djadjang,2,R07997,SNG023,"Jalan Raya Cipeundeuy, Kelurahan Cipeundeuy, Kecamatan Cipeundeuy, Kabupaten Subang, Jawa Barat",-6.503466,107.569977,11,done,1,0,30 August 2024,26 September 2024,37500000,50000000,40000000,40000000,9,Sinta,baru,120000000,Kab. Subang,2024-10-26,2029-10-26,3,CV. Rizki Mitra Abadi,4599,95682400,baru,28 September 2024,17 October 2024,selesai,21 October 2024,lunas,27,2024,24 October 2024,,,27,1,23,3,55,0.00%,19,tidak tercapai,2024,40000000,40000000,0%,Sinta
30 August 2024,NULL,Djadjang,2,R07998,SNG024,"Jalan Ahmad Yani, Desa Ciasem Girang,  Kecamatan Ciasem, Kabupaten Subang, Jawa Barat",-6.340805,107.662727,12,done,1,0,31 August 2024,4 October 2024,30000000,40000000,40000000,40000000,9,Sinta,baru,120000000,Kab. Subang,2024-12-04,2029-12-04,3,CV. Rizki Mitra Abadi,4600,99458200,baru,7 October 2024,25 October 2024,selesai,23 October 2024,lunas,34,2024,28 October 2024,,,34,2,16,5,59,0.00%,18,tercapai,2024,40000000,40000000,0%,Sinta
31 August 2024,NULL,Djadjang,2,R08003,SNG022,"Jalan Raya Pusakanegara, Desa Pusakajaya,  Kecamatan Pusakajaya, Kabupaten Subang",-6.284616,107.87413,30,done,1,0,31 August 2024,23 September 2024,42000000,60000000,45000000,45000000,9,Sinta,baru,135000000,Kab. Subang,2024-11-23,2029-11-23,3,CV. Rizki Mitra Abadi,4605,94598100,baru,26 September 2024,15 October 2024,selesai,18 October 2024,lunas,23,2024,21 October 2024,,,23,2,22,3,51,0.00%,19,tidak tercapai,2024,45000000,45000000,0%,Sinta
1 September 2024,NULL,salma,4,R08006,TSM009,"Jalan Siliwangi, Kelurahan Kahuripan,  Kecamatan Tawang, Kota Tasikmalaya, Jawa Barat",-7.348869,108.225479,7.5,done,1,0,1 September 2024,27 September 2024,26250000,35000000,34000000,34000000,4,salma,baru,102000000,Kota Tasikmalaya,2024-11-27,2029-11-27,5,Edwin,4608,104099750,baru,30 September 2024,19 October 2024,selesai,9 October 2024,lunas,26,2024,22 October 2024,,,26,2,9,13,51,0.00%,19,tercapai,2024,34000000,34000000,0%,salma
2 September 2024,NULL,Djadjang,2,R08009,SBR044,"Jalan Cirebon-Bandung Rt  016 Rw 05, Desa Palimanan Barat, Kecamatan Gempol, Kabupaten Cirebon, Jawa  Barat",-6.705335,108.417358,22,done,1,0,2 September 2024,2 October 2024,12000000,16000000,14000000,14000000,9,Sinta,baru,70000000,Kab. Cirebon,2024-12-02,2029-12-02,5,Edwin,4611,103368600,baru,4 October 2024,23 October 2024,selesai,17 October 2024,lunas,30,2024,23 October 2024,,,30,2,13,6,51,0.00%,19,tercapai,2024,14000000,14000000,0%,Sinta
2 September 2024,NULL,salma,4,R08011,TSM010,"Jalan Mayor Tobing, Desa Sambongpari,  Kecamatan Mangkubumi, Kota Tasikmalaya, Jawa Barat",-7.345714,108.204659,8.8,done,1,0,2 September 2024,10 October 2024,26250000,35000000,25000000,25000000,4,salma,baru,75000000,Kota Tasikmalaya,2024-12-10,2029-12-10,6,Sendy,4613,105901500,baru,14 October 2024,12 November 2024,selesai,28 October 2024,lunas,38,2024,2 November 2024,,,38,3,14,5,61,0.00%,29,tercapai,2024,25000000,25000000,0%,salma
4 September 2024,NULL,salma,4,R08019,RKB009,"Jalan Raya Bayah-Cikotok, Kelurahan Bayah Barat, Kecamatan Bayah, Kabupaten Lebak, Banten",-6.932568,106.248627,12,done,1,0,4 September 2024,14 October 2024,30000000,40000000,35000000,35000000,4,salma,baru,105000000,Kab. Lebak,2024-12-14,2029-12-14,2,Sarjono,4621,101484600,baru,16 October 2024,31 October 2024,selesai,29 October 2024,lunas,40,2024,2 November 2024,,,40,1,13,4,59,0.00%,15,tercapai,2024,35000000,35000000,0%,salma
5 September 2024,NULL,Hanif,6,R08026,CBI072,"Jalan  Raya Karadenan No. 141 RT. 01 RW. 04 Kelurahan Karadenan, Kecamatan  Cibinong, Kabupaten Bogor, Jawa Barat",-6.519516,106.807884,5.2,done,1,0,17 September 2024,29 October 2024,0,43000000,40000000,40000000,9,Sinta,baru,120000000,Kab. Bogor,2024-12-29,2029-12-29,2,Sarjono,4628,110628695,baru,7 November 2024,26 November 2024,selesai,21 November 2024,lunas,42,2024,27 November 2024,,,42,8,14,6,83,0.00%,19,tercapai,2024,40000000,40000000,0%,Sinta
5 September 2024,NULL,Djadjang,2,R08031,TNA017,"Jalan Utan Panjang, Kelurahan Utan  Panjang, Kecamatan Kemayoran, Jakarta Pusat",-6.166823,106.852493,6.5,done,1,0,5 September 2024,21 September 2024,42000000,60000000,51000000,51000000,9,Sinta,baru,153000000,Kota Jakarta Pusat,2024-10-21,2029-10-21,4,Trimo,4633,113119450,baru,24 September 2024,13 October 2024,selesai,18 October 2024,lunas,16,2024,23 October 2024,,,16,3,24,5,48,0.00%,19,tidak tercapai,2024,51000000,51000000,0%,Sinta
6 September 2024,NULL,Hanif,6,R08039,CBI070,"Jalan Veteran III, Desa Banjar  Wangi, Kecamatan Ciawi, Kabupaten Bogor, Jawa Barat",-6.677985,106.864182,5,done,1,0,19 September 2024,17 October 2024,22500000,30000000,52000000,52000000,9,Sinta,baru,156000000,Kab. Bogor,2024-12-17,2029-12-17,4,Trimo,4641,108411450,baru,18 October 2024,5 November 2024,selesai,11 November 2024,lunas,28,2024,14 November 2024,,,28,0,24,3,69,0.00%,18,tidak tercapai,2024,52000000,52000000,0%,Sinta
6 September 2024,NULL,Hanif,6,R08042,CBI069,"Jalan Raya Kalisuren, Desa Kalisuren, Kecamatan Tajur Halang, Kabupaten Bogor, Jawa Barat",-6.462137,106.740601,10,done,1,0,17 September 2024,12 October 2024,12000000,16000000,16000000,16000000,9,Sinta,baru,48000000,Kab. Bogor,2024-11-12,2029-11-12,4,Trimo,4644,92378250,baru,14 October 2024,29 October 2024,selesai,26 October 2024,lunas,25,2024,30 October 2024,,,25,1,12,4,54,0.00%,15,tercapai,2024,16000000,16000000,0%,Sinta
12 September 2024,NULL,Djadjang,2,R08079,DPR018,"Jalan Ahmad Yani Utara, Kelurahan  Peguyangan, Kecamatan Denpasar Utara, Kota Denpasar, Bali",-8.629731,115.209045,10,done,1,0,12 September 2024,29 October 2024,42000000,60000000,60000000,60000000,9,Sinta,baru,180000000,Kota Denpasar,2024-12-29,2029-12-29,4,Trimo,4681,100270000,baru,30 October 2024,14 November 2024,selesai,10 December 2024,lunas,47,2024,26 December 2024,,,47,0,41,16,105,0.00%,15,tidak tercapai,2024,60000000,60000000,0%,Sinta
12 September 2024,NULL,salma,4,R08083,YYK001,"Jalan Magelang No 109, Kelurahan Kricak, Kecamatan Tegalrejo, Kota Yogyakarta",-7.774491,110.361023,20,done,1,0,12 September 2024,8 October 2024,45500000,65000000,55000000,55000000,4,salma,baru,165000000,Kota Yogyakarta,2024-12-08,2029-12-08,4,Trimo,4685,114815450,baru,13 October 2024,7 November 2024,selesai,28 October 2024,lunas,26,2024,12 November 2024,,,26,4,15,15,61,0.00%,25,tercapai,2024,55000000,55000000,0%,salma
13 September 2024,NULL,Hanif,6,R08092,CKG052,"Jalan Kayu Tinggi, Kelurahan Cakung  Timur, Kecamatan Cakung, Kota Jakarta Timur",-6.166177,106.948586,20,done,1,0,19 September 2024,1 October 2024,24000000,32000000,28000000,28000000,9,Sinta,baru,84000000,Kota Jakarta Timur,2024-12-01,2029-12-01,2,Sarjono,4694,99434875,baru,2 October 2024,21 October 2024,selesai,16 October 2024,lunas,12,2024,21 October 2024,,,12,0,14,5,38,0.00%,19,tercapai,2024,28000000,28000000,0%,Sinta
14 September 2024,NULL,Claher Prastian,1,R08097,CBI067,"Jalan Raya Narogong, Desa Limus Nunggal,  Kecamatan Cileungsi, Kabupaten Bogor, Jawa Barat",-6.36026,106.976601,12,done,1,0,14 September 2024,28 September 2024,37500000,50000000,42000000,42000000,1,Claher Prastian,baru,126000000,Kab. Bogor,2024-11-28,2029-11-28,5,Edwin,4699,111194480,baru,2 October 2024,21 October 2024,selesai,15 October 2024,lunas,14,2024,21 October 2024,,,14,3,13,6,37,0.00%,19,tercapai,2024,42000000,42000000,0%,Claher Prastian
15 September 2024,NULL,Djadjang,2,R08102,MGW005,"Jalan By Pass  Munggu, Desa Munggu, Kecamatan Mengwi, Kabupaten Badung, Bali",-8.627776,115.128235,8,done,1,0,17 September 2024,25 October 2024,49000000,70000000,57500000,57500000,9,Sinta,baru,172500000,Kab. Badung,2024-12-25,2029-12-25,4,Trimo,4704,114078250,baru,1 November 2024,16 November 2024,selesai,18 December 2024,lunas,38,2024,5 February 2025,,,38,6,47,49,143,0.00%,15,tidak tercapai,2024,57500000,57500000,0%,Sinta
16 September 2024,NULL,Djadjang,2,R08107,MGW004,"Jalan Uluwatu, Kelurahan  Kedonganan, Kecamatan Kuta, Kabupaten Badung, Bali",-8.766453,115.174477,7.5,done,1,0,17 September 2024,10 October 2024,56000000,80000000,50000000,50000000,9,Sinta,baru,250000000,Kab. Badung,2024-11-10,2029-11-10,4,Trimo,4709,100442800,baru,19 October 2024,3 November 2024,selesai,11 December 2024,lunas,23,2024,5 February 2025,,,23,8,53,56,142,0.00%,15,tidak tercapai,2024,50000000,50000000,0%,Sinta
16 September 2024,NULL,Djadjang,2,R08107,MGW004,"Jalan Uluwatu, Kelurahan  Kedonganan, Kecamatan Kuta, Kabupaten Badung, Bali",-8.766453,115.174477,7.5,done,1,0,17 September 2024,10 October 2024,56000000,80000000,50000000,50000000,9,Sinta,baru,250000000,Kab. Badung,2024-11-10,2029-11-10,4,Trimo,4709,100442800,baru,19 October 2024,3 November 2024,selesai,7 January 2025,lunas,23,2024,5 February 2025,,,23,8,80,29,142,0.00%,15,tidak tercapai,2024,50000000,50000000,0%,Sinta
19 September 2024,NULL,Hanif,6,R08146,CBI074,"Jalan Raya Tonjong, Desa  Cimanggis, Kecamatan Bojong Gede, Kabupaten Bogor, Jawa Barat",-6.502358,106.78447,9,done,1,0,21 September 2024,6 November 2024,12000000,16000000,10000000,10000000,9,Sinta,baru,50000000,Kab. Bogor,2025-01-06,2030-01-06,4,Trimo,4748,100181100,baru,9 November 2024,1 December 2024,selesai,4 January 2025,lunas,46,2024,7 January 2025,,,46,2,56,3,110,0.00%,22,tidak tercapai,2024,10000000,10000000,0%,Sinta
19 September 2024,NULL,Hanif,6,R08153,CBI071,"Jalan Kp Gunung Putri, Desa  Gunung Putri, Kecamatan Gunung Putri, Kabupaten Bogor, Jawa Barat",-6.459244,106.896027,15,done,1,0,20 September 2024,22 October 2024,20250000,27000000,24000000,24000000,9,Sinta,baru,72000000,Kab. Bogor,2024-11-22,2029-11-22,5,Edwin,4755,97913463,baru,23 October 2024,10 November 2024,selesai,1 November 2024,lunas,32,2024,12 November 2024,,,32,0,9,11,54,0.00%,18,tercapai,2024,24000000,24000000,0%,Sinta
19 September 2024,NULL,Djadjang,2,R08154,DPR017,"Jalan Cokroaminoto, Desa Ubung Kaja,  Kecamatan Denpasar Utara, Kota Denpasar, Bali",-8.615519,115.193878,10,done,1,0,19 September 2024,30 September 2024,42000000,60000000,50000000,50000000,9,Sinta,baru,150000000,Kota Denpasar,2024-11-30,2029-11-30,4,Trimo,4756,111980000,baru,19 October 2024,3 November 2024,selesai,27 November 2024,lunas,11,2024,30 November 2024,,,11,18,39,3,72,0.00%,15,tidak tercapai,2024,50000000,50000000,0%,Sinta
20 September 2024,NULL,salma,4,R08164,CKR035,"Jalan Bumi Citra Lestari Raya, Kelurahan Waluya, Kecamatan Cikarang Utara, Kabupaten Bekasi",-6.265198,107.187256,12,done,1,0,20 September 2024,3 October 2024,26250000,35000000,32500000,32500000,4,salma,baru,97500000,Kab. Bekasi,2024-12-03,2029-12-03,5,Edwin,4766,101715400,baru,7 October 2024,26 October 2024,selesai,19 October 2024,lunas,13,2024,24 October 2024,,,13,4,12,5,34,0.00%,19,tercapai,2024,32500000,32500000,0%,salma
20 September 2024,NULL,Hanif,6,R08167,SBM023,"Jalan Sundawenang, Desa Sundawenang,  Kecamatan Parungkuda, Kabupaten Sukabumi, Jawa Barat ",-6.865671,106.768379,7,done,1,0,21 September 2024,2 November 2024,18750000,25000000,22000000,22000000,9,Sinta,baru,66000000,Kab. Sukabumi,2025-01-02,2030-01-02,5,Edwin,4769,91605600,baru,6 November 2024,21 November 2024,selesai,16 November 2024,lunas,42,2024,21 November 2024,,,42,3,10,5,62,0.00%,15,tercapai,2024,22000000,22000000,0%,Sinta
20 September 2024,NULL,Hanif,6,R08171,SBM021,"Jalan Cidahu, Desa  Pondokkaso Tonggoh, Kecamatan Cidahu, Kabupaten Sukabumi, Jawa Barat",-6.798375,106.763992,6,done,1,0,21 September 2024,19 October 2024,13500000,18000000,14000000,14000000,9,Sinta,baru,70000000,Kab. Sukabumi,2024-12-19,2029-12-19,3,CV. Rizki Mitra Abadi,4773,83333700,baru,22 October 2024,6 November 2024,selesai,5 November 2024,lunas,28,2024,12 November 2024,,,28,2,14,7,53,0.00%,15,tercapai,2024,14000000,14000000,0%,Sinta
25 September 2024,NULL,Gita,11,R08194,KWG057,"Jalan Raya Kosambi-Curug, Desa Sumur  Kondang, Kecamatan Klari, Kabupaten Karawang, Jawa Barat",-6.393863,107.378136,10,done,1,0,25 September 2024,23 October 2024,7500000,10000000,8000000,8000000,11,Gita,baru,40000000,Kab. Karawang,2024-12-23,2029-12-23,3,CV. Rizki Mitra Abadi,4795,117527750,baru,26 October 2024,24 November 2024,selesai,11 November 2024,lunas,28,2024,14 November 2024,,,28,2,16,3,50,0.00%,29,tercapai,2024,8000000,8000000,0%,Gita
25 September 2024,NULL,Sinta,9,R08195,SBM020,"Jalan Pelabuhan, Desa Cimanggu, Kecamatan  Cikembar, Kabupaten Sukabumi, Jawa Barat",-6.953799,106.767807,13,done,1,0,25 September 2024,9 October 2024,37500000,50000000,40000000,40000000,9,Sinta,baru,120000000,Kab. Sukabumi,2024-11-09,2027-11-09,2,Sarjono,4796,103272100,baru,11 October 2024,2 November 2024,selesai,19 October 2024,lunas,14,2024,30 October 2024,,,14,1,8,11,35,0.00%,22,tercapai,2024,40000000,40000000,0%,Sinta
25 September 2024,NULL,Djadjang,2,R08207,CMS006,"Jalan Raya Buniseuri, Desa Buniseuri,  Kecamatan Cipaku, Kabupaten Ciamis, Jawa Barat",-7.242285,108.377953,15,done,1,0,25 September 2024,24 October 2024,41250000,55000000,51000000,51000000,9,Sinta,baru,153000000,Kab. Ciamis,2024-12-24,2029-12-24,5,Edwin,4808,121437500,baru,25 October 2024,16 November 2024,selesai,8 November 2024,lunas,29,2024,14 November 2024,,,29,1,14,6,50,0.00%,22,tercapai,2024,51000000,51000000,0%,Sinta
26 September 2024,NULL,Djadjang,2,R08214,BJR005,"Jalan Pataruman, Kelurahan Pataruman,  Kecamatan Pataruman, Kota Banjar, Jawa Barat",-7.374282,108.547104,15,done,1,0,26 September 2024,11 November 2024,22500000,30000000,25000000,25000000,9,Sinta,baru,75000000,Kota Banjar,2025-01-11,2030-01-11,6,Sendy,4815,102677050,baru,14 November 2024,29 November 2024,selesai,2 December 2024,lunas,46,2024,5 December 2024,,,46,2,18,3,70,0.00%,15,tidak tercapai,2024,25000000,25000000,0%,Sinta
26 September 2024,NULL,salma,4,R08217,CKG053,"Jalan Raya Bekasi, Kelurahan Cakung Barat, Kecamatan Cakung, Kota Jakarta Timur",-6.183035,106.933533,3.2,done,1,0,26 September 2024,21 October 2024,26250000,35000000,25000000,25000000,4,salma,baru,75000000,Kota Jakarta Timur,2024-12-21,2029-12-21,6,Sendy,4818,121419609,baru,23 October 2024,21 November 2024,selesai,18 November 2024,lunas,25,2024,21 November 2024,,,25,1,26,3,56,0.00%,29,tercapai,2024,25000000,25000000,0%,salma
26 September 2024,NULL,Djadjang,2,R08219,CMS007,"Jalan Nasional III, Desa Cisaga,  Kecamatan Cisaga, Kabupaten Ciamis, Jawa Barat",-7.346565,108.516525,15,done,1,0,26 September 2024,28 October 2024,30000000,40000000,35000000,35000000,9,Sinta,baru,105000000,Kab. Ciamis,2024-12-28,2029-12-28,5,Edwin,4820,99262800,baru,6 November 2024,24 November 2024,selesai,18 November 2024,lunas,32,2024,30 November 2024,,,32,8,12,12,65,0.00%,18,tercapai,2024,35000000,35000000,0%,Sinta
26 September 2024,NULL,Sinta,9,R08224,CLP009,"Jalan Raya Karangpucung, Desa  Karangpucung, Kecamatan Karangpucung, Kabupaten Cilacap, Jawa Tengah",-7.412825,108.899483,10,done,1,0,26 September 2024,18 October 2024,20250000,27000000,20000000,20000000,9,Sinta,baru,100000000,Kab. Cilacap,2024-12-18,2029-12-18,6,Sendy,4825,89071350,baru,18 October 2024,2 November 2024,selesai,29 October 2024,lunas,22,2024,12 November 2024,,,22,0,11,14,47,0.00%,15,tercapai,2024,20000000,20000000,0%,Sinta
28 September 2024,NULL,salma,4,R08235,CLP008,"Jalan Raya Cimanggu-Karangpucung, Desa  Panimbang, Kecamatan Cimanggu, Kabupaten Cilacap, Jawa tengah",-7.366422,108.863503,7,done,1,0,28 September 2024,15 October 2024,12000000,16000000,15000000,15000000,4,salma,baru,75000000,Kab. Cilacap,2024-12-15,2029-12-15,6,Sendy,4836,86439100,baru,16 October 2024,31 October 2024,selesai,1 November 2024,lunas,17,2024,6 November 2024,,,17,0,16,5,39,0.00%,15,tidak tercapai,2024,15000000,15000000,0%,salma
1 October 2024,NULL,Sinta,9,R08246,CBN011,"Jalan Perjuangan No 1, Kelurahan  Karyamulya, Kecamatan Kesambi, Kota Cirebon, Jawa Barat",-6.736482,108.530815,12,done,1,0,1 October 2024,26 October 2024,42000000,60000000,40000000,40000000,9,Sinta,baru,120000000,Kota Cirebon,2024-11-26,2029-11-26,6,Sendy,4847,89091250,baru,28 October 2024,15 November 2024,selesai,11 November 2024,lunas,25,2024,14 November 2024,,,25,1,14,3,44,0.00%,18,tercapai,2024,40000000,40000000,0%,Sinta
2 October 2024,NULL,salma,4,R08252,SKH007,"Jalan KH Samanhudi, Kelurahan Jetis, Kecamatan Sukoharjo, Kabupaten Sukoharjo, Jawa Tengah",-7.689657,110.829506,20,done,1,0,2 October 2024,8 November 2024,30000000,40000000,30000000,30000000,4,salma,baru,90000000,Kab. Sukoharjo,2025-01-08,2028-01-08,3,CV. Rizki Mitra Abadi,4853,101314475,baru,12 November 2024,30 November 2024,selesai,30 November 2024,lunas,37,2024,4 December 2024,,,37,3,18,4,63,0.00%,18,tidak tercapai,2024,30000000,30000000,0%,salma
3 October 2024,NULL,salma,4,R08259,CKR038,"Jalan Pulo Timaha, Desa Babelan Kota, Kecamatan Babelan, Kabupaten Bekasi, Jawa Barat",-6.160361,107.013763,5.6,done,1,0,3 October 2024,22 November 2024,18000000,36000000,28000000,28000000,4,salma,baru,84000000,Kab. Bekasi,2024-12-22,2029-12-22,5,Edwin,4860,116567650,baru,25 November 2024,17 December 2024,selesai,14 December 2024,lunas,50,2024,,,,50,2,19,,,0.00%,22,tercapai,2024,28000000,28000000,0%,salma
4 October 2024,NULL,Djadjang,2,R08278,PDG012,"Jalan Ciputri, Kelurahan Purwaraja,  Kecamatan Menes, Kabupaten Pandeglang, Banten",-6.37587,105.91877,10,done,1,0,4 October 2024,7 November 2024,21000000,28000000,22000000,22000000,9,Sinta,baru,110000000,Kab. Pandeglang,2024-12-07,2029-12-07,4,Trimo,4879,102760550,baru,12 November 2024,4 December 2024,selesai,17 December 2024,lunas,34,2024,19 December 2024,,,34,4,35,2,76,0.00%,22,tidak tercapai,2024,22000000,22000000,0%,Sinta
7 October 2024,NULL,Gita,11,R08293,KWG060,"Jalan Mashudi, Desa Pucung,  Kecamatan Kota Baru, Kabupaten Karawang, Jawa Barat",-6.401957,107.468109,13,done,1,0,7 October 2024,2 November 2024,22500000,30000000,30000000,30000000,11,Gita,baru,90000000,Kab. Karawang,2025-01-02,2030-01-02,2,Sarjono,4894,97322600,baru,5 November 2024,22 November 2024,selesai,18 November 2024,lunas,26,2024,27 November 2024,,,26,2,13,9,51,0.00%,17,tercapai,2024,30000000,30000000,0%,Gita
7 October 2024,NULL,salma,4,R08295,CBI073,"Jalan Baru  Jonggol, Kelurahan Jonggol, Kecamatan Jonggol, Kabupaten Bogor, Jawa Barat",-6.464225,107.066299,10,done,1,0,7 October 2024,5 November 2024,26250000,35000000,32000000,32000000,4,salma,baru,96000000,Kab. Bogor,2025-01-05,2030-01-05,2,Sarjono,4896,103300847,baru,8 November 2024,30 November 2024,selesai,26 November 2024,lunas,29,2024,30 November 2024,,,29,2,18,4,54,0.00%,22,tercapai,2024,32000000,32000000,0%,salma
9 October 2024,NULL,Djadjang,2,R08300,KWG059,"Jalan Margasari, Desa Margasari,  Kecamatan Karawang Timur, Kabupaten Karawang, Jawa Bara",-6.313829,107.3311,10,done,1,0,9 October 2024,31 October 2024,11250000,15000000,12000000,12000000,9,Sinta,baru,36000000,Kab. Karawang,2024-12-31,2029-12-31,5,Edwin,4901,86498050,baru,12 November 2024,27 November 2024,selesai,25 November 2024,lunas,22,2024,30 November 2024,,,22,11,13,5,52,0.00%,15,tercapai,2024,12000000,12000000,0%,Sinta
9 October 2024,NULL,Djadjang,2,R08302,KWG058,"Jalan Griya Raya, Desa  Cibalongsari, Kecamatan Klari, Kabupaten Karawang, Jawa Barat",-6.352799,107.373772,20,done,1,0,9 October 2024,30 October 2024,22500000,30000000,26000000,26000000,9,Sinta,baru,78000000,Kab. Karawang,2024-11-30,2029-11-30,3,CV. Rizki Mitra Abadi,4903,94817300,baru,1 November 2024,16 November 2024,selesai,20 November 2024,lunas,21,2024,22 November 2024,,,21,1,19,2,44,0.00%,15,tidak tercapai,2024,26000000,26000000,0%,Sinta
9 October 2024,NULL,Hanif,6,R08303,GRT033,"Jalan Raya Samarang, Kelurahan Mekargalih, Kecamatan Tarogong  Kidul, Kabupaten Garut, Jawa Barat",-7.201794,107.871902,10,done,1,0,12 October 2024,8 November 2024,13500000,18000000,15000000,15000000,9,Sinta,baru,75000000,Kab. Garut,2025-01-08,2030-01-08,6,Sendy,4904,95031350,baru,9 November 2024,27 November 2024,selesai,27 November 2024,lunas,27,2024,30 November 2024,,,27,0,18,3,52,0.00%,18,tidak tercapai,2024,15000000,15000000,0%,Sinta
9 October 2024,NULL,Hanif,6,R08306,GRT032,"Jalan Raya Samarang, Desa Cintarakyat, Kecamatan Samarang, Kabupaten Garut, Jawa Barat ",-7.210986,107.851349,18,done,1,0,12 October 2024,4 November 2024,18750000,25000000,22500000,22500000,9,Sinta,baru,67500000,Kab. Garut,2025-01-04,2030-01-04,6,Sendy,4907,88005750,baru,6 November 2024,21 November 2024,selesai,21 November 2024,lunas,23,2024,27 November 2024,,,23,1,15,6,49,0.00%,15,tidak tercapai,2024,22500000,22500000,0%,Sinta
9 October 2024,NULL,salma,4,R08314,BDG018,"Jalan Raya Derwati, Kelurahan Derwati,  Kecamatan Rancasari, Kota Bandung, Jawa Barat",-6.965416,107.686722,13,done,1,0,9 October 2024,14 November 2024,49000000,70000000,60000000,60000000,4,salma,baru,180000000,Kota Bandung,2025-01-14,2030-01-14,5,Edwin,4915,101081000,baru,16 November 2024,1 December 2024,selesai,6 December 2024,lunas,36,2024,9 December 2024,,,36,1,20,3,61,0.00%,15,tidak tercapai,2024,60000000,60000000,0%,salma
10 October 2024,NULL,Hanif,6,R08319,TSM011,"Jalan Letnan Kolonel Re Jaelani, Kelurahan  Tuguraja, Kecamatan Cihideung, Kota Tasikmalaya, Jawa Barat ",-7.332368,108.206047,7.1,done,1,0,12 October 2024,2 November 2024,13875000,18500000,18500000,18500000,9,Sinta,baru,92500000,Kab. Tasikmalaya,2024-12-02,2029-12-02,6,Sendy,4920,96064300,baru,6 November 2024,21 November 2024,selesai,20 November 2024,lunas,21,2024,22 November 2024,,,21,3,14,2,43,0.00%,15,tercapai,2024,18500000,18500000,0%,Sinta
10 October 2024,NULL,Djadjang,2,R08322,CKR036,"Jalan Raya Lemahabang, Desa  Simpangan, Kecamatan Cikarang Utara, Kabupaten Bekasi, Jawa Barat",-6.272502,107.175652,9,done,1,0,10 October 2024,5 November 2024,18750000,25000000,23000000,23000000,9,Sinta,baru,69000000,Kab. Bekasi,2025-01-05,2030-01-05,2,Sarjono,4923,93906100,baru,6 November 2024,23 November 2024,selesai,18 November 2024,lunas,26,2024,22 November 2024,,,26,0,12,4,43,0.00%,17,tercapai,2024,23000000,23000000,0%,Sinta
10 October 2024,NULL,Djadjang,2,R08330,CKR037,"Jalan Bojong Koneng, Desa Telaga  Murni, Kecamatan Cikarang Barat, Kabupaten Bekasi, Jawa Barat",-6.264001,107.115234,10,done,1,0,11 October 2024,6 November 2024,42000000,60000000,40000000,40000000,9,Sinta,baru,120000000,Kab. Bekasi,2025-01-06,2030-01-06,5,Edwin,4931,138939825,baru,12 November 2024,30 November 2024,selesai,4 December 2024,lunas,26,2024,5 December 2024,,,26,5,22,1,56,0.00%,18,tidak tercapai,2024,40000000,40000000,0%,Sinta
11 October 2024,NULL,Gita,11,R08343,SKT004,"Jalan Letjen Suprapto, Kelurahan  Sumber, Kecamatan Banjarsari, Kota Surakarta, Jawa Tengah",-7.548893,110.803581,7,done,1,0,11 October 2024,11 November 2024,15000000,20000000,30000000,30000000,11,Gita,baru,100000000,Kota Surakarta,2024-11-28,2029-11-28,3,CV. Rizki Mitra Abadi,4944,102370650,baru,24 November 2024,9 December 2024,selesai,16 December 2024,lunas,31,2024,19 December 2024,,,31,12,22,3,69,0.00%,15,tidak tercapai,2024,30000000,30000000,0%,Gita
14 October 2024,NULL,Claher Prastian,1,R08352,BBS011,"Jalan Raya Linggapura Rt 005 Rw 003,  Desa Linggapura, Kecamatan Tonjong, Kabupaten Brebes, Jawa Tengah",-7.186532,109.024612,14,done,1,0,14 October 2024,28 October 2024,22500000,30000000,26000000,26000000,1,Claher Prastian,baru,78000000,Kab. Brebes,2024-12-28,2029-12-28,2,Sarjono,4953,110204900,baru,30 October 2024,21 November 2024,selesai,11 November 2024,lunas,14,2024,14 November 2024,,,14,2,12,3,31,0.00%,22,tercapai,2024,26000000,26000000,0%,Claher Prastian
15 October 2024,NULL,salma,4,R08360,NPH015,"Jalan Raya Cihampelas, Kelurahan  Citapen, Kecamatan Cihampelas, Kabupaten Bandung Barat, Jawa Barat ",-6.933133,107.496872,7,done,1,0,15 October 2024,26 December 2024,42000000,60000000,35000000,35000000,4,salma,baru,90000000,Kab. Bandung Barat,2025-01-26,2030-01-26,5,Edwin,4961,127306860,baru,28 December 2024,26 January 2025,selesai,11 January 2025,lunas,72,2024,30 January 2025,,,72,2,14,19,107,0.00%,29,tercapai,2024,35000000,35000000,0%,salma
15 October 2024,NULL,salma,4,R08360,NPH015,"Jalan Raya Cihampelas, Kelurahan  Citapen, Kecamatan Cihampelas, Kabupaten Bandung Barat, Jawa Barat ",-6.933133,107.496872,7,done,1,0,15 October 2024,26 December 2024,42000000,60000000,35000000,35000000,4,salma,baru,90000000,Kab. Bandung Barat,2025-01-26,2030-01-26,5,Edwin,4961,127306860,baru,28 December 2024,26 January 2025,selesai,24 January 2025,lunas,72,2024,30 January 2025,,,72,2,27,6,107,0.00%,29,tercapai,2024,35000000,35000000,0%,salma
16 October 2024,NULL,Sinta,9,R08361,JPA003,"Jalan Raya Jepara-Kudus, Desa  Pelemkerep, Kecamatan Mayong, Kabupaten Jepara, Jawa Tengah",-6.748972,110.758041,27,done,1,0,16 October 2024,30 October 2024,26250000,35000000,30000000,30000000,9,Sinta,baru,90000000,Kab. Jepara,2024-12-30,2029-12-30,2,Sarjono,4962,101648850,baru,1 November 2024,19 November 2024,selesai,11 November 2024,lunas,14,2024,13 January 2025,,,14,1,10,63,89,0.00%,18,tercapai,2024,30000000,30000000,0%,Sinta
16 October 2024,NULL,salma,4,R08364,SMD014,"Jalan Raya Bandung-Garut, Desa  Mangunarga, Kecamatan Cimanggung, Kabupaten Sumedang, Jawa Barat",-6.962989,107.796555,8,done,1,0,16 October 2024,4 November 2024,31500000,42000000,39000000,39000000,4,salma,baru,117000000,Kab. Sumedang,2025-01-04,2030-01-04,5,Edwin,4965,111012300,baru,7 November 2024,24 November 2024,selesai,23 November 2024,lunas,19,2024,30 November 2024,,,19,2,16,7,45,0.00%,17,tercapai,2024,39000000,39000000,0%,salma
16 October 2024,NULL,Djadjang,2,R08366,JPA006,"Jalan Raya Jepara-Bugel, Desa Bugel,  Kecamatan Kedung, Kabupaten Jepara, Jawa Tengah",-6.671254,110.671799,8.5,done,1,0,17 October 2024,29 November 2024,9000000,12000000,12000000,12000000,9,Sinta,baru,60000000,Kab. Jepara,2024-12-29,2029-12-29,6,Sendy,4967,89096600,baru,30 November 2024,15 December 2024,selesai,26 December 2024,lunas,43,2024,29 April 2025,,,43,0,26,124,195,0.00%,15,tidak tercapai,2024,12000000,12000000,0%,Sinta
17 October 2024,NULL,Gita,11,R08367,DMK006,"Jalan Pucang Gading Raya, Kelurahan  Batusari, Kecamatan Mranggen, Kabupaten Demak, Jawa Tengah",-7.04012,110.494873,12,done,1,0,17 October 2024,13 November 2024,22500000,30000000,28000000,28000000,11,Gita,baru,84000000,Kab. Demak,2025-01-13,2030-01-13,2,Sarjono,4968,131210100,baru,15 November 2024,3 December 2024,selesai,6 December 2024,lunas,27,2024,11 December 2024,,,27,1,21,5,55,0.00%,18,tidak tercapai,2024,28000000,28000000,0%,Gita
17 October 2024,NULL,Djadjang,2,R08377,JPA004,"Jalan Jepara Bangsri, Desa Jambu,  Kecamatan Mlonggo, Kabupaten Jepara, Jawa Tengah",-6.52712,110.708878,15,done,1,0,17 October 2024,26 November 2024,15000000,20000000,38000000,38000000,9,Sinta,baru,114000000,Kab. Jepara,2024-12-26,2029-12-26,6,Sendy,4978,110114850,baru,28 November 2024,13 December 2024,selesai,30 December 2024,lunas,40,2024,24 February 2025,,,40,1,32,56,130,0.00%,15,tidak tercapai,2024,38000000,38000000,0%,Sinta
17 October 2024,NULL,Djadjang,2,R08378,JPA005,"Jalan Raya Welahan, Desa Gedangan,  Kecamatan Welahan, Kabupaten Jepara, Jawa Tengah",-6.786503,110.723106,23,done,1,0,1 November 2024,28 November 2024,22500000,30000000,28500000,28500000,9,Sinta,baru,85500000,Kab. Jepara,2024-12-28,2027-12-28,6,Sendy,4979,96199470,baru,30 November 2024,15 December 2024,selesai,23 December 2024,lunas,27,2024,15 March 2025,,,27,1,23,82,149,0.00%,15,tidak tercapai,2024,28500000,28500000,0%,Sinta
18 October 2024,NULL,Djadjang,2,R08387,WNG003,"Jalan Jendral Ahmad Yani, Desa Giripurwo,  Kecamatan Wonogiri, Kabupaten Wonogiri, Jawa Tengah",-7.807105,110.923073,17,done,1,0,18 October 2024,16 November 2024,26250000,35000000,27000000,27000000,9,Sinta,baru,81000000,Kab. Wonogiri,2025-01-01,2028-01-01,3,CV. Rizki Mitra Abadi,4988,96997350,baru,19 November 2024,4 December 2024,selesai,9 December 2024,lunas,29,2024,13 January 2025,,,29,2,20,35,87,0.00%,15,tidak tercapai,2024,27000000,27000000,0%,Sinta
18 October 2024,NULL,salma,4,R08389,CBI078,"Jalan Raya Klapanunggal, Desa Cikahuripan, Kecamatan Klapanunggal, Kabupaten Bogor, Jawa  Barat",-6.450045,106.973282,12,done,1,0,18 October 2024,6 December 2024,30000000,40000000,35000000,35000000,4,salma,baru,175000000,Kab. Bogor,2025-01-06,2030-01-06,2,Sarjono,4990,100549050,baru,8 December 2024,23 December 2024,selesai,20 December 2024,lunas,49,2024,24 December 2024,,,49,1,12,4,67,0.00%,15,tercapai,2024,35000000,35000000,0%,salma
18 October 2024,NULL,Sinta,9,R08395,PML007,"Jalan Raya Petarukan, Desa Petarukan,  Kecamatan Petarukan, Kabupaten Pemalang, Jawa Tengah",-6.89482,109.455162,14,done,1,0,18 October 2024,19 November 2024,15000000,20000000,18500000,18500000,9,Sinta,baru,55500000,Kab. Pemalang,2025-01-19,2030-01-19,2,Sarjono,4996,100569800,baru,20 November 2024,5 December 2024,selesai,6 December 2024,lunas,32,2024,10 December 2024,,,32,0,16,4,53,0.00%,15,tidak tercapai,2024,18500000,18500000,0%,Sinta
18 October 2024,NULL,Djadjang,2,R08396,WNG001,"Jalan Raya Wonogiri-Ponorogo, Desa  Jatisari, Kecamatan Jatisrono, Kabupaten Wonogiri, Jawa Tengah",-7.827123,111.126602,10,done,1,0,18 October 2024,13 November 2024,20250000,27000000,25000000,25000000,9,Sinta,baru,75000000,Kab. Wonogiri,2025-01-13,2030-01-13,6,Sendy,4997,97676800,baru,15 November 2024,7 December 2024,selesai,6 December 2024,lunas,26,2024,13 January 2025,,,26,1,21,38,87,0.00%,22,tercapai,2024,25000000,25000000,0%,Sinta
18 October 2024,NULL,Djadjang,2,R08400,WNG002,"Jalan Raya Purwantoro, Desa Bangsri,  Kecamatan Purwantoro, Kabupaten Wonogiri, Jawa Tengah",-7.846138,111.261047,12,done,1,0,19 October 2024,15 November 2024,37500000,50000000,38500000,38500000,9,Sinta,baru,115500000,Kab. Wonogiri,2024-12-15,2029-12-15,6,Sendy,5001,107930500,baru,20 November 2024,19 December 2024,selesai,6 December 2024,lunas,27,2024,20 May 2025,,,27,4,16,165,214,0.00%,29,tercapai,2024,38500000,38500000,0%,Sinta
21 October 2024,NULL,salma,4,R08411,CBI075,"Jalan Raya Pasir Angin,  Kelurahan Pasir Angin, Kecamatan Megamendung, Kabupaten Bogor, Jawa Barat",-6.652043,106.868126,15,done,1,0,21 October 2024,12 November 2024,22500000,30000000,20000000,20000000,4,salma,baru,60000000,Kab. Bogor,2025-01-12,2030-01-12,2,Sarjono,5012,102853158,baru,14 November 2024,29 November 2024,selesai,26 November 2024,lunas,22,2024,2 December 2024,,,22,1,12,6,42,0.00%,15,tercapai,2024,20000000,20000000,0%,salma
22 October 2024,NULL,Gita,11,R08420,TNG035,"Jalan Atang Sanjaya No. 44, Kelurahan  Benda, Kecamatan Benda, Tangerang, Banten",-6.113757,106.689339,10,done,1,0,22 October 2024,21 November 2024,26250000,35000000,30000000,30000000,11,Gita,baru,90000000,Kota Tangerang,2024-12-05,2027-12-05,3,CV. Rizki Mitra Abadi,5021,102184600,baru,24 November 2024,14 December 2024,selesai,10 December 2024,lunas,30,2024,12 December 2024,,,30,2,16,2,51,0.00%,20,tercapai,2024,30000000,30000000,0%,Gita
23 October 2024,NULL,Hanif,6,R08429,DPK051,"Jalan Tanah Baru, Kelurahan Pancoran  Mas, Kecamatan Pancoran Mas, Kota Depok, Jawa Barat",-6.391466,106.804352,10,done,1,0,29 October 2024,23 November 2024,30000000,40000000,40000000,40000000,9,Sinta,baru,120000000,Kota Depok,2025-01-23,2030-01-23,6,Sendy,5030,102740875,baru,25 November 2024,13 December 2024,selesai,11 December 2024,lunas,25,2024,16 December 2024,,,25,1,16,5,54,0.00%,18,tercapai,2024,40000000,40000000,0%,Sinta
23 October 2024,NULL,Hanif,6,R08430,DPK050,"Jalan Arif Rahman Hakim, Kelurahan Beji,  Kecamatan Beji, Kota Depok, Jawa Barat",-6.389032,106.815567,12,done,1,0,28 October 2024,9 November 2024,33750000,45000000,40000000,40000000,9,Sinta,baru,120000000,Kota Depok,2025-01-09,2030-01-09,6,Sendy,5031,104865000,baru,16 November 2024,8 December 2024,selesai,10 December 2024,lunas,12,2024,12 December 2024,,,12,6,24,2,50,0.00%,22,tidak tercapai,2024,40000000,40000000,0%,Sinta
25 October 2024,NULL,Sinta,9,R08457,GRT034,"Jalan Cikajang, Desa Cibodas, Kecamatan  Cikajang, Kabupaten Garut, Jawa Barat",-7.360582,107.812218,15,done,1,0,25 October 2024,11 December 2024,49000000,70000000,50000000,50000000,9,Sinta,baru,150000000,Kab. Garut,2025-02-11,2030-02-11,6,Sendy,5058,115152280,baru,12 December 2024,3 January 2025,selesai,27 December 2024,lunas,47,2024,2 January 2025,,,47,0,15,6,69,0.00%,22,tercapai,2024,50000000,50000000,0%,Sinta
28 October 2024,NULL,Hanif,6,R08464,TSM013,"Jalan Bantar, Kelurahan Argasari,  Kecamatan Cihideung, Kota Tasikmalaya, Jawa Barat",-7.322773,108.213493,10,done,1,0,31 October 2024,14 December 2024,37500000,50000000,40000000,40000000,9,Sinta,baru,120000000,Kab. Tasikmalaya,2025-02-14,2030-02-14,5,Edwin,5065,123697739,baru,17 December 2024,1 January 2025,selesai,31 December 2024,lunas,44,2024,2 January 2025,,,44,3,14,2,66,0.00%,15,tercapai,2024,40000000,40000000,0%,Sinta
28 October 2024,NULL,Hanif,6,R08465,TSM012,"Jalan RE Martadinata, Desa Cipedes,  Kecamatan Cipedes, Kota Tasikmalaya, Jawa Barat",-7.31577,108.216301,17,done,1,0,31 October 2024,29 November 2024,22500000,30000000,29000000,29000000,9,Sinta,baru,87000000,Kota Tasikmalaya,2024-12-29,2029-12-29,4,Trimo,5066,109397288,baru,9 December 2024,31 December 2024,selesai,30 December 2024,lunas,29,2024,30 December 2024,,,29,9,21,0,63,0.00%,22,tercapai,2024,29000000,29000000,0%,Sinta
29 October 2024,NULL,Djadjang,2,R08480,MKD005,"Jalan Raya Secang-Magelang, Desa Secang,  Kecamatan Secang, Kabupaten Magelang, Jawa Tengah",-7.393303,110.246704,10,done,1,0,30 October 2024,4 December 2024,37500000,50000000,30000000,30000000,9,Sinta,baru,90000000,Kab. Magelang,2025-02-04,2030-02-04,2,Sarjono,5081,122604800,baru,6 December 2024,4 January 2025,selesai,30 December 2024,lunas,35,2024,22 January 2025,,,35,1,24,23,85,0.00%,29,tercapai,2024,30000000,30000000,0%,Sinta
30 October 2024,NULL,Hanif,6,R08487,CMH006,"Jalan Warung Contong, Kelurahan  Setiamanah, Kecamatan Cimahi Tengah, Kota Cimahi, Jawa Barat",-6.882458,107.532646,15,done,1,0,4 November 2024,5 December 2024,33750000,45000000,38000000,38000000,9,Sinta,baru,114000000,Kota Cimahi,2025-01-05,2030-01-05,5,Edwin,5088,113515731,baru,7 December 2024,22 December 2024,selesai,23 December 2024,lunas,31,2024,26 December 2024,,,31,1,16,3,57,0.00%,15,tidak tercapai,2024,38000000,38000000,0%,Sinta
31 October 2024,NULL,Djadjang,2,R08512,BLA004,"Jalan Raya Kunduran,  Kelurahan Kunduran, Kecamatan Kunduran, Kabupaten Blora, Jawa Tengah",-7.051245,111.23658,6,done,1,0,4 November 2024,2 January 2025,12000000,16000000,14000000,14000000,9,Sinta,baru,70000000,Kab. Blora,2025-02-02,2030-02-02,4,Trimo,5113,102060305,baru,4 January 2025,29 January 2025,selesai,31 January 2025,lunas,59,2024,14 May 2025,,,59,1,27,103,195,0.00%,25,tidak tercapai,2024,14000000,14000000,0%,Sinta
31 October 2024,NULL,Djadjang,2,R08514,BLA003,"Jalan Blora-Randublatung, Desa Kamolan, Kecamatan Blora, Kabupaten Blora, Jawa Tengah",-6.996863,111.410248,10,done,1,0,4 November 2024,18 December 2024,17250000,23000000,20000000,20000000,9,Sinta,baru,60000000,Kab. Blora,2025-01-01,2030-01-01,4,Trimo,5115,104189466,baru,26 December 2024,13 January 2025,selesai,16 January 2025,lunas,44,2024,30 April 2025,,,44,7,21,104,181,0.00%,18,tidak tercapai,2024,20000000,20000000,0%,Sinta
1 November 2024,NULL,Djadjang,2,R08519,BLA002,"Jalan Randu Blatung, Kelurahan Balun,  Kecamatan Cepu, Kabupaten Blora, Jawa Tengah",-7.15415,111.580833,13,done,1,0,4 November 2024,2 December 2024,18750000,25000000,23000000,23000000,9,Sinta,baru,69000000,Kab. Blora,2025-02-02,2030-02-02,4,Trimo,5120,103617738,baru,5 December 2024,23 December 2024,selesai,4 January 2025,lunas,28,2024,27 February 2025,,,28,2,30,54,118,0.00%,18,tidak tercapai,2024,23000000,23000000,0%,Sinta
4 November 2024,NULL,Hanif,6,R08531,CBI077,"Jalan Raya Puncak, Desa Ciawi,  Kecamatan Ciawi, Kabupaten Bogor, Jawa Barat",-6.657314,106.848267,15,done,1,0,6 November 2024,3 December 2024,45000000,60000000,50000000,50000000,9,Sinta,baru,150000000,Kab. Bogor,2024-12-13,2029-12-13,2,Sarjono,5132,150225855,baru,5 December 2024,9 January 2025,selesai,31 December 2024,lunas,27,2024,3 January 2025,,,27,1,26,3,60,0.00%,35,tercapai,2024,50000000,50000000,0%,Sinta
4 November 2024,NULL,Hanif,6,R08538,CJR018,"Jalan Raya Cipanas, Desa Cipanas,  Kecamatan Cipanas, Kabupaten Cianjur, Jawa Barat",-6.728218,107.040306,13,done,1,0,5 November 2024,13 January 2025,59500000,85000000,65000000,65000000,9,Sinta,baru,195000000,Kab. Cianjur,2025-03-13,2030-03-13,3,CV. Rizki Mitra Abadi,5139,121090770,baru,20 January 2025,10 February 2025,selesai,8 February 2025,lunas,69,2024,15 February 2025,,,69,6,19,7,103,0.00%,21,tercapai,2024,65000000,65000000,0%,Sinta
4 November 2024,NULL,Djadjang,2,R08541,BBS013,"Jalan Pangeran Diponegoro, Desa  Pesantunan, Kecamatan Wanasari, Kabupaten Brebes, Jawa Tengah",-6.86901,109.032036,30,done,1,0,6 November 2024,9 December 2024,37500000,50000000,40000000,40000000,9,Sinta,baru,120000000,Kab. Brebes,2025-02-09,2030-02-09,2,Sarjono,5142,108789450,baru,10 December 2024,25 December 2024,selesai,27 December 2024,lunas,33,2024,2 January 2025,,,33,0,17,6,59,0.00%,15,tidak tercapai,2024,40000000,40000000,0%,Sinta
5 November 2024,NULL,Djadjang,2,R08552,BBS012,"Jalan Pejagan - Bumiayu, Kelurahan Songgom Lor, Kecamatan Songgom,  Kabupaten Brebes, Jawa Tengah",-7.035312,108.995705,12,done,1,0,6 November 2024,27 November 2024,9000000,12000000,12000000,12000000,9,Sinta,baru,36000000,Kab. Brebes,2025-01-27,2030-01-27,2,Sarjono,5153,103409300,baru,28 November 2024,20 December 2024,selesai,13 December 2024,lunas,21,2024,24 December 2024,,,21,0,15,11,49,0.00%,22,tercapai,2024,12000000,12000000,0%,Sinta
5 November 2024,NULL,Djadjang,2,R08560,PML009,"Jalan Raya Warungpring, Desa  Warungpring, Kecamatan Warungpring, Kabupaten Pemalang, Jawa Tengah",-7.077883,109.269295,18,done,1,0,6 November 2024,3 December 2024,18750000,25000000,25000000,25000000,9,Sinta,baru,75000000,Kab. Pemalang,2025-02-03,2030-02-03,3,CV. Rizki Mitra Abadi,5161,148725305,baru,7 December 2024,11 January 2025,selesai,8 January 2025,lunas,27,2024,10 January 2025,,,27,3,32,2,66,0.00%,35,tercapai,2024,25000000,25000000,0%,Sinta
6 November 2024,NULL,Djadjang,2,R08562,TGL004,"Jalan Teuku Umar, Kelurahan Debong  Tengah, Kecamatan Tegal Selatan, Kota Tegal, Jawa Tengah",-6.892696,109.126678,18,done,1,0,7 November 2024,25 November 2024,15000000,20000000,20000000,20000000,9,Sinta,baru,60000000,Kota Tegal,2025-01-25,2030-01-25,5,Edwin,5163,111496900,baru,28 November 2024,16 December 2024,selesai,16 December 2024,lunas,18,2024,19 December 2024,,,18,2,18,3,43,0.00%,18,tidak tercapai,2024,20000000,20000000,0%,Sinta
6 November 2024,NULL,Sinta,9,R08567,CBI076,"Jalan Raya Taman Pagelaran, Kelurahan  Padasuka, Kecamatan Ciomas, Kabupaten Bogor, Jawa Barat",-6.598751,106.759666,8,done,1,0,6 November 2024,30 November 2024,22500000,30000000,30000000,30000000,9,Sinta,baru,90000000,Kab. Bogor,2025-01-01,2030-01-01,2,Sarjono,5168,115452200,baru,10 December 2024,25 December 2024,selesai,20 December 2024,lunas,24,2024,24 December 2024,,,24,9,10,4,48,0.00%,15,tercapai,2024,30000000,30000000,0%,Sinta
6 November 2024,NULL,Djadjang,2,R08569,TGL006,"Jalan Kapten Sudibyo, Kelurahan Pekauman, Kecamatan Tegal Barat, Kota Tegal, Jawa Tengah",-6.872086,109.127907,19,done,1,0,8 November 2024,16 December 2024,45000000,60000000,50000000,50000000,9,Sinta,baru,150000000,Kota Tegal,2025-01-16,2030-01-16,5,Edwin,5170,104035100,baru,18 December 2024,2 January 2025,selesai,31 December 2024,lunas,38,2024,22 January 2025,,,38,1,13,22,77,0.00%,15,tercapai,2024,50000000,50000000,0%,Sinta
6 November 2024,NULL,Djadjang,2,R08570,TGL007,"Jalan Merpati nomor 108, Kelurahan Randugunting, Kecamatan Tegal Selatan, Kota Tegal, Jawa Tengah",-6.87573,109.131584,5,done,1,0,8 November 2024,20 December 2024,37500000,50000000,40000000,40000000,9,Sinta,baru,120000000,Kota Tegal,2025-01-20,2028-01-20,5,Edwin,5171,122390374,baru,24 December 2024,15 January 2025,selesai,13 January 2025,lunas,42,2024,22 January 2025,,,42,3,20,9,77,0.00%,22,tercapai,2024,40000000,40000000,0%,Sinta
6 November 2024,NULL,Djadjang,2,R08571,PML008,"Jalan Gatot Subroto, Desa Bojongbata,  Kecamatan Pemalang, Kabupaten Pemalang, Jawa Tengah",-6.916365,109.383331,36,done,1,0,7 November 2024,23 November 2024,15750000,21000000,16000000,16000000,9,Sinta,baru,80000000,Kab. Pemalang,2025-01-23,2030-01-23,2,Sarjono,5172,118549100,baru,25 November 2024,24 December 2024,selesai,17 December 2024,lunas,16,2024,24 December 2024,,,16,2,22,7,48,0.00%,29,tercapai,2024,16000000,16000000,0%,Sinta
7 November 2024,NULL,Djadjang,2,R08573,PML012,"Jalan Piere Tendean, Kelurahan Banjardawa, Kecamatan Taman, Kabupaten Pemalang, Jawa Tengah",-6.915903,109.411781,17,done,1,0,12 November 2024,28 January 2025,49000000,70000000,60000000,60000000,9,Sinta,baru,180000000,Kab. Pemalang,2025-02-28,2028-02-28,6,Sendy,5174,112577440,baru,30 January 2025,20 February 2025,selesai,12 February 2025,lunas,77,2024,25 February 2025,,,77,2,13,13,110,0.00%,21,tercapai,2024,60000000,60000000,0%,Sinta
7 November 2024,NULL,Djadjang,2,R08575,PML010,"Jalan Ahmad Yani, Kelurahan  Mulyoharjo, Kecamatan Pemalang, Kabupaten Pemalang, Jawa Tengah",-6.898623,109.383209,8,done,1,0,9 November 2024,13 December 2024,18750000,25000000,25000000,25000000,9,Sinta,baru,75000000,Kab. Pemalang,2025-01-13,2028-01-13,3,CV. Rizki Mitra Abadi,5176,100456535,baru,16 December 2024,4 January 2025,selesai,10 January 2025,lunas,34,2024,24 January 2025,,,34,2,25,14,78,0.00%,19,tidak tercapai,2024,25000000,25000000,0%,Sinta
7 November 2024,NULL,Djadjang,2,R08581,PML011,"Jalan Gatot Subroto, Kelurahan  Randudongkal, Kecamatan Randudongkal, Kabupaten Pemalang, Jawa Tengah",-7.10453,109.325928,4.5,done,1,0,28 November 2024,17 December 2024,22500000,30000000,30000000,30000000,9,Sinta,baru,90000000,Kab. Pemalang,2025-02-17,2030-02-17,5,Edwin,5182,111395880,baru,19 December 2024,3 January 2025,selesai,3 January 2025,lunas,19,2024,16 January 2025,,,19,1,15,13,70,0.00%,15,tidak tercapai,2024,30000000,30000000,0%,Sinta
10 November 2024,NULL,salma,4,R08593,TGL005,"Jalan AR Hakim, Kelurahan  Mangkukusuman, Kecamatan Tegal Timur, Kota Tegal, Jawa Tengah",-6.877397,109.136307,19,done,1,0,10 November 2024,25 November 2024,30000000,40000000,37000000,37000000,4,salma,baru,111000000,Kab. Tegal,2025-01-25,2030-01-25,5,Edwin,5194,109184550,baru,28 November 2024,20 December 2024,selesai,16 December 2024,lunas,15,2024,19 December 2024,,,15,2,18,3,39,0.00%,22,tercapai,2024,37000000,37000000,0%,salma
11 November 2024,NULL,Hanif,6,R08595,CKG054,"Jalan Bekasi Timur Raya, Kelurahan  Cipinang Besar Utara, Kecamatan Jatinegara, Jakarta Timur",-6.215114,106.876053,16,done,1,0,12 November 2024,20 November 2024,49000000,70000000,50000000,50000000,9,Sinta,baru,150000000,Kota Jakarta Timur,2025-01-20,2030-01-20,4,Trimo,5196,101692000,baru,25 November 2024,10 December 2024,selesai,16 December 2024,lunas,8,2024,19 December 2024,,,8,4,21,3,38,0.00%,15,tidak tercapai,2024,50000000,50000000,0%,Sinta
11 November 2024,NULL,Djadjang,2,R08600,TJP027,"Jalan Alur Laut, Kelurahan Rawabadak Selatan,  Kecamatan Koja, Kota Jakarta Utara",-6.128483,106.899147,7,done,1,0,25 November 2024,28 December 2024,36000000,48000000,55000000,55000000,9,Sinta,baru,165000000,Kota Jakarta Utara,2025-01-28,2030-01-28,2,Sarjono,5201,114303383,baru,3 January 2025,21 January 2025,selesai,16 January 2025,lunas,33,2024,20 January 2025,,,33,5,13,4,70,0.00%,18,tercapai,2024,55000000,55000000,0%,Sinta
12 November 2024,NULL,Sinta,9,R08615,KNG015,"Jalan Siliwangi, Kelurahan Kuningan,  Kecamatan Kuningan, Kabupaten Kuningan, Jawa Barat",-6.974615,108.484596,15,done,1,0,12 November 2024,7 December 2024,42000000,60000000,50000000,50000000,9,Sinta,baru,150000000,Kab. Kuningan,2025-01-07,2030-01-07,3,CV. Rizki Mitra Abadi,5216,115904415,baru,12 December 2024,6 January 2025,selesai,30 December 2024,lunas,25,2024,2 January 2025,,,25,5,18,3,51,0.00%,25,tercapai,2024,50000000,50000000,0%,Sinta
13 November 2024,NULL,Hanif,6,R08618,DPK052,"Jalan Raya RTM, Kelurahan Tugu,  Kecamatan Cimanggis, Kota Depok, Jawa Barat",-6.367074,106.842949,12,done,1,0,13 November 2024,12 December 2024,41250000,55000000,50000000,50000000,9,Sinta,baru,150000000,Kota Depok,2025-02-12,2030-02-12,6,Sendy,5219,114215280,baru,13 December 2024,4 January 2025,selesai,31 December 2024,lunas,29,2024,4 January 2025,,,29,1,18,4,52,0.00%,22,tercapai,2024,50000000,50000000,0%,Sinta
13 November 2024,NULL,Djadjang,2,R08623,WNG006,"Jalan Diponegoro, Kelurahan Wonoboyo,  Kecamatan Wonogiri, Kabupaten Wonogiri, Jawa Tengah",-7.813045,110.934464,20,done,1,0,18 November 2024,28 April 2025,0,0,50000000,50000000,9,Sinta,baru,150000000,Kab. Wonogiri,2025-06-28,2030-06-28,2,Sarjono,5224,160832300,baru,30 April 2025,20 May 2025,selesai,20 May 2025,lunas,161,2024,11 June 2025,,,161,1,20,22,210,0.00%,20,tidak tercapai,2024,50000000,50000000,0%,Sinta
13 November 2024,NULL,salma,4,R08624,KWG064,"Jalan Tuparev nomor : 123a, Kelurahan Nagasari, Kecamatan Karawang Barat, Kabupaten Karawang, Provinsi Jawa Barat",-6.309456,107.296562,10,done,1,0,13 November 2024,23 January 2025,33750000,45000000,35000000,35000000,4,salma,baru,105000000,Kab. Karawang,2025-03-23,2030-03-23,2,Sarjono,5225,148608300,baru,29 January 2025,22 February 2025,selesai,18 February 2025,lunas,71,2024,20 February 2025,,,71,5,20,2,99,0.00%,24,tercapai,2024,35000000,35000000,0%,salma
14 November 2024,NULL,Djadjang,2,R08631,WNG005,"Jalan Raya Wonogiri-Ponorogo, Desa  Slogohimo, Kecamatan Slogohimo, Kabupaten Wonogiri, Jawa Tengah",-7.828327,111.174072,16,done,1,0,18 November 2024,24 January 2025,13125000,17500000,15000000,15000000,9,Sinta,baru,45000000,Kab. Wonogiri,2025-02-24,2030-02-24,6,Sendy,5232,119522370,baru,28 January 2025,18 February 2025,selesai,12 February 2025,lunas,67,2024,29 April 2025,,,67,3,15,76,166,0.00%,21,tercapai,2024,15000000,15000000,0%,Sinta
15 November 2024,NULL,Djadjang,2,R08642,WNG004,"Jalan Raya Wonogiri-Ngadirojo, Desa Ngadirojo Kidul, Kecamatan Ngadirojo, Kabupaten Wonogiri, Jawa Tengah",-7.814383,110.994041,12,done,1,0,21 November 2024,16 January 2025,30000000,40000000,32000000,32000000,9,Sinta,baru,96000000,Kab. Wonogiri,2025-03-16,2030-03-16,6,Sendy,5243,135876320,baru,23 January 2025,17 February 2025,selesai,11 February 2025,lunas,56,2024,11 June 2025,,,56,6,19,120,208,0.00%,25,tercapai,2024,32000000,32000000,0%,Sinta
16 November 2024,NULL,Djadjang,2,R08650,KRG001,"Jalan Lawu, Desa Karangpandan,  Kecamatan Karangpandan, Kabupaten Karanganyar, Jawa Tengah",-7.61529,111.078148,5.9,done,1,0,21 November 2024,21 December 2024,18750000,25000000,22000000,22000000,9,Sinta,baru,66000000,Kab. Karanganyar,2025-01-21,2030-01-21,6,Sendy,5251,95154510,baru,24 December 2024,11 January 2025,selesai,6 January 2025,lunas,30,2024,25 April 2025,,,30,2,13,109,160,0.00%,18,tercapai,2024,22000000,22000000,0%,Sinta
19 November 2024,NULL,salma,4,R08670,MGG002,"Jl. Pemuda No.170-174, Kemirirejo, Kec. Magelang Tengah, Kota Magelang",-7.484861,110.220795,17,done,1,0,19 November 2024,27 February 2025,42000000,60000000,45000000,45000000,4,salma,baru,135000000,Kota Magelang,2025-03-27,2030-03-27,2,Sarjono,5271,143757800,baru,3 March 2025,5 April 2025,selesai,18 March 2025,lunas,100,2024,7 April 2025,,,100,4,15,20,139,0.00%,33,tercapai,2024,45000000,45000000,0%,salma
21 November 2024,NULL,salma,4,R08678,SLW010,"Jalan Raya Jejeg, Desa Jejeg, Kecamatan  Bumijawa, Kabupaten Tegal, Jawa Tengah",-7.165861,109.088921,8,done,1,0,21 November 2024,30 January 2025,9000000,12000000,20000000,20000000,4,salma,baru,60000000,Kab. Tegal,2025-03-30,2030-03-30,4,Trimo,5279,139726877,baru,1 February 2025,24 February 2025,selesai,28 February 2025,lunas,70,2024,11 March 2025,,,70,1,27,11,110,0.00%,23,tidak tercapai,2024,20000000,20000000,0%,salma
21 November 2024,NULL,Djadjang,2,R08685,CBI079,"Jalan Raya Tajur, Desa Pasir Mukti,  Kecamatan Citeureup, Kabupaten Bogor, Jawa Barat",-6.514333,106.902313,11,done,1,0,29 November 2024,24 December 2024,18750000,25000000,17000000,17000000,9,Sinta,baru,51000000,Kab. Bogor,2025-02-24,2030-02-24,2,Sarjono,5286,93906300,baru,26 December 2024,10 January 2025,selesai,6 January 2025,lunas,25,2024,16 January 2025,,,25,1,11,10,56,0.00%,15,tercapai,2024,17000000,17000000,0%,Sinta
22 November 2024,NULL,Hanif,6,R08694,CKR039,"Jalan Raya Industri, Desa Pasirgombong,  Kecamatan Cikarang Utara, Kabupaten Bekasi, Jawa Barat",-6.284508,107.152901,5,done,1,0,25 November 2024,27 December 2024,13500000,36000000,30000000,30000000,9,Sinta,baru,90000000,Kab. Bekasi,2025-01-27,2030-01-27,3,CV. Rizki Mitra Abadi,5295,99664410,baru,30 December 2024,14 January 2025,selesai,14 January 2025,lunas,32,2024,20 January 2025,,,32,2,15,6,59,0.00%,15,tidak tercapai,2024,30000000,30000000,0%,Sinta
25 November 2024,NULL,salma,4,R08712,SLW012,"Jl. Raya Banjaran, Kelurahan Adiwerna, Kecamatan Adiwerna, Kabupaten Tegal",-6.939343,109.135796,27,done,1,0,25 November 2024,26 February 2025,26250000,35000000,35000000,35000000,4,salma,baru,105000000,Kab. Tegal,2025-04-26,2030-04-26,4,Trimo,5313,117882888,baru,4 March 2025,25 March 2025,selesai,18 March 2025,lunas,93,2024,7 April 2025,,,93,6,14,20,133,0.00%,21,tercapai,2024,35000000,35000000,0%,salma
29 November 2024,NULL,salma,4,R08739,KYB037,"Jalan Ciledug Raya, Kelurahan Ulujami,  Kecamatan Pesanggrahan, Jakarta Selatan",-6.237743,106.763153,14,done,1,0,29 November 2024,19 December 2024,30000000,40000000,35000000,35000000,4,salma,baru,105000000,Kota Jakarta Selatan,2025-01-19,2030-01-19,2,Sarjono,5340,111771050,baru,20 December 2024,7 January 2025,selesai,2 January 2025,lunas,20,2024,4 January 2025,,,20,0,13,2,36,0.00%,18,tercapai,2024,35000000,35000000,0%,salma
3 December 2024,NULL,Hanif,6,R08767,SRG028,"Jalan Sentul, Desa Kendayakan, Kecamatan Kragilan, Kabupaten Serang, Banten",-6.15072,106.279518,7,done,1,0,4 December 2024,11 January 2025,9000000,12000000,18000000,18000000,9,Sinta,baru,90000000,Kab. Serang,2025-02-11,2030-02-11,5,Edwin,5368,107706470,baru,12 January 2025,27 January 2025,selesai,28 January 2025,lunas,38,2024,31 January 2025,,,38,0,16,3,59,0.00%,15,tidak tercapai,2024,18000000,18000000,0%,Sinta
3 December 2024,NULL,Hanif,6,R08769,SRG027,"Jalan Raya Serang, Desa  Tambak, Kecamatan Kibin, Kabupaten Serang, Banten",-6.16163,106.324509,11,done,1,0,4 December 2024,10 January 2025,41250000,55000000,40000000,40000000,9,Sinta,baru,120000000,Kab. Serang,2025-03-10,2028-03-10,5,Edwin,5370,106575220,baru,12 January 2025,2 February 2025,selesai,25 January 2025,lunas,37,2024,30 January 2025,,,37,1,13,5,58,0.00%,21,tercapai,2024,40000000,40000000,0%,Sinta
3 December 2024,NULL,Djadjang,2,R08771,KWG061,"Jalan Raya Sungai Buntu, Kelurahan Sungaibuntu, Kecamatan Pedes, Kabupaten Karawang, Jawa Barat",-6.058464,107.412132,15,done,1,0,4 December 2024,4 January 2025,9000000,12000000,8000000,8000000,9,Sinta,baru,24000000,Kab. Karawang,2025-03-04,2030-03-04,2,Sarjono,5372,115510300,baru,6 January 2025,24 January 2025,selesai,18 January 2025,lunas,31,2024,24 January 2025,,,31,1,12,6,52,0.00%,18,tercapai,2024,8000000,8000000,0%,Sinta
4 December 2024,NULL,Djadjang,2,R08774,KWG062,"Jalan Menati, Desa Puseurjaya,  Kecamatan Telukjambe Timur, Kabupaten Karawang, Jawa Barat",-6.336474,107.296036,7,done,1,0,12 December 2024,14 January 2025,12750000,17000000,30000000,30000000,9,Sinta,baru,90000000,Kab. Karawang,2025-03-14,2030-03-14,2,Sarjono,5375,104588107,baru,17 January 2025,3 February 2025,selesai,30 January 2025,lunas,33,2024,5 February 2025,,,33,2,13,6,63,0.00%,17,tercapai,2024,30000000,30000000,0%,Sinta
5 December 2024,NULL,Djadjang,2,R08785,SNG026,"Jalan Raya Tanjungsiang, Kelurahan Tanjungsiang, Kecamatan Tanjungsiang, Kabupaten Subang, Jawa Barat",-6.74758,107.80603,7,done,1,0,9 December 2024,7 January 2025,9375000,12500000,25000000,25000000,9,Sinta,baru,75000000,Kab. Subang,2025-02-07,2030-02-07,4,Trimo,5386,114943427,baru,17 January 2025,9 February 2025,selesai,8 February 2025,lunas,29,2024,10 February 2025,,,29,9,22,2,67,0.00%,23,tercapai,2024,25000000,25000000,0%,Sinta
5 December 2024,NULL,salma,4,R08790,SKB009,"Jalan Pembangunan, Kelurahan Babakan,  Kecamatan Cibeureum, Kota Sukabumi, Jawa Barat",-6.92788,106.957878,8,done,1,0,5 December 2024,13 January 2025,11250000,15000000,25000000,25000000,4,salma,baru,125000000,Kota Sukabumi,2025-01-27,2030-01-27,3,CV. Rizki Mitra Abadi,5391,111140035,baru,16 January 2025,31 January 2025,selesai,3 February 2025,lunas,39,2024,5 February 2025,,,39,2,18,2,62,0.00%,15,tidak tercapai,2024,25000000,25000000,0%,salma
9 December 2024,NULL,salma,4,R08805,CKR040,"Jalan Raya Tambelang, Desa Sukarapih,  Kecamatan Tambelang, Kabupaten Bekasi, Jawa Barat",-6.194961,107.114723,7,done,1,0,9 December 2024,9 January 2025,8250000,11000000,20000000,20000000,4,salma,baru,54000000,Kab. Bekasi,2025-03-09,2030-03-09,3,CV. Rizki Mitra Abadi,5406,111507600,baru,10 January 2025,25 January 2025,selesai,28 January 2025,lunas,31,2024,31 January 2025,,,31,0,18,3,53,0.00%,15,tidak tercapai,2024,20000000,20000000,0%,salma
9 December 2024,NULL,salma,4,R08815,SRG029,"Jalan KH Abdul Latif, Kelurahan Sumur  Pecung, Kecamatan Serang, Kota Serang, Banten",-6.116985,106.165642,5,done,1,0,9 December 2024,20 January 2025,41250000,55000000,45000000,45000000,4,salma,baru,135000000,Kota Serang,2025-02-20,2030-02-20,5,Edwin,5416,155080045,baru,22 January 2025,17 February 2025,selesai,13 February 2025,lunas,42,2024,17 February 2025,,,42,1,22,4,70,0.00%,26,tercapai,2024,45000000,45000000,0%,salma
10 December 2024,NULL,Hanif,6,R08817,NPH018,"Jl. Raya Cipeundeuy, Kp.  Cipeundeuy Rt.01 Rw.07, Desa Cipeundeuy, Kecamatan Cipeundeuy, Kabupaten  Bandung Barat, Jawa Barat",-6.738959,107.362373,10,done,1,0,12 December 2024,25 February 2025,24375000,32500000,32500000,32500000,9,Sinta,baru,91500000,Kab. Bandung Barat,2025-03-11,2028-03-11,3,CV. Rizki Mitra Abadi,5418,102239600,baru,27 February 2025,17 March 2025,selesai,21 March 2025,lunas,75,2024,15 April 2025,,,75,1,22,25,126,0.00%,18,tidak tercapai,2024,32500000,32500000,0%,Sinta
11 December 2024,NULL,Hanif,6,R08826,SOR044,"Jalan Raya Majalaya-Cicalengka, Desa  Cipedes, Kecamatan Paseh, Kabupaten Bandung, Jawa Barat",-7.026704,107.790695,10,done,1,0,14 December 2024,3 January 2025,33750000,45000000,35000000,35000000,9,Sinta,baru,105000000,Kab. Bandung,2025-02-03,2030-02-03,3,CV. Rizki Mitra Abadi,5427,105603210,baru,7 January 2025,22 January 2025,selesai,24 January 2025,lunas,20,2024,24 January 2025,,,20,3,17,0,44,0.00%,15,tidak tercapai,2024,35000000,35000000,0%,Sinta
11 December 2024,NULL,Hanif,6,R08828,SOR045,"Jalan Oma  Anggawisastra, Kelurahan Lampegan, Kecamatan Ibun, Kabupaten Bandung, Jawa  Barat",-7.070066,107.760788,6,done,1,0,14 December 2024,18 January 2025,9000000,12000000,20000000,20000000,9,Sinta,baru,60000000,Kab. Bandung,2025-03-18,2030-03-18,5,Edwin,5429,119287970,baru,22 January 2025,14 February 2025,selesai,7 February 2025,lunas,35,2024,15 February 2025,,,35,3,16,8,66,0.00%,23,tercapai,2024,20000000,20000000,0%,Sinta
11 December 2024,NULL,Djadjang,2,R08831,SBR045,"Pangeran Antasari, Desa Lurah,  Kecamatan Plumbon, Kabupaten Cirebon, Jawa Barat",-6.725048,108.465515,26,done,1,0,18 December 2024,6 January 2025,18000000,24000000,20000000,20000000,9,Sinta,baru,60000000,Kab. Cirebon,2025-03-06,2030-03-06,2,Sarjono,5432,168245800,baru,21 January 2025,7 March 2025,selesai,23 January 2025,lunas,19,2024,25 February 2025,,,19,14,2,33,76,0.00%,45,tercapai,2024,20000000,20000000,0%,Sinta
11 December 2024,NULL,Djadjang,2,R08831,SBR045,"Pangeran Antasari, Desa Lurah,  Kecamatan Plumbon, Kabupaten Cirebon, Jawa Barat",-6.725048,108.465515,26,done,1,0,18 December 2024,6 January 2025,18000000,24000000,20000000,20000000,9,Sinta,baru,60000000,Kab. Cirebon,2025-03-06,2030-03-06,2,Sarjono,5432,168245800,baru,21 January 2025,7 March 2025,selesai,5 February 2025,lunas,19,2024,25 February 2025,,,19,14,15,20,76,0.00%,45,tercapai,2024,20000000,20000000,0%,Sinta
11 December 2024,NULL,Djadjang,2,R08831,SBR045,"Pangeran Antasari, Desa Lurah,  Kecamatan Plumbon, Kabupaten Cirebon, Jawa Barat",-6.725048,108.465515,26,done,1,0,18 December 2024,6 January 2025,18000000,24000000,20000000,20000000,9,Sinta,baru,60000000,Kab. Cirebon,2025-03-06,2030-03-06,2,Sarjono,5432,168245800,baru,21 January 2025,7 March 2025,selesai,17 February 2025,lunas,19,2024,25 February 2025,,,19,14,27,8,76,0.00%,45,tercapai,2024,20000000,20000000,0%,Sinta
12 December 2024,NULL,salma,4,R08841,SMD015,"Jalan Rancaekek, Kelurahan Sayang,  Kecamatan Jatinangor, Kabupaten Sumedang, Jawa Barat",-6.954073,107.769455,16,done,1,0,12 December 2024,31 December 2024,37500000,50000000,30000000,30000000,4,salma,baru,120000000,Kab. Sumedang,2025-02-28,2030-02-28,6,Sendy,5442,103402440,baru,11 January 2025,30 January 2025,selesai,23 January 2025,lunas,19,2024,24 January 2025,,,19,10,12,1,43,0.00%,19,tercapai,2024,30000000,30000000,0%,salma
16 December 2024,NULL,Sinta,9,R08851,MJL017,"Jalan Pasukan Sindang Kasih, Desa  Maja Selatan, Kecamatan Maja, Kabupaten Majalengka, Jawa Barat",-6.892451,108.305809,6.5,done,1,0,16 December 2024,30 December 2024,18750000,25000000,23000000,23000000,9,Sinta,baru,69000000,Kab. Majalengka,2025-02-28,2030-02-28,6,Sendy,5452,95795470,baru,3 January 2025,21 January 2025,selesai,14 January 2025,lunas,14,2024,22 January 2025,,,14,3,11,8,37,0.00%,18,tercapai,2024,23000000,23000000,0%,Sinta
18 December 2024,NULL,Djadjang,2,R08867,BTG006,"Jl Raya Bandar, Desa Bandar, Kecamatan Bandar, Kab. Batang, Jawa Tengah",-7.031781,109.798508,15,done,1,0,23 December 2024,23 May 2025,33750000,45000000,41000000,41000000,9,Sinta,baru,123000000,Kab. Batang,1970-01-01,2030-06-06,3,CV. Rizki Mitra Abadi,5468,110689000,baru,28 May 2025,18 June 2025,selesai,16 June 2025,lunas,151,2024,5 July 2025,,,151,4,19,19,199,0.00%,21,tercapai,2024,41000000,41000000,0%,Sinta
19 December 2024,NULL,Djadjang,2,R08878,PKL003,"Jl. KH. Mas Mansyur , Kelurahan Bendan , Kecamatan Pekalongan Barat, Kota Pekalongan, Jawa Tengah",-6.893763,109.666779,15,done,1,0,20 December 2024,9 May 2025,26250000,35000000,28000000,28000000,9,Sinta,baru,84000000,Kota Pekalongan,2025-07-09,2030-07-09,5,Edwin,5479,110584460,baru,15 May 2025,5 June 2025,selesai,31 May 2025,lunas,140,2024,12 June 2025,,,140,5,16,12,175,0.00%,21,tercapai,2024,28000000,28000000,0%,Sinta
19 December 2024,NULL,salma,4,R08885,IDM020,"Jalan Raya Selatan, Desa  Benda, Kecamatan Karangampel, Kabupaten Indramayu, Jawa Barat",-6.468093,108.455742,6,done,1,0,19 December 2024,16 January 2025,18750000,25000000,22500000,22500000,4,salma,baru,67500000,Kab. Indramayu,2025-03-16,2030-03-16,4,Trimo,5486,130592727,baru,3 February 2025,28 February 2025,selesai,24 February 2025,lunas,28,2024,27 February 2025,,,28,17,21,3,70,0.00%,25,tercapai,2024,22500000,22500000,0%,salma
21 December 2024,NULL,Djadjang,2,R08901,BYL004,"Jalan Magelang-Boyolali, Kelurahan Cepogo, Kecamatan Cepogo, Kabupaten Boyolali, Jawa Tengah",-7.511249,110.51432,17,done,1,0,26 December 2024,19 February 2025,16500000,22000000,32000000,32000000,9,Sinta,baru,96000000,Kab. Boyolali,2025-04-19,2030-04-19,5,Edwin,5502,124569120,baru,6 March 2025,30 March 2025,selesai,20 March 2025,lunas,55,2024,29 April 2025,,,55,14,14,40,129,0.00%,24,tercapai,2024,32000000,32000000,0%,Sinta
21 December 2024,NULL,Djadjang,2,R08903,BYL003,"Jl. Ngangkruk Pengging, Desa Bendan ,Kecamatan Banyudono, Kabupaten Boyolali.",-7.550609,110.676888,16,done,1,0,26 December 2024,14 February 2025,20250000,27000000,22000000,22000000,9,Sinta,baru,66000000,Kab. Boyolali,2025-02-28,2030-02-28,5,Edwin,5504,109315580,baru,17 February 2025,10 March 2025,selesai,5 March 2025,lunas,50,2024,24 March 2025,,,50,2,16,19,93,0.00%,21,tercapai,2024,22000000,22000000,0%,Sinta
21 December 2024,NULL,Djadjang,2,R08905,BYL002,"Jalan Raya Ampel Simo, Desa Pelem,  Kecamatan Simo, Kabupaten Boyolali, Jawa Tengah",-7.440663,110.678108,10,done,1,0,26 December 2024,6 February 2025,19500000,26000000,24500000,24500000,9,Sinta,baru,122500000,Kab. Boyolali,2025-03-06,2030-03-06,5,Edwin,5506,154922530,baru,10 February 2025,3 March 2025,selesai,5 March 2025,lunas,42,2024,29 April 2025,,,42,3,23,55,129,0.00%,21,tidak tercapai,2024,24500000,24500000,0%,Sinta
23 December 2024,NULL,salma,4,R08907,CKG055,"Jl. Raya Pd. Gede No.15 5, RT.5/RW.1, Pinang Ranti, Kec. Makasar, Kota Jakarta Timur",-6.290585,106.88382,10,done,1,0,23 December 2024,3 February 2025,45500000,65000000,50666666,50666666,4,salma,baru,152000000,Kota Jakarta Timur,2025-04-03,2028-04-03,9,CV Cahaya Kemakmuran Sejahtera,5508,130320935,baru,10 February 2025,16 March 2025,selesai,15 March 2025,lunas,42,2024,19 March 2025,,,42,6,33,4,86,0.00%,34,tercapai,2024,50666666,50666666,0%,salma
23 December 2024,NULL,Hanif,6,R08908,DPK053,"Jalan Raya Keadilan, Kelurahan Rangkapan Jaya Baru, Kecamatan Pancoran Mas, Kota Depok , Jawa Barat",-6.406733,106.789337,10,done,1,0,3 January 2025,9 January 2025,22500000,30000000,25000000,25000000,9,Sinta,baru,75000000,Kota Depok,2025-03-09,2030-03-09,6,Sendy,5509,88652960,baru,10 January 2025,25 January 2025,selesai,25 January 2025,lunas,6,2024,30 January 2025,,,6,0,15,5,38,0.00%,15,tidak tercapai,2024,25000000,25000000,0%,Sinta
24 December 2024,NULL,salma,4,R08914,BDG019,"Jl. Pagarsih No.159, Jamika, Kec. Bojongloa Kaler, Kota Bandung",-6.922389,107.589478,8,done,1,0,24 December 2024,5 February 2025,37500000,50000000,40000000,40000000,4,salma,baru,200000000,Kota Bandung,2025-03-05,2030-03-05,3,CV. Rizki Mitra Abadi,5515,142192740,baru,10 February 2025,9 March 2025,selesai,10 March 2025,lunas,43,2024,15 March 2025,,,43,4,28,5,81,0.00%,27,tidak tercapai,2024,40000000,40000000,0%,salma
27 December 2024,NULL,salma,4,R08921,KWG063,"Jl. Villa Indah Pesona, RT. 001 RW. 012, Kelurahan Dawuan Tengah,, Kecamatan Cikampek, Kab. Karawang, Jawa Barat",-6.40065,107.443672,20,done,1,0,27 December 2024,22 January 2025,37500000,50000000,40000000,40000000,4,salma,baru,120000000,Kab. Karawang,2025-03-22,2030-03-22,2,Sarjono,5522,125107300,baru,29 January 2025,19 February 2025,selesai,6 February 2025,lunas,26,2024,12 February 2025,,,26,6,8,6,47,0.00%,21,tercapai,2024,40000000,40000000,0%,salma
30 December 2024,NULL,salma,4,R08927,SKH008,"Jl. Patimura, Kel. Kateguhan, Kec. Tawangsari, Kabupaten Sukoharjo, Jawa Tengah",-7.735154,110.796837,15,done,1,0,30 December 2024,8 May 2025,30000000,40000000,40000000,40000000,4,salma,baru,120000000,Kab. Sukoharjo,2025-07-08,2030-07-08,2,Sarjono,5528,145201550,baru,13 May 2025,7 June 2025,selesai,23 May 2025,lunas,129,2024,6 August 2025,,,129,5,10,75,219,0.00%,25,tercapai,2024,40000000,40000000,0%,salma
31 December 2024,NULL,Claher Prastian,1,R08936,CBI080,"Jalan Raya Puncak, Kelurahan Cibeureum, Kecamatan Cisarua, Kabupaten Bogor, Jawa Barat",-6.687175,106.93998,12,done,1,0,31 December 2024,15 January 2025,37500000,50000000,40000000,40000000,9,Sinta,baru,120000000,Kab. Bogor,2025-03-15,2030-03-15,4,Trimo,5537,117518177,baru,29 January 2025,21 February 2025,selesai,12 February 2025,lunas,15,2024,15 February 2025,,,15,13,14,3,46,0.00%,23,tercapai,2024,40000000,40000000,0%,Sinta
31 December 2024,NULL,salma,4,R08938,SRG030,"Jalan Bhayangkara Kelurahan Cipocok  Jaya Kecamatan Cipocok Jaya, Kota Serang, Banten",-6.132517,106.173637,9,done,1,0,31 December 2024,10 February 2025,26250000,35000000,34000000,34000000,4,salma,baru,170000000,Kota Serang,2025-04-10,2030-04-10,6,Sendy,5539,105517030,baru,12 February 2025,5 March 2025,selesai,24 February 2025,lunas,41,2024,28 February 2025,,,41,1,12,4,59,0.00%,21,tercapai,2024,34000000,34000000,0%,salma
7 January 2025,NULL,Sinta,9,R08976,IDM021,"Jalan Haurgeulis-Patrol, Desa Anjatan Kecamatan Anjatan, Kabupaten Indramayu, Jawa Barat",-6.342999,107.956123,12,done,1,0,7 January 2025,7 February 2025,33750000,45000000,37000000,37000000,9,Sinta,baru,185000000,Kab. Indramayu,2025-03-07,2030-03-07,5,Edwin,5577,150660770,baru,12 February 2025,5 March 2025,selesai,4 March 2025,lunas,31,2025,6 March 2025,,,31,5,20,2,58,0.00%,21,tercapai,2025,37000000,37000000,0%,Sinta
7 January 2025,NULL,Hanif,6,R08978,CBI081,"Jalan Raya  Sukabumi-Ciawi, Desa Ciderum, Kecamatan Caringin, Kabupaten Bogor, Jawa Barat",-6.690741,106.845177,12,done,1,0,9 January 2025,21 January 2025,26250000,35000000,30000000,30000000,9,Sinta,baru,90000000,Kab. Bogor,2025-03-21,2030-03-21,2,Sarjono,5579,121476050,baru,24 January 2025,14 February 2025,selesai,10 February 2025,lunas,12,2025,15 February 2025,,,12,2,17,5,39,0.00%,21,tercapai,2025,30000000,30000000,0%,Sinta
7 January 2025,NULL,Djadjang,2,R08979,NPH017,"Jalan Maribaya, Kelurahan Langensari, Kecamatan Lembang, Kabupaten Bandung Barat, Jawa Barat.",-6.828404,107.644844,11,done,1,0,11 January 2025,8 February 2025,22500000,30000000,27000000,27000000,9,Sinta,baru,135000000,Kab. Bandung,2025-03-28,2030-03-28,3,CV. Rizki Mitra Abadi,5580,96728330,baru,25 February 2025,17 March 2025,selesai,14 March 2025,lunas,28,2025,19 March 2025,,,28,17,17,5,71,0.00%,20,tercapai,2025,27000000,27000000,0%,Sinta
8 January 2025,NULL,Hanif,6,R08983,CJR019,"Raya Cipeuyeum, Desa Kertasari, Kecamatan Haurwangi,  Kabupaten Cianjur, Jawa Barat",-6.819583,107.300652,15,done,1,0,11 January 2025,14 February 2025,26250000,35000000,27500000,27500000,9,Sinta,baru,75000000,Kab. Cianjur,2025-03-14,2030-03-14,4,Trimo,5584,111724127,baru,19 February 2025,13 March 2025,selesai,12 March 2025,lunas,34,2025,19 March 2025,,,34,5,21,7,70,0.00%,22,tercapai,2025,27500000,27500000,0%,Sinta
9 January 2025,NULL,Djadjang,2,R08990,BDG020,"Jalan Surapati, Kelurahan Sukaluyu, Kecamatan Cibeunying Kaler, Kota Bandung, Jawa Barat",-6.899258,107.624687,5.5,done,1,0,11 January 2025,10 February 2025,33750000,45000000,37000000,37000000,9,Sinta,baru,185000000,Kab. Bandung,2025-04-10,2030-04-10,5,Edwin,5591,126363605,baru,17 February 2025,17 March 2025,selesai,11 March 2025,lunas,30,2025,15 March 2025,,,30,6,22,4,65,0.00%,28,tercapai,2025,37000000,37000000,0%,Sinta
10 January 2025,NULL,Djadjang,2,R08998,TSM014,"Jalan Moh. Hatta, Kelurahan Sukamanah Kecamatan Cipedes, Kota Tasikmalaya, Jawa Barat",-7.319049,108.224174,12.3,done,1,0,16 January 2025,11 February 2025,26250000,35000000,31000000,31000000,9,Sinta,baru,155000000,Kota Tasikmalaya,2025-03-11,2030-03-11,6,Sendy,5599,124318780,baru,13 February 2025,6 March 2025,selesai,25 February 2025,lunas,26,2025,27 February 2025,,,26,2,12,2,48,0.00%,21,tercapai,2025,31000000,31000000,0%,Sinta
10 January 2025,NULL,Djadjang,2,R09006,TSM015,"Jalan RSU No.12A Kelurahan Empangsari,  Kecamatan Tawang, Kota Tasikmalaya, Jawa Barat",-7.331982,108.223061,10,done,1,0,16 January 2025,26 April 2025,33750000,45000000,40000000,40000000,9,Sinta,baru,120000000,Kota Tasikmalaya,2025-06-26,2030-06-26,5,Edwin,5607,106256370,baru,28 April 2025,19 May 2025,selesai,14 May 2025,lunas,100,2025,20 May 2025,,,100,2,16,6,130,0.00%,21,tercapai,2025,40000000,40000000,0%,Sinta
11 January 2025,NULL,salma,4,R09010,MJL018,"Jalan Raya Pinangraja, Desa Pinangraja, Kecamatan Jatiwangi, Kabutapen Majalengka, Jawa Barat",-6.792485,108.270142,10,done,1,0,11 January 2025,25 January 2025,18750000,25000000,25000000,25000000,4,salma,baru,75000000,Kab. Majalengka,2025-03-25,2030-03-25,4,Trimo,5611,157242577,baru,30 January 2025,22 February 2025,selesai,19 February 2025,lunas,14,2025,22 February 2025,,,14,5,20,3,42,0.00%,23,tercapai,2025,25000000,25000000,0%,salma
15 January 2025,NULL,salma,4,R09016,PWK019,"Jalan Kolonel Rahmat, Desa Citalang,  Kecamatan Purwakarta, Kabupaten Purwakarta, Jawa Barat",-6.53512,107.466148,15,done,1,0,15 January 2025,31 January 2025,15000000,20000000,16500000,16500000,4,salma,baru,49500000,Kab. Purwakarta,2025-03-31,2030-03-31,2,Sarjono,5617,110565800,baru,3 February 2025,27 February 2025,selesai,13 February 2025,lunas,16,2025,20 February 2025,,,16,2,10,7,36,0.00%,24,tercapai,2025,16500000,16500000,0%,salma
17 January 2025,NULL,Hanif,6,R09029,CKR041,"Jalan Raya Citarik, Desa Jatireja,  Kecamatan Cikarang Timur, Kabupaten Bekasi, Jawa Barat",-6.293142,107.19133,9,done,1,0,23 January 2025,11 February 2025,21000000,28000000,25000000,25000000,9,Sinta,baru,125000000,Kab. Bekasi,2025-07-10,2030-07-10,6,Sendy,5630,104170470,baru,14 May 2025,4 June 2025,selesai,21 May 2025,lunas,19,2025,28 May 2025,,,19,91,7,7,131,0.00%,21,tercapai,2025,25000000,25000000,0%,Sinta
18 January 2025,NULL,Sinta,9,R09039,PBG008,"Jl. Kejobong, Desa Kejobong,  Kecamatan Kejobong, Kabupaten Purbalingga, Jawa Tengah",-7.390812,109.510201,12,done,1,0,18 January 2025,17 February 2025,18750000,25000000,23000000,23000000,9,Sinta,baru,115000000,Kab. Purbalingga,2025-03-17,2030-03-17,6,Sendy,5640,117508420,baru,19 February 2025,12 March 2025,selesai,5 March 2025,lunas,30,2025,15 March 2025,,,30,1,14,10,56,0.00%,21,tercapai,2025,23000000,23000000,0%,Sinta
18 January 2025,NULL,Sinta,9,R09040,BDG022,"Jl. Terusan Buah Batu No.69 Kelurahan Batununggal, Kecamatan Bandung Kidul, Kota Bandung, Jawa Barat.",-6.953062,107.638405,15,done,1,0,18 January 2025,4 March 2025,59500000,85000000,65000000,65000000,9,Sinta,baru,195000000,Kota Bandung,2025-03-18,2030-03-18,3,CV. Rizki Mitra Abadi,5641,115109920,baru,7 March 2025,28 March 2025,selesai,26 March 2025,lunas,45,2025,28 March 2025,,,45,2,19,2,69,0.00%,21,tercapai,2025,65000000,65000000,0%,Sinta
19 January 2025,NULL,Gita,11,R09046,CBI082,"Jl. Raya Ciapus, Tamansari, Kec. Tamansari, Kabupaten Bogor, Jawa Barat 16610",-6.651901,106.750626,6,done,1,0,19 January 2025,4 February 2025,18750000,25000000,20000000,20000000,11,Gita,baru,100000000,Kab. Bogor,2025-04-04,2030-04-04,3,CV. Rizki Mitra Abadi,5647,111777780,baru,8 February 2025,1 March 2025,selesai,24 February 2025,lunas,16,2025,27 February 2025,,,16,3,16,3,39,0.00%,21,tercapai,2025,20000000,20000000,0%,Gita
22 January 2025,NULL,Djadjang,2,R09058,CBI083,"Jalan Raya Puncak-Cianjur Desa Kopo, Kecamatan Cisarua, Kabupaten Bogor",-6.659285,106.914589,20,done,1,0,23 January 2025,13 February 2025,40500000,54000000,45000000,45000000,9,Sinta,baru,135000000,Kab. Bogor,2025-04-13,2030-04-13,2,Sarjono,5659,138575175,baru,17 February 2025,10 March 2025,selesai,3 March 2025,lunas,21,2025,6 March 2025,,,21,4,14,3,43,0.00%,21,tercapai,2025,45000000,45000000,0%,Sinta
24 January 2025,NULL,salma,4,R09081,CBI084,"Jalan Roda Pembangunan, Kelurahan Nanggewer Kecamatan Cibinong, Kabupaten Bogor, Jawa Barat",-6.513967,106.819641,5,done,1,0,24 January 2025,13 February 2025,13500000,18000000,17000000,17000000,4,salma,baru,85000000,Kab. Bogor,2025-02-27,2030-02-27,2,Sarjono,5682,124089350,baru,17 February 2025,11 March 2025,selesai,3 March 2025,lunas,20,2025,6 March 2025,,,20,3,14,3,41,0.00%,22,tercapai,2025,17000000,17000000,0%,salma
24 January 2025,NULL,salma,4,R09086,SLW011,"Komplek Ruko Perumahan Taman  Mejasem Indah, Kelurahan Mejasem Barat, Kecamatan Kramat, Kabupaten Tegal",-6.879119,109.152405,12,done,1,0,24 January 2025,12 February 2025,33750000,45000000,36000000,36000000,4,salma,baru,108000000,Kab. Tegal,2025-04-12,2030-04-12,4,Trimo,5687,122786538,baru,17 February 2025,12 March 2025,selesai,10 March 2025,lunas,19,2025,13 March 2025,,,19,4,21,3,48,0.00%,23,tercapai,2025,36000000,36000000,0%,salma
24 January 2025,NULL,Hanif,6,R09100,PML013,"Jl Raya Pegundan, Kelurahan Pegundan, Kecamatan Petarukan, Kabupaten  Pemalang, Jawa Tengah",-6.866891,109.4673,10,done,1,0,31 January 2025,8 May 2025,9750000,13000000,11000000,11000000,9,Sinta,baru,55000000,Kab. Pemalang,2025-07-08,2030-07-08,3,CV. Rizki Mitra Abadi,5701,102841550,baru,14 May 2025,4 June 2025,selesai,2 June 2025,lunas,97,2025,11 June 2025,,,97,6,19,9,138,0.00%,21,tercapai,2025,11000000,11000000,0%,Sinta
25 January 2025,NULL,salma,4,R09104,BDG021,"Jalan leuwi Panjang, Kelurahan Kb. Lega, Kecamatan Bojongloa Kidul, Kota Bandung, Jawa Barat",-6.944552,107.595764,18,done,1,0,25 January 2025,18 February 2025,52500000,75000000,55000000,55000000,4,salma,baru,165000000,Kota Bandung,2025-04-18,2030-04-18,3,CV. Rizki Mitra Abadi,5705,126080780,baru,25 February 2025,19 March 2025,selesai,20 March 2025,lunas,24,2025,25 March 2025,,,24,7,23,5,59,0.00%,22,tidak tercapai,2025,55000000,55000000,0%,salma
28 January 2025,NULL,salma,4,R09115,CKR042,"Jalan Raya Kh. A. Junaidi Kelurahan Setia Asih, Kecamatan Tarumajaya, Kabupaten Bekasi, Jawa Barat",-6.171776,106.996681,14,done,1,0,28 January 2025,15 February 2025,13500000,18000000,15000000,15000000,4,salma,baru,45000000,Kab. Bekasi,2025-04-15,2030-04-15,3,CV. Rizki Mitra Abadi,5716,113021870,baru,19 February 2025,15 March 2025,selesai,10 March 2025,lunas,18,2025,15 March 2025,,,18,4,19,5,46,0.00%,24,tercapai,2025,15000000,15000000,0%,salma
31 January 2025,NULL,Djadjang,2,R09127,RKB011,"Jl. Siliwangi, Desa Muaraciujung Timur, Kec. Rangkasbitung, Kab. Lebak, Jawa Barat",-6.359261,106.253944,12,done,1,0,6 February 2025,27 February 2025,26250000,35000000,25000000,25000000,9,Sinta,baru,75000000,Kab. Lebak,2025-06-01,2030-06-01,6,Sendy,5728,113993620,baru,7 April 2025,1 May 2025,selesai,26 April 2025,lunas,21,2025,30 April 2025,,,21,38,19,4,89,0.00%,24,tercapai,2025,25000000,25000000,0%,Sinta
31 January 2025,NULL,Djadjang,2,R09135,RKB010,"Jalan Raya Cipanas, Kelurahan Bintangresmi, Kecamatan Cipanas, Kabupaten Lebak, Banten",-6.528974,106.381386,6,done,1,0,7 February 2025,24 February 2025,16500000,22000000,20000000,20000000,9,Sinta,baru,60000000,Kab. Lebak,2025-04-24,2030-04-24,6,Sendy,5736,113504960,baru,26 February 2025,16 March 2025,selesai,12 March 2025,lunas,17,2025,15 March 2025,,,17,1,14,3,43,0.00%,18,tercapai,2025,20000000,20000000,0%,Sinta
31 January 2025,NULL,salma,4,R09138,CKR043,"Ruko Kalimalang Indah II No.C20, Desa Setiadarma, Kecamatan Tambun Selatan, Kabupaten Bekasi, Jawa Barat",-6.273234,107.052101,12.5,done,1,0,31 January 2025,20 February 2025,30000000,40000000,33000000,33000000,4,salma,baru,99000000,Kab. Bekasi,2025-03-20,2030-03-20,2,Sarjono,5739,119708550,baru,24 February 2025,18 March 2025,selesai,11 March 2025,lunas,20,2025,13 March 2025,,,20,4,15,2,41,0.00%,22,tercapai,2025,33000000,33000000,0%,salma
31 January 2025,NULL,Hanif,6,R09142,SNG027,"Jl Sagalaherang, Kelurahan  Sagalaherang, Kecamatan Sagalaherang, Subang",-6.673182,107.651649,15,done,1,0,14 February 2025,11 March 2025,22500000,30000000,28000000,28000000,9,Sinta,baru,84000000,Kab. Subang,2025-05-11,2030-05-11,5,Edwin,5743,155402450,baru,14 March 2025,4 April 2025,selesai,18 March 2025,lunas,25,2025,14 April 2025,,,25,2,4,27,73,0.00%,21,tercapai,2025,28000000,28000000,0%,Sinta
31 January 2025,NULL,Hanif,6,R09142,SNG027,"Jl Sagalaherang, Kelurahan  Sagalaherang, Kecamatan Sagalaherang, Subang",-6.673182,107.651649,15,done,1,0,14 February 2025,11 March 2025,22500000,30000000,28000000,28000000,9,Sinta,baru,84000000,Kab. Subang,2025-05-11,2030-05-11,5,Edwin,5743,155402450,baru,14 March 2025,4 April 2025,selesai,3 April 2025,lunas,25,2025,14 April 2025,,,25,2,20,11,73,0.00%,21,tercapai,2025,28000000,28000000,0%,Sinta
3 February 2025,NULL,salma,4,R09158,CPT029,"Jl. Benda Raya, Benda Baru, Kec. Pamulang, Kota Tangerang Selatan",-6.332374,106.709908,16,done,1,0,3 February 2025,15 March 2025,37500000,50000000,47500000,47500000,4,salma,baru,142500000,Kota Tangerang Selatan,2025-03-22,2030-03-22,6,Sendy,5759,105900460,baru,17 March 2025,7 April 2025,selesai,26 March 2025,lunas,40,2025,14 April 2025,,,40,1,9,19,70,0.00%,21,tercapai,2025,47500000,47500000,0%,salma
3 February 2025,NULL,Hanif,6,R09161,CPT028,"Jalan Otto Iskandar Dinata, Kelurahan Ciputat, Kecamatan Ciputat, Kota Tangerang Selatan, Banten",-6.325245,106.742371,18.5,done,1,0,6 February 2025,21 February 2025,45500000,65000000,50000000,50000000,9,Sinta,baru,150000000,Kota Tangerang Selatan,2025-03-07,2030-03-07,6,Sendy,5762,110971780,baru,25 February 2025,18 March 2025,selesai,10 March 2025,lunas,15,2025,13 March 2025,,,15,3,13,3,38,0.00%,21,tercapai,2025,50000000,50000000,0%,Sinta
3 February 2025,NULL,Djadjang,2,R09164,TJP028,"Jl Sarang Bango, Kelurahan Marunda, Kecamatan Cilincing, Kota Jakarta Utara, DKI Jakarta",-6.126034,106.956924,6.5,done,1,0,6 February 2025,25 February 2025,30000000,40000000,35000000,35000000,9,Sinta,baru,105000000,Kota Jakarta Utara,2025-04-25,2030-04-25,9,CV Cahaya Kemakmuran Sejahtera,5765,147410620,baru,5 March 2025,31 March 2025,selesai,19 April 2025,lunas,19,2025,24 April 2025,,,19,7,45,5,80,0.00%,26,tidak tercapai,2025,35000000,35000000,0%,Sinta
4 February 2025,NULL,Djadjang,2,R09170,BKS059,"Jalan Bayan 1, No.174 Rt.02 Rw.03 Kelurahan Mustika Jaya, Kecamatan Mustika Jaya, Kota Bekasi, Jawa Barat",-6.297392,107.02401,9,done,1,0,6 February 2025,21 February 2025,19500000,26000000,45000000,45000000,9,Sinta,baru,135000000,Kab. Bekasi,2025-03-07,2030-03-07,2,Sarjono,5771,117413800,baru,24 February 2025,17 March 2025,selesai,7 March 2025,lunas,15,2025,13 March 2025,,,15,2,11,6,37,0.00%,21,tercapai,2025,45000000,45000000,0%,Sinta
4 February 2025,NULL,Djadjang,2,R09172,BKS060,"Jl Mustika Jaya, Kelurahan  Mustika Jaya, Kecamatan Mustika Jaya, Kota Bekasi, Jawa Barat",-6.302076,107.029251,12,done,1,0,11 February 2025,15 March 2025,37500000,50000000,38000000,38000000,9,Sinta,baru,114000000,Kab. Bekasi,2025-05-15,2030-05-15,3,CV. Rizki Mitra Abadi,5773,106846420,baru,18 March 2025,8 April 2025,selesai,3 April 2025,lunas,32,2025,10 April 2025,,,32,2,16,7,65,0.00%,21,tercapai,2025,38000000,38000000,0%,Sinta
6 February 2025,NULL,Djadjang,2,R09174,KNG017,"Jalan Veteran, Desa Kuningan, Kecamatan Kuningan, Kabupaten Kuningan, Jawa Barat, Indonesia",-6.979074,108.469971,7.5,done,1,0,13 February 2025,23 April 2025,11250000,15000000,12000000,12000000,9,Sinta,baru,36000000,Kab. Kuningan,2025-06-23,2030-06-23,3,CV. Rizki Mitra Abadi,5775,96906760,baru,25 April 2025,16 May 2025,selesai,13 May 2025,lunas,69,2025,16 May 2025,,,69,2,18,3,99,0.00%,21,tercapai,2025,12000000,12000000,0%,Sinta
6 February 2025,NULL,Hanif,6,R09178,BDG023,"Jalan Ciwastra, Nargasari, Margacinta, Kota Bandung, Jawa Barat, Jawa, 40287, Indonesia",-6.961206,107.666573,12,done,1,0,21 February 2025,14 March 2025,26250000,35000000,30000000,30000000,9,Sinta,baru,90000000,Kota Bandung,2025-05-14,2030-05-14,3,CV. Rizki Mitra Abadi,5779,100196420,baru,17 March 2025,7 April 2025,selesai,9 April 2025,lunas,21,2025,16 April 2025,,,21,3,23,7,69,0.00%,21,tidak tercapai,2025,30000000,30000000,0%,Sinta
6 February 2025,NULL,Djadjang,2,R09179,KNG016,"Jl. Cibingbin Penanggapan, Kel. Cibingbin, Kec. Cibingbin, Kab. Kuningan, Jawa Barat, Jawa, Indonesia",-7.057741,108.759239,14,done,1,0,19 February 2025,26 March 2025,18000000,24000000,20000000,20000000,9,Sinta,baru,60000000,Kab. Kuningan,2025-05-26,2030-05-26,5,Edwin,5780,97154720,baru,7 April 2025,28 April 2025,selesai,22 April 2025,lunas,35,2025,2 May 2025,,,35,12,15,10,85,0.00%,21,tercapai,2025,20000000,20000000,0%,Sinta
7 February 2025,NULL,Djadjang,2,R09184,SBR046,"Jalan Jembatan Merah, Desa Kecomberan, Kecamatan Talun, Kabupaten Cirebon, Jawa Barat, 45135, Indonesia",-6.756348,108.517319,12,done,1,0,13 February 2025,22 April 2025,20250000,27000000,23500000,23500000,9,Sinta,baru,70500000,Kab. Cirebon,2025-06-22,2030-06-22,3,CV. Rizki Mitra Abadi,5785,112498655,baru,24 April 2025,15 May 2025,selesai,10 May 2025,lunas,68,2025,16 May 2025,,,68,2,16,6,98,0.00%,21,tercapai,2025,23500000,23500000,0%,Sinta
7 February 2025,NULL,Hanif,6,R09190,SOR046,"Jl. Wangisagara , RT. 003 RW. 008, Kelurahan Wangisagara, Kecamatan Majalaya, Kab. Bandung, Jawa Barat",-7.073763,107.741257,6,done,1,0,11 February 2025,5 March 2025,9000000,12000000,20000000,20000000,9,Sinta,baru,60000000,Kab. Bandung,2025-05-05,2030-05-05,5,Edwin,5791,119410335,baru,7 March 2025,31 March 2025,selesai,24 March 2025,lunas,22,2025,26 March 2025,,,22,1,17,2,47,0.00%,24,tercapai,2025,20000000,20000000,0%,Sinta
7 February 2025,NULL,Djadjang,2,R09192,CBN012,"Jalan Dokter Cipto Mangunkusumo, Pekiringan, Kesambi, Kota Cirebon, Jawa Barat, Jawa, 45131, Indonesia",-6.7123,108.550827,12.5,done,1,0,11 February 2025,7 March 2025,42000000,60000000,53333333,53333333,9,Sinta,baru,160000000,Kota Cirebon,2025-04-07,2028-04-07,2,Sarjono,5793,117839800,baru,10 March 2025,31 March 2025,selesai,26 March 2025,lunas,24,2025,28 March 2025,,,24,2,16,2,49,0.00%,21,tercapai,2025,53333333,53333333,0%,Sinta
7 February 2025,NULL,Hanif,6,R09194,SMD016,"Jl. Tanjungsari-Sumedang, Gudang, Sumedang, Jawa Barat, Jawa, 45362, Indonesia",-6.896933,107.81398,5,done,1,0,11 February 2025,10 March 2025,16875000,22500000,17000000,17000000,9,Sinta,baru,51000000,Kab. Sumedang,2025-05-10,2030-05-10,2,Sarjono,5795,110108300,baru,12 March 2025,4 April 2025,selesai,22 March 2025,lunas,27,2025,28 March 2025,,,27,1,10,6,49,0.00%,23,tercapai,2025,17000000,17000000,0%,Sinta
8 February 2025,NULL,Djadjang,2,R09210,IDM022,"Jalan Raya PU Saradan, Kelurahan Gabus Wetan, Kec. Gabuswetan, Indramayu, Jawa Barat, Jawa, 45263, Indonesia",-6.420928,108.080009,8.5,done,1,0,11 February 2025,7 March 2025,22500000,30000000,25000000,25000000,9,Sinta,baru,75000000,Kab. Indramayu,2025-05-07,2030-05-07,2,Sarjono,5811,114775300,baru,13 March 2025,3 April 2025,selesai,24 March 2025,lunas,24,2025,5 April 2025,,,24,5,11,12,56,0.00%,21,tercapai,2025,25000000,25000000,0%,Sinta
8 February 2025,NULL,Hanif,6,R09211,GRT035,"Jalan Raya Garut - Tasikmalaya, Pasanggrahan, Cilawu, Garut, Jawa Barat, Jawa, 44181, Indonesia",-7.261377,107.907173,12.6,done,1,0,11 February 2025,5 March 2025,15000000,20000000,16000000,16000000,9,Sinta,baru,48000000,Kab. Garut,2025-05-05,2030-05-05,5,Edwin,5812,117825220,baru,10 March 2025,7 April 2025,selesai,26 March 2025,lunas,22,2025,5 April 2025,,,22,5,16,10,56,0.00%,28,tercapai,2025,16000000,16000000,0%,Sinta
10 February 2025,NULL,salma,4,R09215,CKG056,"Jalan Raya Ceger, Kelurahan Ceger, Kec. Cipayung, Kota Jakarta Timur",-6.307598,106.888718,8,done,1,0,10 February 2025,28 February 2025,21750000,29000000,25000000,25000000,4,salma,baru,75000000,Kota Jakarta Timur,2025-04-28,2030-04-28,6,Sendy,5816,90166510,baru,3 March 2025,24 March 2025,selesai,12 March 2025,lunas,18,2025,19 March 2025,,,18,2,9,7,37,0.00%,21,tercapai,2025,25000000,25000000,0%,salma
10 February 2025,NULL,salma,4,R09217,GGP038,"Jl. Kembangan Utara No.9 9, RT.9/RW.2, Kembangan Utara, Kec. Kembangan, Kota Jakarta Barat",-6.18124,106.734406,10,done,1,0,10 February 2025,26 April 2025,22500000,30000000,26000000,26000000,4,salma,baru,130000000,Kota Jakarta Barat,2025-06-26,2030-06-26,9,CV Cahaya Kemakmuran Sejahtera,5818,134686250,baru,28 April 2025,19 May 2025,selesai,19 May 2025,lunas,75,2025,23 May 2025,,,75,1,21,4,102,0.00%,21,tidak tercapai,2025,26000000,26000000,0%,salma
10 February 2025,NULL,salma,4,R09222,CBI085,"Jl. Raya Citayam, Kelurahan Pabuaran, Kecamatan Bojonggede, Kabupaten Bogor",-6.449632,106.802643,15,done,1,0,10 February 2025,3 March 2025,49000000,70000000,60000000,60000000,4,salma,baru,180000000,Kab. Bogor,2025-05-03,2030-05-03,2,Sarjono,5823,117689050,baru,4 March 2025,28 March 2025,selesai,14 March 2025,lunas,21,2025,22 March 2025,,,21,1,10,8,40,0.00%,24,tercapai,2025,60000000,60000000,0%,salma
11 February 2025,NULL,salma,4,R09224,SBM024,"Jl. Raya Parakansalak, Desa Bojonglongok, Kec. Parakansalak, Kabupaten Sukabumi",-6.822035,106.732605,8,done,1,0,11 February 2025,1 March 2025,11250000,15000000,15000000,15000000,4,salma,baru,45000000,Kab. Sukabumi,2025-05-01,2030-05-01,4,Trimo,5825,105051216,baru,3 March 2025,24 March 2025,selesai,24 March 2025,lunas,18,2025,26 March 2025,,,18,1,21,2,43,0.00%,21,tidak tercapai,2025,15000000,15000000,0%,salma
11 February 2025,NULL,salma,4,R09226,SKT005,"Jl. Tangkuban Perahu, Kel. Mojosongo, Kec. Jebres, Kota Surakarta, Jawa Tengah",-7.541679,110.8424,12,done,1,0,11 February 2025,24 March 2025,30000000,40000000,42500000,42500000,4,salma,baru,120000000,Kota Surakarta,2025-05-24,2030-05-24,2,Sarjono,5827,115900800,baru,4 April 2025,25 April 2025,selesai,19 April 2025,lunas,41,2025,4 June 2025,,,41,10,15,46,113,0.00%,21,tercapai,2025,42500000,42500000,0%,salma
12 February 2025,NULL,salma,4,R09238,TJP029,"Jl. Kapuk Kamal Raya, Kelurahan Kamal Muara, Kec. Penjaringan, Jakarta Utara",-6.108272,106.7202,14,done,1,0,12 February 2025,28 February 2025,37500000,50000000,40000000,40000000,4,salma,baru,120000000,Kota Jakarta Utara,2025-04-28,2030-04-28,9,CV Cahaya Kemakmuran Sejahtera,5839,113486880,baru,5 March 2025,26 March 2025,selesai,26 March 2025,lunas,16,2025,8 April 2025,,,16,4,21,13,55,0.00%,21,tidak tercapai,2025,40000000,40000000,0%,salma
12 February 2025,NULL,Hanif,6,R09242,CLG010,"Jalan Ciberko, Kalitimbang, Cibeber, Cilegon, Banten, Jawa, 42422, Indonesia",-6.042845,106.057587,19,done,1,0,13 February 2025,20 March 2025,30000000,40000000,35000000,35000000,9,Sinta,baru,105000000,Kota Cilegon,2025-05-20,2030-05-20,6,Sendy,5843,109277670,baru,21 March 2025,11 April 2025,selesai,28 March 2025,lunas,35,2025,22 April 2025,,,35,0,7,25,69,0.00%,21,tercapai,2025,35000000,35000000,0%,Sinta
12 February 2025,NULL,Djadjang,2,R09243,CKR045,"Jl. Warung Asem, RT. 001 RW. 001, Kelurahan Sumberjaya, Kecamatan Tambun Selatan, Kab. Bekasi, Jawa Barat
",-6.236064,107.071869,10,done,1,0,13 February 2025,11 March 2025,37500000,50000000,40000000,40000000,9,Sinta,baru,120000000,Kab. Bekasi,2025-05-11,2030-05-11,2,Sarjono,5844,110799050,baru,13 March 2025,3 April 2025,selesai,28 March 2025,lunas,26,2025,10 April 2025,,,26,2,15,13,57,0.00%,21,tercapai,2025,40000000,40000000,0%,Sinta
12 February 2025,NULL,Hanif,6,R09245,CLG009,"Jl. Kebonsari, Warnasari, Cilegon, Banten, Jawa, 42442, Indonesia",-6.016282,106.011559,6,done,1,0,13 February 2025,6 March 2025,13500000,18000000,16000000,16000000,9,Sinta,baru,48000000,Kota Cilegon,2025-04-06,2030-04-06,6,Sendy,5846,93068960,baru,10 March 2025,2 April 2025,selesai,20 March 2025,lunas,21,2025,27 March 2025,,,21,3,10,7,43,0.00%,23,tercapai,2025,16000000,16000000,0%,Sinta
12 February 2025,NULL,Sinta,9,R09248,GGP036,"Jl. Masjid Al Anwar, Kelurahan  Sukabumi Utara, Kecamatan Kebon Jeruk, Jakarta Barat, West Jakarta, Jakarta",-6.210978,106.780617,7,done,1,0,12 February 2025,10 March 2025,37500000,50000000,35000000,35000000,9,Sinta,baru,105000000,Kota Jakarta Barat,2025-05-10,2030-05-10,4,Trimo,5849,126231427,baru,12 March 2025,8 April 2025,selesai,25 March 2025,lunas,26,2025,7 April 2025,,,26,2,13,13,54,0.00%,27,tercapai,2025,35000000,35000000,0%,Sinta
12 February 2025,NULL,Sinta,9,R09248,GGP036,"Jl. Masjid Al Anwar, Kelurahan  Sukabumi Utara, Kecamatan Kebon Jeruk, Jakarta Barat, West Jakarta, Jakarta",-6.210978,106.780617,7,done,1,0,12 February 2025,10 March 2025,37500000,50000000,35000000,35000000,9,Sinta,baru,105000000,Kota Jakarta Barat,2025-05-10,2030-05-10,4,Trimo,5849,126231427,baru,12 March 2025,8 April 2025,selesai,25 September 2025,lunas,26,2025,7 April 2025,,,26,2,197,-171,54,0.00%,27,tidak tercapai,2025,35000000,35000000,0%,Sinta
12 February 2025,NULL,Sinta,9,R09249,GGP037,"Jl.Daan Mogot, Kedaung Kaliangke, Cengkareng, Jakarta Barat, Jakarta",-6.157667,106.766327,8,done,1,0,12 February 2025,21 March 2025,65000000,100000000,75000000,75000000,9,Sinta,baru,225000000,Kota Jakarta Barat,2025-05-21,2030-05-21,4,Trimo,5850,115702327,baru,24 March 2025,14 April 2025,selesai,21 April 2025,lunas,37,2025,24 April 2025,,,37,2,28,3,71,0.00%,21,tidak tercapai,2025,75000000,75000000,0%,Sinta
12 February 2025,NULL,Djadjang,2,R09253,CKR044,"Jl. KH. Fudholi, RT. 001 RW. 007, Kelurahan Karangasih, Kecamatan Cikarang Utara, Kab. Bekasi, Jawa Barat
",-6.24801,107.156906,7,done,1,0,13 February 2025,6 March 2025,13500000,18000000,16000000,16000000,9,Sinta,baru,48000000,Kab. Bekasi,2025-05-06,2030-05-06,2,Sarjono,5854,100318300,baru,8 March 2025,30 March 2025,selesai,20 March 2025,lunas,21,2025,26 March 2025,,,21,1,12,6,42,0.00%,22,tercapai,2025,16000000,16000000,0%,Sinta
13 February 2025,NULL,Djadjang,2,R09264,KWG070,"Jalan Pawarengan,  Kelurahan Dawuan Timur, Kecamatan Cikampek, Kabupaten Karawang, Jawa Barat, Jawa, 13150, Indonesia",-6.395457,107.448021,7,done,1,0,21 February 2025,5 May 2025,21000000,28000000,28000000,28000000,9,Sinta,baru,84000000,Kab. Karawang,2025-06-05,2028-06-05,6,Sendy,5865,110698670,baru,7 May 2025,28 May 2025,selesai,19 May 2025,lunas,73,2025,26 May 2025,,,73,1,12,7,102,0.00%,21,tercapai,2025,28000000,28000000,0%,Sinta
13 February 2025,NULL,Djadjang,2,R09267,KWG068,"Jl. Kp. Dukuh, Kel. Sukarsari, Kec. Purwasari, Kab. Karawang, Jawa Barat, Jawa, 41377, Indonesia",-6.381945,107.416725,10,done,1,0,21 February 2025,26 April 2025,12750000,17000000,16000000,16000000,9,Sinta,baru,48000000,Kab. Karawang,2025-06-26,2030-06-26,4,Trimo,5868,121761966,baru,29 April 2025,20 May 2025,selesai,15 May 2025,lunas,64,2025,21 May 2025,,,64,3,16,6,97,0.00%,21,tercapai,2025,16000000,16000000,0%,Sinta
13 February 2025,NULL,Djadjang,2,R09268,KWG067,"Jl. Situ Kamojing, Kel. Kamojing, Kec. Cikampek, Kab. Karawang, Jawa Barat, Jawa, 41373, Indonesia",-6.422883,107.454613,8,done,1,0,19 February 2025,21 April 2025,18750000,25000000,20000000,20000000,9,Sinta,baru,60000000,Kab. Karawang,2025-05-06,2030-05-06,6,Sendy,5869,97504810,baru,25 April 2025,16 May 2025,selesai,5 May 2025,lunas,61,2025,9 May 2025,,,61,4,10,4,85,0.00%,21,tercapai,2025,20000000,20000000,0%,Sinta
13 February 2025,NULL,Djadjang,2,R09277,KWG065,"Jl. Pasirmalang, Kel. Citarik, Kec. Tirtamulya, Kab. Karawang, Jawa Barat, Jawa, 13150, Indonesia",-6.355049,107.467079,6,done,1,0,21 February 2025,27 March 2025,13500000,18000000,15000000,15000000,9,Sinta,baru,45000000,Kab. Karawang,2025-05-27,2030-05-27,3,CV. Rizki Mitra Abadi,5878,103723060,baru,8 April 2025,2 May 2025,selesai,23 April 2025,lunas,34,2025,30 April 2025,,,34,11,15,7,76,0.00%,24,tercapai,2025,15000000,15000000,0%,Sinta
14 February 2025,NULL,Djadjang,2,R09287,CBI086,"Jalan Mampir Barat, Cipeucang, Cileungsi, Bogor, Jawa Barat, Jawa, 16820, Indonesia",-6.42025,107.002831,7.5,done,1,0,24 February 2025,17 March 2025,21000000,28000000,22000000,22000000,9,Sinta,baru,66000000,Kab. Bogor,2025-04-17,2030-04-17,4,Trimo,5888,111794877,baru,20 March 2025,10 April 2025,selesai,3 April 2025,lunas,21,2025,16 April 2025,,,21,2,14,13,61,0.00%,21,tercapai,2025,22000000,22000000,0%,Sinta
15 February 2025,NULL,salma,4,R09290,TNA018,"Jl. Bungur Besar Raya No.53 H 15, RT.15/RW.1, Gn. Sahari Sel., Kec. Kemayoran, Kota Jakarta Pusat",-6.162806,106.840652,20,done,1,0,15 February 2025,13 March 2025,49000000,70000000,50000000,50000000,4,salma,baru,150000000,Kota Jakarta Pusat,2025-04-28,2030-04-28,4,Trimo,5891,200422663,baru,15 March 2025,23 April 2025,selesai,28 March 2025,lunas,26,2025,10 April 2025,,,26,1,13,13,54,0.00%,39,tercapai,2025,50000000,50000000,0%,salma
18 February 2025,NULL,salma,4,R09294,SOR049,"Jl. Raya Cimekar No.237, Desa Cimekar, Kec. Cileunyi, Kabupaten Bandung, Jawa Barat",-6.939113,107.738777,12,done,1,0,18 February 2025,25 April 2025,37500000,50000000,42500000,42500000,4,salma,baru,127500000,Kab. Bandung,2025-06-25,2028-06-25,5,Edwin,5895,133273245,baru,28 April 2025,28 May 2025,selesai,16 May 2025,lunas,66,2025,20 May 2025,,,66,2,18,4,91,0.00%,30,tercapai,2025,42500000,42500000,0%,salma
18 February 2025,NULL,Hanif,6,R09295,TNG036,"Jalan Dokter Sitanala, Mekarsari, Neglasari, Tangerang, Banten, Jawa, 15112, Indonesia",-6.165144,106.634659,9,done,1,0,1 March 2025,12 March 2025,16500000,22000000,22000000,22000000,9,Sinta,baru,66000000,Kota Tangerang,2025-05-12,2030-05-12,6,Sendy,5896,97549510,baru,13 March 2025,4 April 2025,selesai,22 March 2025,lunas,11,2025,10 April 2025,,,11,1,9,19,51,0.00%,22,tercapai,2025,22000000,22000000,0%,Sinta
19 February 2025,NULL,salma,4,R09301,SOR048,"Jalan Laswi No.38, RT/RW : 03/14, Manggahang, Baleendah, Manggahang, Kec. Baleendah, Kabupaten Bandung",-7.016896,107.650795,10,done,1,0,19 February 2025,17 April 2025,22500000,30000000,24000000,24000000,4,salma,baru,72000000,Kab. Bandung,2025-06-17,2030-06-17,6,Sendy,5902,112214310,baru,22 April 2025,13 May 2025,selesai,5 May 2025,lunas,57,2025,14 May 2025,,,57,4,13,9,84,0.00%,21,tercapai,2025,24000000,24000000,0%,salma
20 February 2025,NULL,Djadjang,2,R09310,BYL006,"Jalan Raya Dr. Soeharso, Karanggeneng, Boyolali, Boyolali, Jawa Tengah, Jawa, 57312, Indonesia",-7.520872,110.6063,8,done,1,0,28 February 2025,10 May 2025,15000000,20000000,18000000,18000000,9,Sinta,baru,54000000,Kab. Boyolali,2025-07-10,2030-07-10,6,Sendy,5911,113423960,baru,13 May 2025,3 June 2025,selesai,30 May 2025,lunas,71,2025,17 September 2025,,,71,3,17,110,209,0.00%,21,tercapai,2025,18000000,18000000,0%,Sinta
20 February 2025,NULL,Djadjang,2,R09316,BYL005,"Jalan Kacangan-Karanggede, Kacangan, Andong, Boyolali, Jawa Tengah, Jawa, Indonesia",-7.374694,110.76355,12,done,1,0,24 February 2025,9 May 2025,16500000,22000000,20000000,20000000,9,Sinta,baru,60000000,Kab. Boyolali,2025-07-09,2030-07-09,6,Sendy,5917,110858620,baru,13 May 2025,3 June 2025,selesai,30 May 2025,lunas,74,2025,1 August 2025,,,74,4,17,63,162,0.00%,21,tercapai,2025,20000000,20000000,0%,Sinta
21 February 2025,NULL,Hanif,6,R09329,PWT016,"Jalan Kertawibawa, Pasir Lor, Karanglewas, Banyumas, Jawa Tengah, Jawa, 53134, Indonesia",-7.408467,109.20211,10,done,1,0,24 February 2025,5 May 2025,37500000,50000000,35000000,35000000,9,Sinta,baru,105000000,Kab. Banyumas,2025-07-05,2030-07-05,5,Edwin,5930,155522020,baru,9 May 2025,30 May 2025,selesai,28 May 2025,lunas,70,2025,12 June 2025,,,70,3,19,15,111,0.00%,21,tercapai,2025,35000000,35000000,0%,Sinta
21 February 2025,NULL,Hanif,6,R09330,PWT015,"Jalan Patimura no 194 RT 001 RW 01  Kelurahan Karanglewas Lor, Kecamatan Purwokerto Barat, Banyumas, Jawa Tengah, Jawa, 53161, Indonesia",-7.420513,109.199989,17,done,1,0,24 February 2025,2 May 2025,41250000,55000000,45000000,45000000,9,Sinta,baru,135000000,Kab. Banyumas,2025-06-02,2030-06-02,5,Edwin,5931,128781370,baru,6 May 2025,27 May 2025,selesai,20 May 2025,lunas,67,2025,2 June 2025,,,67,3,14,13,101,0.00%,21,tercapai,2025,45000000,45000000,0%,Sinta
25 February 2025,NULL,salma,4,R09348,SPA007,"Jl. RTA. Prawira Adiningrat No.61, Margaluyu, Kec. Manonjaya, Kabupaten Tasikmalaya",-7.350029,108.303688,20,done,1,0,25 February 2025,17 March 2025,37500000,50000000,45000000,45000000,4,salma,baru,135000000,Kab. Tasikmalaya,2025-05-17,2030-05-17,3,CV. Rizki Mitra Abadi,5949,116186945,baru,19 March 2025,9 April 2025,selesai,12 April 2025,lunas,20,2025,22 April 2025,,,20,1,24,10,56,0.00%,21,tidak tercapai,2025,45000000,45000000,0%,salma
26 February 2025,NULL,salma,4,R09355,BDG024,"Jl. Garuda, Kel. Dungus Cariang, Kec. Andir, Kota Bandung",-6.90907,107.578804,15,done,1,0,26 February 2025,15 April 2025,45500000,65000000,45000000,45000000,4,salma,baru,135000000,Kota Bandung,2025-06-01,2030-06-01,5,Edwin,5956,124653760,baru,17 April 2025,8 May 2025,selesai,2 May 2025,lunas,48,2025,9 May 2025,,,48,1,15,7,72,0.00%,21,tercapai,2025,45000000,45000000,0%,salma
27 February 2025,NULL,Hanif,6,R09357,TNG038,"Jalan KH. Maulana Hasanudin, Poris Gaga, Batuceper, Tangerang, Banten, Jawa, 15122, Indonesia",-6.166251,106.68058,12,done,1,0,7 March 2025,6 May 2025,37500000,50000000,48000000,48000000,9,Sinta,baru,144000000,Kota Tangerang,2025-07-06,2030-07-06,2,Sarjono,5958,111992300,baru,13 May 2025,3 June 2025,selesai,30 May 2025,lunas,60,2025,4 June 2025,,,60,6,17,5,97,0.00%,21,tercapai,2025,48000000,48000000,0%,Sinta
27 February 2025,NULL,Djadjang,2,R09365,IDM023,"Jl. Raya Karangsinom, RT. 000 RW. 000, Desa Desa Karanganyar, Kecamatan Kandanghaur, Kab. Indramayu, Jawa Barat
",-6.367404,108.118622,22,done,1,0,1 March 2025,13 March 2025,18750000,25000000,19000000,19000000,9,Sinta,baru,57000000,Kab. Indramayu,2025-05-13,2030-05-13,5,Edwin,5966,111543440,baru,17 March 2025,8 April 2025,selesai,8 April 2025,lunas,12,2025,22 April 2025,,,12,4,22,14,54,0.00%,22,tidak tercapai,2025,19000000,19000000,0%,Sinta
28 February 2025,NULL,Djadjang,2,R09370,NPH019,"Jalan Kolonel Masturi, Jambudipa, Cisarua, Bandung Barat, Jawa Barat, Jawa, 40551, Indonesia",-6.817078,107.555367,4,done,1,0,8 March 2025,27 March 2025,13500000,18000000,15000000,15000000,9,Sinta,baru,75000000,Kab. Bandung Barat,2025-05-27,2025-05-27,3,CV. Rizki Mitra Abadi,5971,108099335,baru,7 April 2025,2 May 2025,selesai,30 April 2025,lunas,19,2025,3 May 2025,,,19,11,23,3,64,0.00%,25,tercapai,2025,15000000,15000000,0%,Sinta
3 March 2025,NULL,salma,4,R09386,CMH007,"Jl. Kecamatan, RT. 003 RW. 009, Kelurahan Cibabat, Kecamatan Cimahi Utara, Kota Cimahi, Jawa Barat
",-6.874688,107.557266,9,done,1,0,3 March 2025,15 April 2025,42000000,60000000,50000000,50000000,4,salma,baru,150000000,Kota Cimahi,2025-05-15,2030-05-15,4,Trimo,5987,133909827,baru,19 April 2025,10 May 2025,selesai,3 May 2025,lunas,43,2025,9 May 2025,,,43,3,14,6,67,0.00%,21,tercapai,2025,50000000,50000000,0%,salma
5 March 2025,NULL,Sinta,9,R09399,CBI087,"Jl. Cigudeg, Kel.Cigudeg, Kec. Cigudeg, Kabupaten Bogor, Jawa Barat",-6.550958,106.534836,8,done,1,0,5 March 2025,8 April 2025,37500000,50000000,45000000,45000000,9,Sinta,baru,135000000,Kab. Bogor,2025-05-08,2030-05-08,3,CV. Rizki Mitra Abadi,6000,107327120,baru,10 April 2025,1 May 2025,selesai,26 April 2025,lunas,34,2025,2 May 2025,,,34,1,16,6,58,0.00%,21,tercapai,2025,45000000,45000000,0%,Sinta
5 March 2025,NULL,Djadjang,2,R09404,CBI089,"Jalan Pembangunan, Kel. Gunung Sindur, Kec. Gunung Sindur, Bogor, Jawa Barat, Jawa, 15314, Indonesia",-6.38441,106.680511,16,done,1,0,13 March 2025,11 April 2025,19500000,26000000,23000000,23000000,9,Sinta,baru,69000000,Kab. Bogor,2025-05-11,2030-05-11,3,CV. Rizki Mitra Abadi,6005,111899557,baru,14 April 2025,5 May 2025,selesai,6 May 2025,lunas,29,2025,9 May 2025,,,29,2,22,3,65,0.00%,21,tidak tercapai,2025,23000000,23000000,0%,Sinta
5 March 2025,NULL,Djadjang,2,R09409,CBI088,"Jalan H. Mawi, Putat Nutug, Ciseeng, Bogor, Jawa Barat, Jawa, 16120, Indonesia",-6.459945,106.66729,13,done,1,0,11 March 2025,10 April 2025,20250000,27000000,26000000,26000000,9,Sinta,baru,78000000,Kab. Bogor,2025-06-10,2030-06-10,2,Sarjono,6010,104114050,baru,19 April 2025,10 May 2025,selesai,28 April 2025,lunas,30,2025,6 May 2025,,,30,9,9,8,62,0.00%,21,tercapai,2025,26000000,26000000,0%,Sinta
5 March 2025,NULL,Djadjang,2,R09412,CBI090,"Jalan Haji Usa Kp. Setu, Parigi Mekar, Ciseeng, Bogor, Jawa Barat, Jawa, 16330, Indonesia",-6.443478,106.692039,8,done,1,0,13 March 2025,12 April 2025,22500000,30000000,26000000,26000000,9,Sinta,baru,78000000,Kab. Bogor,2025-06-12,2030-06-12,2,Sarjono,6013,105603300,baru,15 April 2025,6 May 2025,selesai,24 April 2025,lunas,30,2025,6 May 2025,,,30,3,9,12,62,0.00%,21,tercapai,2025,26000000,26000000,0%,Sinta
5 March 2025,NULL,Djadjang,2,R09413,CBI092,"Jl. Pasar Ciampea , Kel. Ciampea, Kec. Ciampea, Kab. Bogor, Jawa Barat, Jawa, 16620, Indonesia",-6.541067,106.69577,22,done,1,0,11 March 2025,24 April 2025,30000000,40000000,38000000,38000000,9,Sinta,baru,114000000,Kab. Bogor,2025-06-24,2030-06-24,6,Sendy,6014,115895380,baru,26 April 2025,17 May 2025,selesai,10 May 2025,lunas,44,2025,16 May 2025,,,44,2,14,6,72,0.00%,21,tercapai,2025,38000000,38000000,0%,Sinta
5 March 2025,NULL,Djadjang,2,R09414,CBI091,"Jl. Warung Borong, Kel. Bojong Rangkas, Kec. Ciampea, Kab. Bogor, Jawa Barat, Jawa, 16620, Indonesia",-6.553511,106.695457,8,done,1,0,11 March 2025,21 April 2025,18750000,25000000,45000000,45000000,9,Sinta,baru,135000000,Kab. Bogor,2025-05-21,2030-05-21,4,Trimo,6015,122436891,baru,25 April 2025,20 May 2025,selesai,13 May 2025,lunas,41,2025,16 May 2025,,,41,3,18,3,72,0.00%,25,tercapai,2025,45000000,45000000,0%,Sinta
5 March 2025,NULL,salma,4,R09415,SRG031,"Jl. Raya Petir Link. Lebak, Kel. Cipocok Jaya, Kec. Cipocok Jaya, Kota Serang",-6.143732,106.175354,10,done,1,0,5 March 2025,24 March 2025,30000000,40000000,35000000,35000000,4,salma,baru,105000000,Kota Serang,2025-05-24,2030-05-24,6,Sendy,6016,108300030,baru,7 April 2025,28 April 2025,selesai,21 April 2025,lunas,19,2025,29 April 2025,,,19,13,14,8,55,0.00%,21,tercapai,2025,35000000,35000000,0%,salma
6 March 2025,NULL,salma,4,R09418,SBM026,"Jl. Siliwangi, Kel. Cicurug, Kec. Cicurug, Kabupaten Sukabumi, Jawa Barat",-6.779899,106.784088,5.5,done,1,0,6 March 2025,25 March 2025,26250000,35000000,50000000,50000000,4,salma,baru,150000000,Kab. Sukabumi,2025-05-25,2030-05-25,5,Edwin,6019,117575030,baru,7 April 2025,29 April 2025,selesai,23 April 2025,lunas,19,2025,25 April 2025,,,19,12,16,2,50,0.00%,22,tercapai,2025,50000000,50000000,0%,salma
6 March 2025,NULL,Hanif,6,R09426,GRT036,"Jalan Bratayuda, Kota Kulon, Garut Kota, Garut, Jawa Barat, Jawa, 44119, Indonesia",-7.22888,107.907051,20,done,1,0,11 March 2025,29 April 2025,22500000,30000000,22000000,22000000,9,Sinta,baru,66000000,Kab. Garut,2025-08-29,2028-08-29,5,Edwin,6027,129692075,baru,26 June 2025,16 July 2025,selesai,17 July 2025,lunas,49,2025,22 July 2025,,,49,57,21,5,138,0.00%,20,tidak tercapai,2025,22000000,22000000,0%,Sinta
6 March 2025,NULL,Djadjang,2,R09429,SKB011,"Jalan Baros, Kel. Jayaraksa, Kec. Baros, Kota Sukabumi, Jawa Barat, Jawa, 43144, Indonesia",-6.952308,106.933693,8,done,1,0,11 March 2025,28 March 2025,13500000,18000000,15000000,15000000,9,Sinta,baru,45000000,Kota Sukabumi,2025-05-28,2030-05-28,6,Sendy,6030,108558280,baru,8 April 2025,29 April 2025,selesai,21 April 2025,lunas,17,2025,25 April 2025,,,17,11,13,4,50,0.00%,21,tercapai,2025,15000000,15000000,0%,Sinta
7 March 2025,NULL,Djadjang,2,R09437,SKB012,"Jl. Jendral Ahmad Yani, Kebonjati, Sukabumi, Jawa Barat, Jawa, 43112, Indonesia",-6.922927,106.936966,10,done,1,0,11 March 2025,29 April 2025,63000000,90000000,60000000,70000000,9,Sinta,baru,180000000,Kota Sukabumi,2025-06-29,2030-06-29,2,Sarjono,6038,134690050,baru,3 May 2025,24 May 2025,selesai,26 May 2025,lunas,49,2025,28 May 2025,,,49,3,23,2,82,-16.67%,21,tidak tercapai,2025,60000000,70000000,-17%,Sinta
7 March 2025,NULL,Sinta,9,R09439,SOR047,"Jl. Jati Utama No.1-3, Kel. Margaasih, Kec. Margaasih, Kabupaten Bandung, Jawa Barat",-6.932397,107.543602,16,done,1,0,7 March 2025,22 March 2025,30000000,40000000,37000000,37000000,9,Sinta,baru,111000000,Kab. Bandung,2025-05-22,2030-05-22,3,CV. Rizki Mitra Abadi,6040,105320690,baru,24 March 2025,14 April 2025,selesai,15 April 2025,lunas,15,2025,29 April 2025,,,15,2,22,14,53,0.00%,21,tidak tercapai,2025,37000000,37000000,0%,Sinta
7 March 2025,NULL,Sinta,9,R09439,SOR047,"Jl. Jati Utama No.1-3, Kel. Margaasih, Kec. Margaasih, Kabupaten Bandung, Jawa Barat",-6.932397,107.543602,16,done,1,0,7 March 2025,22 March 2025,30000000,40000000,37000000,37000000,9,Sinta,baru,111000000,Kab. Bandung,2025-05-22,2030-05-22,3,CV. Rizki Mitra Abadi,6040,105320690,baru,24 March 2025,14 April 2025,selesai,21 April 2025,lunas,15,2025,29 April 2025,,,15,2,28,8,53,0.00%,21,tidak tercapai,2025,37000000,37000000,0%,Sinta
7 March 2025,NULL,Djadjang,2,R09440,SBM025,"Jalan Kadudampit, Nagrak, Cisaat, Sukabumi, Jawa Barat, Jawa, 43135, Indonesia",-6.905084,106.892517,13,done,1,0,11 March 2025,19 March 2025,22500000,30000000,26000000,26000000,9,Sinta,baru,78000000,Kab. Sukabumi,2025-05-19,2030-05-19,4,Trimo,6041,105164266,baru,24 March 2025,19 April 2025,selesai,23 April 2025,lunas,8,2025,25 April 2025,,,8,4,30,2,49,0.00%,26,tidak tercapai,2025,26000000,26000000,0%,Sinta
11 March 2025,NULL,Djadjang,2,R09453,KWG071,"Jl. Pangakaran, Kelurahan Tambak Sumur, Kecamatan Tirtajaya, Kabupaten Karawang, Jawa Barat, Jawa, Indonesia",-6.040914,107.250587,10,done,1,0,27 March 2025,7 May 2025,9750000,13000000,11400000,11400000,9,Sinta,baru,57000000,Kab. Karawang,2025-07-07,2030-07-07,4,Trimo,6054,115959816,baru,9 May 2025,30 May 2025,selesai,27 May 2025,lunas,41,2025,2 June 2025,,,41,1,18,6,83,0.00%,21,tercapai,2025,11400000,11400000,0%,Sinta
12 March 2025,NULL,Djadjang,2,R09460,KWG072,"Jalan Raya Kutagandok, Kelurahan Kutagandok, Kecamatan Kutawaluya, Karawang, Jawa Barat, Jawa, 41352, Indonesia",-6.159702,107.321548,6,done,1,0,19 March 2025,15 May 2025,15000000,20000000,20000000,20000000,9,Sinta,baru,60000000,Kab. Karawang,2025-07-15,2030-07-15,4,Trimo,6061,123489266,baru,19 May 2025,12 June 2025,selesai,9 June 2025,lunas,57,2025,12 June 2025,,,57,3,21,3,92,0.00%,24,tercapai,2025,20000000,20000000,0%,Sinta
12 March 2025,NULL,Djadjang,2,R09462,KWG066,"Jl. Raya Medangasem, Kelurahan Medangasem, Kecamatan Jayakerta, Kab. Karawang, Jawa Barat",-6.113242,107.272217,8,done,1,0,18 March 2025,7 April 2025,15000000,20000000,15000000,15000000,9,Sinta,baru,45000000,Kab. Karawang,2025-06-07,2030-06-07,4,Trimo,6063,110817416,baru,9 April 2025,30 April 2025,selesai,29 April 2025,lunas,20,2025,3 May 2025,,,20,2,20,4,52,0.00%,21,tercapai,2025,15000000,15000000,0%,Sinta
13 March 2025,NULL,salma,4,R09470,BKS062,"Jl. Raya Pd. Ungu Permai, Kel. Kaliabang, Kec. Bekasi Utara, Kota Bekasi, Jawa Barat",-6.177732,107.000893,20,done,1,0,13 March 2025,11 April 2025,30000000,40000000,33000000,33000000,4,salma,baru,99000000,Kota Bekasi,2025-05-11,2030-05-11,2,Sarjono,6071,104775050,baru,14 April 2025,5 May 2025,selesai,28 April 2025,lunas,29,2025,30 April 2025,,,29,2,14,2,48,0.00%,21,tercapai,2025,33000000,33000000,0%,salma
14 March 2025,NULL,salma,4,R09490,SKB010,"Jl. Pelabuhan II, Kel. Tipar, Kec. Citamiang, Kota Sukabumi, Jawa Barat",-6.929912,106.92601,22,done,1,0,14 March 2025,26 March 2025,37500000,50000000,42000000,42000000,4,salma,baru,126000000,Kab. Sukabumi,2025-05-26,2030-05-26,6,Sendy,6091,118100940,baru,7 April 2025,1 May 2025,selesai,21 April 2025,lunas,12,2025,24 April 2025,,,12,11,14,3,41,0.00%,24,tercapai,2025,42000000,42000000,0%,salma
15 March 2025,NULL,Djadjang,2,R09497,NPH020,"Jl. Radio, Desa Cililin, Kec. Cililin, Bandung Barat, Jawa Barat, Jawa, 40767, Indonesia",-6.953146,107.457695,11,done,1,0,18 March 2025,14 April 2025,33750000,45000000,40000000,40000000,9,Sinta,baru,120000000,Kab. Bandung Barat,2025-05-14,2030-05-14,5,Edwin,6098,109651720,baru,16 April 2025,7 May 2025,selesai,29 April 2025,lunas,27,2025,6 May 2025,,,27,2,13,7,52,0.00%,21,tercapai,2025,40000000,40000000,0%,Sinta
15 March 2025,NULL,Sinta,9,R09501,BKS061,"Jalan Raya Kp. Sawah No.88, RT.005/RW.002, Jatimurni, Kec. Pd. Melati, Kota Bks, Jawa Barat",-6.328885,106.935883,10,done,1,0,15 March 2025,17 March 2025,21000000,28000000,28000000,28000000,9,Sinta,baru,84000000,Kota Bekasi,2025-05-17,2030-05-17,2,Sarjono,6102,90979550,baru,22 March 2025,12 April 2025,selesai,3 April 2025,lunas,2,2025,10 April 2025,,,2,5,12,7,26,0.00%,21,tercapai,2025,28000000,28000000,0%,Sinta
15 March 2025,NULL,Sinta,9,R09502,TJP030,"Jalan Sarang Bango, RT.5/RW.5, Marunda, Kec. Cilincing, Jkt Utara, Daerah Khusus Ibukota Jakarta",-6.129796,106.955582,8,done,1,0,15 March 2025,17 March 2025,15000000,20000000,20000000,20000000,9,Sinta,baru,60000000,Kota Jakarta Utara,2025-11-17,2028-11-17,2,Sarjono,6103,88667800,baru,22 March 2025,12 April 2025,selesai,3 April 2025,lunas,2,2025,22 April 2025,,,2,4,12,19,38,0.00%,21,tercapai,2025,20000000,20000000,0%,Sinta
17 March 2025,NULL,Sinta,9,R09504,DPK054,"Jl. Raya Citayam, Kel. Depok, Kec. Pancoran Mas, Kota Depok, Jawa Barat",-6.409915,106.81694,10,done,1,0,17 March 2025,9 April 2025,52500000,75000000,65000000,65000000,9,Sinta,baru,195000000,Kota Depok,2025-04-30,2030-04-30,2,Sarjono,6105,118370175,baru,10 April 2025,1 May 2025,selesai,21 April 2025,lunas,23,2025,29 April 2025,,,23,1,11,8,43,0.00%,21,tercapai,2025,65000000,65000000,0%,Sinta
18 March 2025,NULL,salma,4,R09505,CBI093,"Jl. Raya Bojong Klapanunggal, Bojong, Kec. Klapanunggal, Kabupaten Bogor",-6.443523,107.006287,7,done,1,0,18 March 2025,30 April 2025,19500000,26000000,25000000,25000000,4,salma,baru,75000000,Kab. Bogor,2025-06-30,2030-06-30,2,Sarjono,6106,113008050,baru,3 May 2025,24 May 2025,selesai,15 May 2025,lunas,43,2025,21 May 2025,,,43,2,12,6,64,0.00%,21,tercapai,2025,25000000,25000000,0%,salma
19 March 2025,NULL,salma,4,R09506,CJR020,"Jl. Hanjawar Pacet, Kel. Cibadak, Kec.Sukaresmi, Kab. Cianjur, Jawa Barat",-6.714393,107.061287,7,done,1,0,19 March 2025,23 April 2025,11625000,15500000,14000000,14000000,4,salma,baru,42000000,Kab. Cianjur,2025-06-23,2030-06-23,6,Sendy,6107,107706010,baru,26 April 2025,21 May 2025,selesai,10 May 2025,lunas,35,2025,16 May 2025,,,35,2,14,6,58,0.00%,25,tercapai,2025,14000000,14000000,0%,salma
20 March 2025,NULL,Djadjang,2,R09521,SPA008,"Jalan Cisayong, Cisayong, Cisayong, Tasikmalaya, Jawa Barat, Jawa, 46153, Indonesia",-7.257426,108.148781,15,done,1,0,7 April 2025,3 May 2025,22500000,30000000,24000000,24000000,9,Sinta,baru,72000000,Kab. Tasikmalaya,2025-07-03,2030-07-03,3,CV. Rizki Mitra Abadi,6122,105662350,baru,8 May 2025,29 May 2025,selesai,26 May 2025,lunas,26,2025,31 May 2025,,,26,4,18,5,72,0.00%,21,tercapai,2025,24000000,24000000,0%,Sinta
20 March 2025,NULL,Hanif,6,R09527,PDG013,"Jl. Raya Pasar Sobang,  Kelurahan Pangkalan, Kecamatan Sobang, Pandeglang, Jawa, Indonesia",-6.558695,105.756172,11,done,1,0,28 March 2025,20 May 2025,15000000,20000000,14000000,14000000,9,Sinta,baru,70000000,Kab. Pandeglang,2025-07-20,2030-07-20,3,CV. Rizki Mitra Abadi,6128,117905631,baru,23 May 2025,13 June 2025,selesai,10 June 2025,lunas,53,2025,16 June 2025,,,53,2,18,6,88,0.00%,21,tercapai,2025,14000000,14000000,0%,Sinta
21 March 2025,NULL,Djadjang,2,R09529,CMS008,"Jalan Raya Pamarican, Kel. Pamarican, Kec. Pamarican, Kab. Ciamis, Jawa Barat, Jawa, 46382, Indonesia",-7.457384,108.523926,14,done,1,0,7 April 2025,6 May 2025,11250000,15000000,13000000,13000000,9,Sinta,baru,39000000,Kab. Ciamis,2025-06-06,2030-06-06,3,CV. Rizki Mitra Abadi,6130,102127800,baru,8 May 2025,29 May 2025,selesai,30 May 2025,lunas,29,2025,4 June 2025,,,29,2,22,5,75,0.00%,21,tidak tercapai,2025,13000000,13000000,0%,Sinta
21 March 2025,NULL,salma,4,R09532,BGR026,"Jl. RE Soemantadierdja, Kel. Pamoyanan, Kec. Bogor Sel., Kota Bogor, Jawa Barat",-6.637664,106.808075,10,done,1,0,21 March 2025,23 May 2025,30000000,40000000,38000000,38000000,4,salma,baru,114000000,Kota Bogor,2025-07-23,2030-07-23,2,Sarjono,6133,103942050,baru,28 May 2025,18 June 2025,selesai,7 June 2025,lunas,63,2025,16 June 2025,,,63,4,10,9,87,0.00%,21,tercapai,2025,38000000,38000000,0%,salma
21 March 2025,NULL,Djadjang,2,R09540,CLP010,"Jalan A. Yani, Kel. Cipari, Kec. Cipari, Kab. Cilacap, Jawa Tengah, Jawa, 53261, Indonesia",-7.440111,108.761375,30,done,1,0,27 March 2025,22 May 2025,37500000,50000000,47000000,47000000,9,Sinta,baru,141000000,Kab. Cilacap,2025-06-22,2030-06-22,5,Edwin,6141,138139700,baru,26 May 2025,16 June 2025,selesai,10 June 2025,lunas,56,2025,16 June 2025,,,56,3,15,6,87,0.00%,21,tercapai,2025,47000000,47000000,0%,Sinta
25 March 2025,NULL,Hanif,6,R09546,CKG057,"Jalan Curug Raya, Pondok Kelapa, Duren Sawit, Jakarta Timur, Daerah Khusus Ibukota Jakarta",-6.248934,106.923401,12,done,1,0,7 April 2025,7 May 2025,30000000,40000000,35000000,35000000,9,Sinta,baru,105000000,Kota Jakarta Timur,2025-07-07,2030-07-07,4,Trimo,6147,105466716,baru,9 May 2025,30 May 2025,selesai,28 May 2025,lunas,30,2025,4 June 2025,,,30,1,19,7,71,0.00%,21,tercapai,2025,35000000,35000000,0%,Sinta
25 March 2025,NULL,Djadjang,2,R09551,TNG037,"Jl. HR. Rasuna Said, RT. 004 RW. 001, Kelurahan Pakojan, Kecamatan Pinang, Kota Tangerang, Banten",-6.210858,106.648293,8.3,done,1,0,7 April 2025,24 April 2025,30000000,40000000,38000000,38000000,9,Sinta,baru,114000000,Kota Tangerang,2025-05-24,2030-05-24,3,CV. Rizki Mitra Abadi,6152,106392900,baru,28 April 2025,19 May 2025,selesai,16 May 2025,lunas,17,2025,20 May 2025,,,17,3,18,4,56,0.00%,21,tercapai,2025,38000000,38000000,0%,Sinta
27 March 2025,NULL,salma,4,R09556,BGR023,"Jl. Pangeran Sogiri, Kel. Tanah Baru, Kec. Bogor Utara, Kota Bogor, Jawa Barat",-6.578149,106.822876,6,done,1,0,27 March 2025,19 April 2025,22500000,30000000,20000000,20000000,4,salma,baru,60000000,Kota Bogor,2025-06-19,2030-06-19,4,Trimo,6157,121168266,baru,22 April 2025,13 May 2025,selesai,7 May 2025,lunas,23,2025,9 May 2025,,,23,3,15,2,43,0.00%,21,tercapai,2025,20000000,20000000,0%,salma
27 March 2025,NULL,Djadjang,2,R09558,BKS066,"Jalan Raya Perjuangan, Harapan Baru, Bekasi Utara, Bekasi, Jawa Barat, Jawa, 17121, Indonesia",-6.221647,107.016754,7,done,1,0,15 April 2025,3 June 2025,15000000,20000000,17000000,17000000,9,Sinta,baru,51000000,Kota Bekasi,2025-08-03,2030-08-03,2,Sarjono,6159,103064800,baru,7 June 2025,28 June 2025,selesai,30 June 2025,lunas,49,2025,2 July 2025,,,49,3,23,2,97,0.00%,21,tidak tercapai,2025,17000000,17000000,0%,Sinta
28 March 2025,NULL,Djadjang,2,R09562,KYB038,"Jl. Bang Pitung, Grogol Utara, Kebayoran Lama, Jakarta Selatan, Daerah Khusus Ibukota Jakarta, Jawa, 12210, Indonesia",-6.210044,106.783485,8,done,1,0,15 April 2025,25 April 2025,33750000,45000000,35000000,35000000,9,Sinta,baru,105000000,Kota Jakarta Selatan,2025-06-25,2030-06-25,6,Sendy,6163,106237460,baru,28 April 2025,29 May 2025,selesai,17 May 2025,lunas,10,2025,20 May 2025,,,10,2,19,3,53,0.00%,31,tercapai,2025,35000000,35000000,0%,Sinta
5 April 2025,NULL,Claher Prastian,1,R09563,DPR019,"Jl. Raya Sesetan Selatan No.169, Sesetan, Denpasar Selatan, Kota Denpasar, Bali 80223",-8.689961,115.217651,13,done,1,0,5 April 2025,30 April 2025,66500000,95000000,60000000,60000000,1,Claher Prastian,baru,180000000,Kota Denpasar,2025-06-30,2030-06-30,10,I made widiantara,6164,134040500,baru,14 May 2025,4 June 2025,selesai,30 May 2025,lunas,25,2025,6 August 2025,,,25,13,16,68,123,0.00%,21,tercapai,2025,60000000,60000000,0%,Claher Prastian
5 April 2025,NULL,Claher Prastian,1,R09563,DPR019,"Jl. Raya Sesetan Selatan No.169, Sesetan, Denpasar Selatan, Kota Denpasar, Bali 80223",-8.689961,115.217651,13,done,1,0,5 April 2025,30 April 2025,66500000,95000000,60000000,60000000,1,Claher Prastian,baru,180000000,Kota Denpasar,2025-06-30,2030-06-30,10,I made widiantara,6164,134040500,baru,14 May 2025,4 June 2025,selesai,8 July 2025,lunas,25,2025,6 August 2025,,,25,13,55,29,123,0.00%,21,tidak tercapai,2025,60000000,60000000,0%,Claher Prastian
5 April 2025,NULL,Claher Prastian,1,R09563,DPR019,"Jl. Raya Sesetan Selatan No.169, Sesetan, Denpasar Selatan, Kota Denpasar, Bali 80223",-8.689961,115.217651,13,done,1,0,5 April 2025,30 April 2025,66500000,95000000,60000000,60000000,1,Claher Prastian,baru,180000000,Kota Denpasar,2025-06-30,2030-06-30,10,I made widiantara,6164,134040500,baru,14 May 2025,4 June 2025,selesai,4 August 2025,lunas,25,2025,6 August 2025,,,25,13,82,2,123,0.00%,21,tidak tercapai,2025,60000000,60000000,0%,Claher Prastian
8 April 2025,NULL,salma,4,R09571,SOR051,"Jalan Raya Banjaran, Kelurahan Banjaran Wetan, Kecamatan Banjaran, Kabupaten Bandung, Jawa Barat",-7.046999,107.592545,8,done,1,0,8 April 2025,17 June 2025,15000000,20000000,19500000,19500000,4,salma,baru,58500000,Kab. Bandung,2025-07-01,2030-07-01,5,Edwin,6172,110711600,baru,19 June 2025,9 July 2025,selesai,3 July 2025,lunas,70,2025,9 July 2025,,,70,1,14,6,92,0.00%,20,tercapai,2025,19500000,19500000,0%,salma
9 April 2025,NULL,Djadjang,2,R09584,KWG069,"Jl. Raya Singaperbangsa, Kelurahan Tegalurung, Kecamatan Cilamaya, Kab. Karawang, Jawa Barat",-6.209501,107.512856,6,done,1,0,15 April 2025,2 May 2025,20250000,27000000,23000000,23000000,9,Sinta,baru,69000000,Kab. Karawang,2025-06-30,2030-06-30,4,Trimo,6185,123839266,baru,7 May 2025,28 May 2025,selesai,23 May 2025,lunas,17,2025,28 May 2025,,,17,4,16,5,49,0.00%,21,tercapai,2025,23000000,23000000,0%,Sinta
10 April 2025,NULL,salma,4,R09586,BGR024,"Jalan KH. Sholeh Iskandar, Kel. Kayu Manis, Kec. Tanah Sereal, Kota Bogor",-6.537145,106.77002,8,done,1,0,10 April 2025,13 May 2025,13500000,18000000,15000000,15000000,4,salma,baru,45000000,Kota Bogor,2025-06-13,2030-06-13,2,Sarjono,6187,115567550,baru,15 May 2025,8 June 2025,selesai,3 June 2025,lunas,33,2025,11 June 2025,,,33,2,19,8,62,0.00%,24,tercapai,2025,15000000,15000000,0%,salma
10 April 2025,NULL,Hanif,6,R09596,PWK020,"Jl. Pertigaan Sawit, Kelurahan Sawit, Kecamatan Darangdan, Kab. Purwakarta, Jawa Barat",-6.692382,107.437141,11,done,1,0,15 April 2025,24 May 2025,20625000,27500000,23000000,23000000,9,Sinta,baru,69000000,Kab. Purwakarta,2025-06-07,2030-06-07,5,Edwin,6197,110800060,baru,27 May 2025,17 June 2025,selesai,13 June 2025,lunas,39,2025,16 June 2025,,,39,3,17,3,67,0.00%,21,tercapai,2025,23000000,23000000,0%,Sinta
11 April 2025,NULL,Djadjang,2,R09599,SNG028,"Jl. Raya Karanghegar, Kelurahan  Karanghegar,  Kecamatan Pabuaran, Subang, Jawa Barat, Jawa, Indonesia",-6.418816,107.634346,15,done,1,0,15 April 2025,17 June 2025,16875000,22500000,22500000,22500000,9,Sinta,baru,67500000,Kab. Subang,2025-08-17,2030-08-17,3,CV. Rizki Mitra Abadi,6200,108634970,baru,19 June 2025,9 July 2025,selesai,11 July 2025,lunas,63,2025,15 July 2025,,,63,1,22,4,95,0.00%,20,tidak tercapai,2025,22500000,22500000,0%,Sinta
15 April 2025,NULL,Djadjang,2,R09610,CBI095,"Jl. Kp. Nagrog, Tegal, Kemang, Bogor, Jawa Barat, Jawa, Indonesia",-6.484757,106.700371,10,done,1,0,22 April 2025,4 June 2025,21750000,29000000,24000000,24000000,9,Sinta,baru,72000000,Kab. Bogor,2025-07-04,2030-07-04,5,Edwin,6211,109616660,baru,16 June 2025,6 July 2025,selesai,9 July 2025,lunas,43,2025,11 July 2025,,,43,11,23,2,87,0.00%,20,tidak tercapai,2025,24000000,24000000,0%,Sinta
15 April 2025,NULL,Djadjang,2,R09611,BGR025,"Jl. DR. Semeru, RT. 001 RW. 005, Kelurahan Menteng, Kecamatan Bogor Barat, Kota Bogor, Jawa Barat",-6.589873,106.78569,9,done,1,0,22 April 2025,17 May 2025,30000000,40000000,38000000,38000000,9,Sinta,baru,114000000,Kota Bogor,2025-07-17,2030-07-17,2,Sarjono,6212,95825300,baru,20 May 2025,10 June 2025,selesai,2 June 2025,lunas,25,2025,7 June 2025,,,25,2,13,5,53,0.00%,21,tercapai,2025,38000000,38000000,0%,Sinta
16 April 2025,NULL,Hanif,6,R09615,CPT032,"Jalan Jombang Raya, Pondok Pucung, Pondok Aren, Tangerang Selatan, Banten, Jawa, 15229, Indonesia",-6.285777,106.702454,10,done,1,0,22 April 2025,17 September 2025,45000000,60000000,50000000,50000000,9,Sinta,baru,150000000,Kota Tangerang Selatan,2025-11-17,2030-11-16,3,CV. Rizki Mitra Abadi,6216,107761900,baru,22 September 2025,12 October 2025,selesai,18 October 2025,lunas,148,2025,22 October 2025,,,148,4,26,4,189,0.00%,20,tidak tercapai,2025,50000000,50000000,0%,Sinta
17 April 2025,NULL,Djadjang,2,R09624,DPK055,"Jalan Raya Pitara, Kel. Pancoran Mas, Kec. Pancoran Mas, Kota Depok, Jawa Barat, Jawa, 16436, Indonesia",-6.399549,106.812912,15,done,1,0,22 April 2025,21 May 2025,45500000,65000000,45000000,45000000,9,Sinta,baru,135000000,Kota Depok,2025-06-21,2030-06-21,9,CV Cahaya Kemakmuran Sejahtera,6225,124584620,baru,23 May 2025,13 June 2025,selesai,13 June 2025,lunas,29,2025,16 June 2025,,,29,1,21,3,60,0.00%,21,tidak tercapai,2025,45000000,45000000,0%,Sinta
22 April 2025,NULL,Sinta,9,R09635,TGR051,"Jl. Raya Mauk, Kel. Sepatan, Kec. Sepatan, Kabupaten Tangerang, Banten",-6.116709,106.574272,10,done,1,0,22 April 2025,16 May 2025,33750000,45000000,40000000,40000000,9,Sinta,baru,120000000,Kab. Tangerang,2025-06-14,2030-06-14,3,CV. Rizki Mitra Abadi,6236,100144900,baru,16 May 2025,6 June 2025,selesai,3 June 2025,lunas,24,2025,12 June 2025,,,24,-1,18,9,51,0.00%,21,tercapai,2025,40000000,40000000,0%,Sinta
23 April 2025,NULL,Hanif,6,R09647,PWD003,"Jalan Ahmad Yani, Purwodadi, Purwodadi, Grobogan, Jawa Tengah, Jawa, 58113, Indonesia",-7.083272,110.91304,10,done,1,0,28 April 2025,19 May 2025,18750000,25000000,24000000,24000000,9,Sinta,baru,72000000,Kab. Grobogan,2025-07-19,2030-07-19,4,Trimo,6248,118653266,baru,21 May 2025,11 June 2025,selesai,2 July 2025,lunas,21,2025,5 July 2025,,,21,2,42,3,73,0.00%,21,tidak tercapai,2025,24000000,24000000,0%,Sinta
23 April 2025,NULL,Djadjang,2,R09652,CMH008,"Jalan Jend. H. Amir Machmud, Padasuka, Cimahi Tengah, Cimahi, Jawa Barat, Jawa, 40526, Indonesia",-6.870569,107.536804,10,done,1,0,28 April 2025,16 May 2025,30000000,40000000,38000000,38000000,9,Sinta,baru,114000000,Kota Cimahi,2025-07-16,2028-07-16,5,Edwin,6253,107880560,baru,19 May 2025,9 June 2025,selesai,3 June 2025,lunas,18,2025,16 June 2025,,,18,3,15,13,54,0.00%,21,tercapai,2025,38000000,38000000,0%,Sinta
24 April 2025,NULL,Hanif,6,R09658,RBG001,"Jalan Eyang Sambu, Karangturi, Lasem, Rembang, Jawa Tengah, Jawa, 59262, Indonesia",-6.699598,111.44767,10,done,1,0,30 April 2025,15 May 2025,37500000,50000000,50000000,50000000,15,Triani,baru,150000000,Kab. Rembang,2025-07-15,2030-07-15,4,Trimo,6259,131163588,baru,20 May 2025,10 June 2025,selesai,1 July 2025,lunas,15,2025,2 July 2025,,,15,4,42,1,69,0.00%,21,tidak tercapai,2025,50000000,50000000,0%,Triani
24 April 2025,NULL,Hanif,6,R09660,RBG002,"Jalan Kragan-Lasem, Karangharjo, Kragan, Rembang, Jawa Tengah, Jawa, Indonesia",-6.700603,111.625435,7,done,1,0,30 April 2025,15 May 2025,7500000,10000000,8000000,8000000,15,Triani,baru,40000000,Kab. Rembang,2025-07-15,2030-07-15,4,Trimo,6261,112147266,baru,20 May 2025,12 June 2025,selesai,16 June 2025,lunas,15,2025,10 November 2025,,,15,4,27,147,200,0.00%,23,tidak tercapai,2025,8000000,8000000,0%,Triani
24 April 2025,NULL,Djadjang,2,R09662,MJL019,"Jalan Bantarujeg, Bantarujeg, Bantarujeg, Majalengka, Jawa Barat, Jawa, 45465, Indonesia",-6.964939,108.243156,9,done,1,0,30 April 2025,22 May 2025,26250000,35000000,33000000,33000000,15,Triani,baru,99000000,Kab. Majalengka,2025-07-22,2030-07-22,6,Sendy,6263,106642670,baru,23 May 2025,13 June 2025,selesai,4 June 2025,lunas,22,2025,12 June 2025,,,22,0,12,8,49,0.00%,21,tercapai,2025,33000000,33000000,0%,Triani
28 April 2025,NULL,salma,4,R09674,BYL007,"Jl. Raya Prawiro Dikdoyo, Kel. Kebonan, Kec. Karanggede, Kabupaten Boyolali, Jawa Tengah",-7.360845,110.639778,25,done,1,0,28 April 2025,16 May 2025,18750000,25000000,20000000,20000000,4,salma,baru,60000000,Kab. Boyolali,2025-07-16,2030-07-16,6,Sendy,6275,107902080,baru,19 May 2025,9 June 2025,selesai,3 June 2025,lunas,18,2025,3 November 2025,,,18,3,15,153,189,0.00%,21,tercapai,2025,20000000,20000000,0%,salma
29 April 2025,NULL,salma,4,R09676,BYL008,"Jl. Pandanaran, Kelurahan Banaran, Kecamatan Boyolali, Kab. Boyolali, Jawa Tengah",-7.529943,110.601807,10,done,1,0,29 April 2025,15 July 2025,45500000,65000000,48000000,48000000,4,salma,baru,96000000,Kab. Boyolali,2025-08-15,2030-08-14,2,Sarjono,6277,146060300,baru,21 July 2025,17 August 2025,selesai,14 August 2025,lunas,77,2025,20 October 2025,,,77,5,24,67,174,0.00%,27,tercapai,2025,48000000,48000000,0%,salma
30 April 2025,NULL,salma,4,R09682,SKH009,"Jl. Raya Songgo Langit, Kel. Gentan, Kec. Baki, Kabupaten Sukoharjo, Jawa Tengah",-7.580298,110.78331,14,done,1,0,30 April 2025,17 May 2025,20625000,27500000,27000000,27000000,4,salma,baru,81000000,Kab. Sukoharjo,2025-07-17,2030-07-17,2,Sarjono,6283,102727300,baru,19 May 2025,9 June 2025,selesai,2 June 2025,lunas,17,2025,1 July 2025,,,17,1,14,29,62,0.00%,21,tercapai,2025,27000000,27000000,0%,salma
1 May 2025,NULL,salma,4,R09687,PKL005,"Jl. Tentara Pelajar, Kandang Panjang, Kec. Pekalongan Utara, Kota Pekalongan",-6.875172,109.673187,28,done,1,0,1 May 2025,24 June 2025,22500000,30000000,30000000,30000000,4,salma,baru,90000000,Kota Pekalongan,2025-07-24,2028-07-24,5,Edwin,6288,133414246,baru,28 June 2025,18 July 2025,selesai,21 July 2025,lunas,54,2025,2 September 2025,,,54,3,23,43,124,0.00%,20,tidak tercapai,2025,30000000,30000000,0%,salma
3 May 2025,NULL,Hanif,6,R09693,CJR021,"Jalan Hanjawar, Desa Cimacan, Kec. Pacet, Kab. Cianjur, Jawa Barat",-6.713096,107.021996,15,done,1,0,3 May 2025,28 May 2025,45000000,60000000,50000000,50000000,9,Sinta,baru,150000000,Kab. Cianjur,2025-07-28,2030-07-28,2,Sarjono,6294,112190050,baru,30 May 2025,20 June 2025,selesai,13 June 2025,lunas,25,2025,25 June 2025,,,25,1,14,12,53,0.00%,21,tercapai,2025,50000000,50000000,0%,Sinta
3 May 2025,NULL,Djadjang,2,R09699,PWT017,"Jalan Raya Rawalo Wangon I, Kelurahan  Rawalo, Kecamatan Rawalo, Kabupaten Banyumas, Jawa Tengah, Jawa, 53273, Indonesia",-7.536666,109.176971,14,done,1,0,6 May 2025,3 June 2025,17250000,23000000,21000000,21000000,9,Sinta,baru,63000000,Kab. Banyumas,2025-08-03,2030-08-03,5,Edwin,6300,129096130,baru,7 June 2025,28 June 2025,selesai,24 June 2025,lunas,28,2025,21 July 2025,,,28,3,17,27,79,0.00%,21,tercapai,2025,21000000,21000000,0%,Sinta
3 May 2025,NULL,Hanif,6,R09700,CJR022,"Jl. Ariawiratanudatar, Sindangkala, Karangtengah, Cianjur, Jawa Barat, Jawa, 43281, Indonesia",-6.78313,107.176956,7,done,1,0,6 May 2025,31 May 2025,14250000,19000000,17000000,17000000,9,Sinta,baru,85000000,Kab. Cianjur,2025-06-14,2030-06-14,2,Sarjono,6301,120449800,baru,4 June 2025,25 June 2025,selesai,17 June 2025,lunas,25,2025,23 June 2025,,,25,4,13,6,51,0.00%,21,tercapai,2025,17000000,17000000,0%,Sinta
3 May 2025,NULL,Djadjang,2,R09701,PWT018,"Jalan Pahlawan, Tanjung, Purwokerto Selatan, Banyumas, Jawa Tengah, Jawa, 53144, Indonesia",-7.438963,109.219719,20,done,1,0,6 May 2025,11 June 2025,35250000,47000000,40000000,40000000,9,Sinta,baru,120000000,Kab. Banyumas,2025-07-11,2028-07-11,6,Sendy,6302,117808510,baru,17 June 2025,7 July 2025,selesai,2 July 2025,lunas,36,2025,22 July 2025,,,36,5,15,20,80,0.00%,20,tercapai,2025,40000000,40000000,0%,Sinta
3 May 2025,NULL,Djadjang,2,R09704,PML014,"Jl. Gatot Subroto, Belik, Belik, Pemalang, Jawa Tengah, Jawa, 53359, Indonesia",-7.187523,109.329987,15,done,1,0,7 May 2025,28 May 2025,26250000,35000000,30000000,30000000,9,Sinta,baru,90000000,Kab. Pemalang,2025-07-28,2030-07-28,3,CV. Rizki Mitra Abadi,6305,105490850,baru,31 May 2025,21 June 2025,selesai,26 June 2025,lunas,21,2025,28 June 2025,,,21,2,26,2,56,0.00%,21,tidak tercapai,2025,30000000,30000000,0%,Sinta
4 May 2025,NULL,Hanif,6,R09710,KWG073,"Jl. Kosambi Curug, Curug, Klari, Karawang, Jawa Barat, Jawa, 41371, Indonesia",-6.43229,107.382751,8,done,1,0,6 May 2025,2 June 2025,9000000,12000000,10000000,10000000,9,Sinta,baru,50000000,Kab. Karawang,2025-08-02,2030-08-02,6,Sendy,6311,87272810,baru,5 June 2025,26 June 2025,selesai,21 June 2025,lunas,27,2025,26 June 2025,,,27,3,16,5,53,0.00%,21,tercapai,2025,10000000,10000000,0%,Sinta
4 May 2025,NULL,Djadjang,2,R09712,PML015,"Jalan Jenderal Sudirman Timur, Wanarejan Selatan, Pemalang, Jawa Tengah, Jawa, 52312, Indonesia",-6.891033,109.394684,28,done,1,0,5 May 2025,11 June 2025,22500000,30000000,25000000,25000000,9,Sinta,baru,125000000,Kab. Pemalang,2025-08-10,2030-08-10,4,Trimo,6313,125958699,baru,13 June 2025,4 July 2025,selesai,11 July 2025,lunas,37,2025,5 August 2025,,,37,2,28,25,93,0.00%,21,tidak tercapai,2025,25000000,25000000,0%,Sinta
5 May 2025,NULL,Djadjang,2,R09723,BTG007,"Jalan Raya Plelen - Batang, Plelen, Gringsing, Batang, Jawa Tengah, Jawa, 51355, Indonesia",-6.971099,110.018944,15,done,1,0,6 May 2025,26 May 2025,15000000,20000000,19000000,19000000,9,Sinta,baru,57000000,Kab. Batang,2025-07-26,2030-07-26,3,CV. Rizki Mitra Abadi,6323,103029800,baru,28 May 2025,18 June 2025,selesai,20 June 2025,lunas,20,2025,22 August 2025,,,20,1,23,63,109,0.00%,21,tidak tercapai,2025,19000000,19000000,0%,Sinta
6 May 2025,NULL,salma,4,R09726,BGR027,"Jl. Rambutan Raya, Baranangsiang, Kec. Bogor Tim., Kota Bogor",-6.618048,106.820351,7,done,1,0,6 May 2025,13 June 2025,37500000,50000000,45000000,45000000,4,salma,baru,135000000,Kota Bogor,2025-07-13,2030-07-13,2,Sarjono,6326,124640000,baru,22 June 2025,12 July 2025,selesai,17 July 2025,lunas,38,2025,22 July 2025,,,38,8,25,5,77,0.00%,20,tidak tercapai,2025,45000000,45000000,0%,salma
9 May 2025,NULL,Djadjang,2,R09740,IDM024,"Jl. Raya Eretan, Eretan Wetan, Kandanghaur, Indramayu, Jawa Barat, Jawa, Indonesia",-6.328604,108.083496,8,done,1,0,10 May 2025,27 May 2025,30000000,40000000,35000000,35000000,9,Sinta,baru,105000000,Kab. Indramayu,2025-07-27,2030-07-27,6,Sendy,6340,94151960,baru,30 May 2025,20 June 2025,selesai,10 June 2025,lunas,17,2025,16 June 2025,,,17,3,11,6,38,0.00%,21,tercapai,2025,35000000,35000000,0%,Sinta
10 May 2025,NULL,Hanif,6,R09744,BKS065,"Jalan Raya Gurame, Kayuringin Jaya, Bekasi Selatan, Bekasi, Jawa Barat, Jawa, 17136, Indonesia",-6.234258,106.982346,8,done,1,0,13 May 2025,30 May 2025,22500000,30000000,25000000,25000000,9,Sinta,baru,125000000,Kota Bekasi,2025-06-30,2030-06-30,9,CV Cahaya Kemakmuran Sejahtera,6344,122433400,baru,31 May 2025,28 June 2025,selesai,28 June 2025,lunas,17,2025,2 July 2025,,,17,1,28,4,53,0.00%,28,tidak tercapai,2025,25000000,25000000,0%,Sinta
10 May 2025,NULL,Hanif,6,R09745,BKS064,"Jalan Delima Raya, Kel. Kota Baru, Kec. Bekasi Barat, Kota Bekasi, Jawa Barat, Jawa, 17133, Indonesia",-6.21029,106.966919,10,done,1,0,13 May 2025,27 May 2025,22500000,30000000,30000000,30000000,9,Sinta,baru,90000000,Kota Bekasi,2025-06-27,2030-06-27,9,CV Cahaya Kemakmuran Sejahtera,6345,97081950,baru,28 May 2025,18 June 2025,selesai,19 June 2025,lunas,14,2025,25 June 2025,,,14,0,22,6,46,0.00%,21,tidak tercapai,2025,30000000,30000000,0%,Sinta
10 May 2025,NULL,Hanif,6,R09747,BKS063,"Jalan Kaliabang, Kelurahan Pejuang, Kecamatan Medan Satria, Bekasi, Jawa Barat, Jawa, 17181, Indonesia",-6.198064,106.989525,10,done,1,0,13 May 2025,26 May 2025,20250000,27000000,25000000,25000000,9,Sinta,baru,75000000,Kota Bekasi,2025-07-26,2030-07-26,3,CV. Rizki Mitra Abadi,6347,88102215,baru,28 May 2025,18 June 2025,selesai,20 June 2025,lunas,13,2025,25 June 2025,,,13,1,23,5,46,0.00%,21,tidak tercapai,2025,25000000,25000000,0%,Sinta
13 May 2025,NULL,salma,4,R09755,TGR052,"Jalan Raya Serang, Kel. Balaraja, Kec. Balaraja, Kabupaten Tangerang, Banten",-6.197626,106.45723,9,done,1,0,13 May 2025,2 June 2025,22500000,30000000,25000000,25000000,4,salma,baru,75000000,Kab. Tangerang,2025-08-02,2028-08-02,6,Sendy,6355,113067786,baru,6 June 2025,27 June 2025,selesai,18 June 2025,lunas,20,2025,23 June 2025,,,20,3,12,5,41,0.00%,21,tercapai,2025,25000000,25000000,0%,salma
15 May 2025,NULL,Djadjang,2,R09766,SBR047,"Jl. Raya Nyi Mas Gandasari, Panguragan Wetan, Panguragan, Cirebon, Jawa Barat, Jawa, 45162, Indonesia",-6.627263,108.452568,8,done,1,0,16 May 2025,16 June 2025,9000000,12000000,12000000,12000000,9,Sinta,baru,36000000,Kab. Cirebon,2025-08-16,2030-08-16,3,CV. Rizki Mitra Abadi,6366,108816225,baru,19 June 2025,9 July 2025,selesai,5 July 2025,lunas,31,2025,9 July 2025,,,31,2,16,4,55,0.00%,20,tercapai,2025,12000000,12000000,0%,Sinta
15 May 2025,NULL,salma,4,R09767,PKL004,"Jalan Gatot Subroto, Kel. Banyurip, Kec. Pekalongan Sel., Kota Pekalongan",-6.918821,109.657829,14,done,1,0,16 May 2025,24 May 2025,33750000,45000000,40000000,40000000,4,salma,baru,120000000,Kota Pekalongan,2025-06-09,2030-06-09,5,Edwin,6367,105183960,baru,26 May 2025,16 June 2025,selesai,13 June 2025,lunas,8,2025,17 June 2025,,,8,2,18,4,33,0.00%,21,tercapai,2025,40000000,40000000,0%,salma
16 May 2025,NULL,Hanif,6,R09779,PWD004,"Jalan Honggokusuman II, Kelurahan  Kuwu, Kecamatan Kradenan, Grobogan, Jawa Tengah, Jawa, 58181, Indonesia",-7.123637,111.125542,9.7,done,1,0,17 May 2025,19 June 2025,30000000,40000000,37000000,37000000,9,Sinta,baru,111000000,Kab. Grobogan,2025-08-19,2030-08-19,3,CV. Rizki Mitra Abadi,6379,117598275,baru,22 June 2025,18 July 2025,selesai,18 July 2025,lunas,33,2025,19 August 2025,,,33,2,26,32,95,0.00%,26,tidak tercapai,2025,37000000,37000000,0%,Sinta
16 May 2025,NULL,Djadjang,2,R09780,TMG001,"Jalan Raya Ngadirejo, Manggong, Ngadirejo, Temanggung, Jawa Tengah, Jawa, 56255, Indonesia",-7.240686,110.062302,18,done,1,0,17 May 2025,27 May 2025,45000000,60000000,50000000,50000000,9,Sinta,baru,150000000,Kab. Temanggung,2025-07-27,2030-07-27,6,Sendy,6380,117192530,baru,5 June 2025,26 June 2025,selesai,20 June 2025,lunas,10,2025,28 June 2025,,,10,8,15,8,43,0.00%,21,tercapai,2025,50000000,50000000,0%,Sinta
17 May 2025,NULL,Djadjang,2,R09786,TMG002,"Jl. Raya Kranggan, Kelurahan Kranggan, Kecamatan Kranggan, Kab. Temanggung, Jawa Tengah",-7.347341,110.212891,8,done,1,0,19 May 2025,21 June 2025,15000000,20000000,20000000,20000000,9,Sinta,baru,60000000,Kab. Temanggung,2025-08-21,2030-08-21,6,Sendy,6386,110739960,baru,23 June 2025,13 July 2025,selesai,9 July 2025,lunas,33,2025,26 August 2025,,,33,2,16,48,101,0.00%,20,tercapai,2025,20000000,20000000,0%,Sinta
17 May 2025,NULL,Hanif,6,R09792,RBG003,"Jalan Gajah Mada, Magersari, Rembang, Rembang, Jawa Tengah, Jawa, 59214, Indonesia",-6.702809,111.328209,10,done,1,0,19 May 2025,8 July 2025,45500000,65000000,60000000,60000000,9,Sinta,baru,180000000,Kab. Rembang,2025-08-08,2028-08-08,2,Sarjono,6392,200961300,baru,11 July 2025,31 July 2025,selesai,28 July 2025,lunas,50,2025,6 October 2025,,,50,2,17,70,142,0.00%,20,tercapai,2025,60000000,60000000,0%,Sinta
19 May 2025,NULL,Sinta,9,R09805,TNA019,"Jl. Pejompongan Raya, Bend. Hilir, Kecamatan Tanah Abang, Kota Jakarta Pusat, Daerah Khusus Ibukota Jakarta",-6.203182,106.803741,4,done,1,0,19 May 2025,5 June 2025,27000000,36000000,30000000,30000000,9,Sinta,baru,90000000,Kota Jakarta Pusat,2025-08-05,2030-08-05,3,CV. Rizki Mitra Abadi,6405,98533300,baru,12 June 2025,3 July 2025,selesai,5 July 2025,lunas,17,2025,9 July 2025,,,17,7,23,4,51,0.00%,21,tidak tercapai,2025,30000000,30000000,0%,Sinta
20 May 2025,NULL,Hanif,6,R09817,GGP039,"Jalan Panjang, Kebon Jeruk, Kebon Jeruk, Jakarta Barat, Daerah Khusus Ibukota Jakarta, Jawa, 11530, Indonesia",-6.19582,106.768959,12,done,1,0,20 May 2025,11 June 2025,68250000,105000000,75000000,75000000,9,Sinta,baru,225000000,Kota Jakarta Barat,2025-07-11,2030-07-11,6,Sendy,6417,127187870,baru,12 June 2025,3 July 2025,selesai,30 June 2025,lunas,22,2025,2 July 2025,,,22,0,18,2,43,0.00%,21,tercapai,2025,75000000,75000000,0%,Sinta
21 May 2025,NULL,Bonita,16,R09826,TNA022,"Jl. Kalilio, Kel. Senen, Kec. Senen, Kota Jakarta Pusat, Daerah Khusus Ibukota Jakarta",-6.173328,106.840988,6,done,1,0,21 May 2025,26 September 2025,37500000,50000000,75000000,75000000,16,Bonita,baru,225000000,Kota Jakarta Pusat,2025-11-26,2030-11-25,4,Trimo,6426,143445891,baru,30 September 2025,24 October 2025,selesai,25 October 2025,lunas,128,2025,4 November 2025,,,128,3,25,10,167,0.00%,24,tidak tercapai,2025,75000000,75000000,0%,Bonita
21 May 2025,NULL,salma,4,R09828,BKS068,"Jalan Rawa Silam, Kelurahan Kaliabang Tengah, Kec. Bekasi Utara, Kota Bks",-6.189456,107.005463,5,done,1,0,21 May 2025,20 June 2025,11250000,15000000,29000000,29000000,4,salma,baru,87000000,Kota Bekasi,2025-08-20,2030-08-20,2,Sarjono,6428,124241800,baru,24 June 2025,14 July 2025,selesai,8 July 2025,lunas,30,2025,10 July 2025,,,30,4,14,2,50,0.00%,20,tercapai,2025,29000000,29000000,0%,salma
21 May 2025,NULL,salma,4,R09831,BTG008,"Jl. Raya Utama Krengseng-Gringsing, Krengseng, Gringsing, Batang",-6.951531,110.0261,5,done,1,0,21 May 2025,30 June 2025,7500000,10000000,18000000,18000000,4,salma,baru,90000000,Kab. Batang,2025-08-30,2030-08-30,3,CV. Rizki Mitra Abadi,6431,115215600,baru,4 July 2025,24 July 2025,selesai,25 July 2025,lunas,40,2025,22 August 2025,,,40,3,21,28,93,0.00%,20,tidak tercapai,2025,18000000,18000000,0%,salma
21 May 2025,NULL,Hanif,6,R09835,KYB041,"Jalan Pangeran Antasari, Cilandak Barat, Cilandak, Jakarta Selatan, Daerah Khusus Ibukota Jakarta, Jawa, 12430, Indonesia",-6.284463,106.807388,8,done,1,0,22 May 2025,1 July 2025,52500000,75000000,65000000,65000000,9,Sinta,baru,195000000,Kota Jakarta Selatan,2025-08-01,2030-08-01,9,CV Cahaya Kemakmuran Sejahtera,6435,125097450,baru,3 July 2025,23 July 2025,selesai,24 July 2025,lunas,40,2025,28 July 2025,,,40,1,21,4,68,0.00%,20,tidak tercapai,2025,65000000,65000000,0%,Sinta
21 May 2025,NULL,Djadjang,2,R09836,TGR053,"Jalan Lingkar Selatan, Marga Sari, Tigaraksa, Kabupaten Tangerang, Banten, Jawa, 15711, Indonesia",-6.281212,106.495842,8,done,1,0,22 May 2025,7 June 2025,15000000,20000000,17000000,17000000,9,Sinta,baru,51000000,Kab. Tangerang,2025-08-07,2030-08-07,9,CV Cahaya Kemakmuran Sejahtera,6436,125063750,baru,9 June 2025,30 June 2025,selesai,5 July 2025,lunas,16,2025,9 July 2025,,,16,2,26,4,49,0.00%,21,tidak tercapai,2025,17000000,17000000,0%,Sinta
21 May 2025,NULL,Djadjang,2,R09837,CBI096,"Jl. Raya Tenjo-Jasinga, Kelurahan Tenjo, Kecamatan Tenjo, Kab. Bogor, Jawa Barat",-6.328283,106.455986,7,done,1,0,22 May 2025,18 June 2025,15000000,20000000,17000000,17000000,9,Sinta,baru,51000000,Kab. Bogor,2025-08-18,2030-08-18,4,Trimo,6437,115125266,baru,21 June 2025,11 July 2025,selesai,16 July 2025,lunas,27,2025,17 July 2025,,,27,2,25,1,57,0.00%,20,tidak tercapai,2025,17000000,17000000,0%,Sinta
23 May 2025,NULL,Bonita,16,R09858,CKR046,"Jl.  Raya Setia Mekar, Setiamekar, Kec. Tambun Sel., Kabupaten Bekasi, Jawa Barat",-6.24299,107.041855,16,done,1,0,23 May 2025,9 June 2025,30000000,40000000,45000000,45000000,16,Bonita,baru,135000000,Kab. Bekasi,2025-06-30,2030-06-30,2,Sarjono,6458,131338550,baru,17 June 2025,7 July 2025,selesai,30 June 2025,lunas,17,2025,3 July 2025,,,17,7,13,3,41,0.00%,20,tercapai,2025,45000000,45000000,0%,Bonita
23 May 2025,NULL,salma,4,R09859,SOR050,"Jalan Raya Cileunyi-Bandung, Kel. Cibiru Wetan, Kec. Cileunyi, Kabupaten Bandung, Jawa Barat",-6.933112,107.723656,10,done,1,0,23 May 2025,16 June 2025,37500000,50000000,43000000,43000000,4,salma,baru,129000000,Kab. Bandung,2025-08-11,2030-08-11,5,Edwin,6459,111418150,baru,8 July 2025,28 July 2025,selesai,28 July 2025,lunas,24,2025,31 July 2025,,,24,21,20,3,69,0.00%,20,tidak tercapai,2025,43000000,43000000,0%,salma
26 May 2025,NULL,Gita,11,R09877,BKS069,"Jl. Mulyadi Joyo Martono, RT.003/RW.021, Margahayu, Kec. Bekasi Tim., Kota Bks, Jawa Barat 17113",-6.259588,107.019875,16,done,1,0,26 May 2025,25 June 2025,45500000,65000000,55000000,55000000,11,Gita,baru,110000000,Kota Bekasi,2025-08-25,2030-08-25,2,Sarjono,6477,130800318,baru,28 June 2025,18 July 2025,selesai,14 July 2025,lunas,30,2025,16 July 2025,,,30,2,16,2,51,0.00%,20,tercapai,2025,55000000,55000000,0%,Gita
26 May 2025,NULL,Bonita,16,R09878,KWG074,"Jl. Perintis Kemerdekaan, R.Dengklok Utara, Kec. R.Dengklok, Karawang, Jawa Barat",-6.15771,107.292664,6,done,1,0,26 May 2025,11 June 2025,18750000,25000000,21000000,21000000,16,Bonita,baru,63000000,Kab. Karawang,2025-07-09,2030-07-09,4,Trimo,6478,147597966,baru,11 June 2025,8 July 2025,selesai,8 July 2025,lunas,16,2025,10 July 2025,,,16,0,27,2,45,0.00%,27,tidak tercapai,2025,21000000,21000000,0%,Bonita
26 May 2025,NULL,Gita,11,R09881,BKS071,"Jl. Pahlawan, Kel. Duren Jaya, Kec. Bekasi Tim., Kota Bks, Jawa Barat 17111",-6.246085,107.025444,6,done,1,0,26 May 2025,21 July 2025,30000000,40000000,40000000,40000000,11,Gita,baru,120000000,Kota Bekasi,2025-08-04,2028-08-03,5,Edwin,6481,128317775,baru,23 July 2025,12 August 2025,selesai,12 August 2025,lunas,56,2025,14 August 2025,,,56,1,20,2,80,0.00%,20,tidak tercapai,2025,40000000,40000000,0%,Gita
26 May 2025,NULL,Bonita,16,R09889,CKR047,"Jalan Griya Timur, Kel. Jatimulya, Kec. Tambun Sel., Kabupaten Bekasi, Jawa Barat",-6.274032,107.026291,12,done,1,0,27 May 2025,13 June 2025,26250000,35000000,29000000,29000000,16,Bonita,baru,87000000,Kab. Bekasi,2025-07-13,2030-07-13,2,Sarjono,6489,122371048,baru,24 June 2025,14 July 2025,selesai,10 July 2025,lunas,17,2025,14 July 2025,,,17,11,16,4,49,0.00%,20,tercapai,2025,29000000,29000000,0%,Bonita
27 May 2025,NULL,Bonita,16,R09891,PWT019,"Jalan Jenderal Sudirman, Purwokerto Wetan, Purwokerto Timur, Banyumas, Kabupaten Banyumas, Jawa Tengah",-7.427624,109.252762,22,done,1,0,27 May 2025,23 June 2025,41250000,55000000,50000000,50000000,16,Bonita,baru,150000000,Kab. Banyumas,2025-07-23,2030-07-23,6,Sendy,6491,131570920,baru,28 June 2025,18 July 2025,selesai,14 July 2025,lunas,27,2025,1 August 2025,,,27,4,16,18,66,0.00%,20,tercapai,2025,50000000,50000000,0%,Bonita
27 May 2025,NULL,Djadjang,2,R09894,TJP031,"Jalan Kramat Jaya, Koja, Koja, Jakarta Utara, Daerah Khusus Ibukota Jakarta, Jawa, 14130, Indonesia",-6.109202,106.917252,18.5,done,1,0,27 May 2025,26 June 2025,45000000,60000000,60000000,60000000,16,Bonita,baru,180000000,Kota Jakarta Utara,2025-07-15,2028-07-15,4,Trimo,6494,126517577,baru,30 June 2025,20 July 2025,selesai,26 July 2025,lunas,30,2025,30 July 2025,,,30,3,26,4,64,0.00%,20,tidak tercapai,2025,60000000,60000000,0%,Bonita
27 May 2025,NULL,salma,4,R09897,TGR057,"Jalan Serang, Kel. Talagasari, Kec. Cikupa, Kabupaten Tangerang",-6.22855,106.519981,25,done,1,0,14 July 2025,13 August 2025,63000000,75000000,75000000,75000000,18,Mirza,baru,225000000,Kab. Tangerang,2025-10-13,2030-10-12,5,Edwin,6497,130458300,baru,16 August 2025,8 September 2025,selesai,10 September 2025,lunas,30,2025,15 September 2025,,,30,3,25,5,111,0.00%,23,tidak tercapai,2025,75000000,75000000,0%,Mirza
28 May 2025,NULL,Gita,11,R09901,BKS067,"Jl. Perjuangan Kp. Irian, Kelurahan Teluk Pucung , Kecamatan Bekasi Utara, Kota Bekasi, Jawa Barat",-6.206372,107.031067,15,done,1,0,28 May 2025,18 June 2025,18750000,25000000,23000000,23000000,11,Gita,baru,69000000,Kota Bekasi,2025-08-18,2030-08-18,4,Trimo,6501,127054877,baru,20 June 2025,10 July 2025,selesai,19 July 2025,lunas,21,2025,23 July 2025,,,22,1,29,4,56,0.00%,20,tidak tercapai,2025,23000000,23000000,0%,Gita
28 May 2025,NULL,Djadjang,2,R09909,KYB040,"Jl. Lebak Bulus I, Kelurahan Cilandak Barat, Kecamatan Cilandak, Kota Jakarta Selatan, DKI Jakarta",-6.296348,106.789391,14,done,1,0,28 May 2025,26 June 2025,59500000,85000000,70000000,70000000,16,Bonita,baru,210000000,Kota Jakarta Selatan,2025-08-26,2030-08-26,9,CV Cahaya Kemakmuran Sejahtera,6509,137329550,baru,28 June 2025,24 July 2025,selesai,21 July 2025,lunas,29,2025,23 July 2025,,,29,1,23,2,56,0.00%,26,tercapai,2025,70000000,70000000,0%,Bonita
29 May 2025,NULL,salma,4,R09912,CBI094,"Jl. Mayor Oking, Kel. Karang Asem Barat, Kec. Citeureup, Kabupaten Bogor, Jawa Barat",-6.488042,106.880806,15,done,1,0,29 May 2025,4 June 2025,30000000,40000000,40000000,40000000,4,salma,baru,120000000,Kab. Bogor,2025-08-04,2030-08-04,2,Sarjono,6512,114635370,baru,7 June 2025,28 June 2025,selesai,17 June 2025,lunas,6,2025,23 June 2025,,,6,2,10,6,25,0.00%,21,tercapai,2025,40000000,40000000,0%,salma
29 May 2025,NULL,salma,4,R09913,NPH021,"Jl. Cimareme, Kel. Cimareme, Kec. Ngamprah, Kabupaten Bandung Barat",-6.863509,107.503387,15,done,1,0,29 May 2025,1 July 2025,37500000,50000000,40000000,40000000,4,salma,baru,120000000,Kab. Bandung Barat,2025-08-01,2030-08-01,4,Trimo,6513,134985827,baru,4 July 2025,24 July 2025,selesai,25 July 2025,lunas,33,2025,28 July 2025,,,33,2,21,3,60,0.00%,20,tidak tercapai,2025,40000000,40000000,0%,salma
30 May 2025,NULL,Djadjang,2,R09915,CKG058,"Jalan Utan Kayu Raya No. 111B, Kelurahan Utan Kayu Utara, Kecamatan Matraman",-6.196911,106.873451,14,done,1,0,30 May 2025,28 June 2025,49000000,70000000,50000000,50000000,16,Bonita,baru,150000000,Kota Jakarta Timur,2025-07-28,2030-07-28,9,CV Cahaya Kemakmuran Sejahtera,6515,129209250,baru,2 July 2025,22 July 2025,selesai,23 July 2025,lunas,29,2025,28 July 2025,,,29,3,21,5,59,0.00%,20,tidak tercapai,2025,50000000,50000000,0%,Bonita
31 May 2025,NULL,Hanif,6,R09921,SBR048,"Jl. Otista, RT. 005 RW. 004, Kelurahan Karangasem, Kecamatan Plumbon, Kab. Cirebon, Jawa Barat, 45158",-6.7015,108.478973,15,done,1,0,30 June 2025,4 July 2025,26250000,28000000,28000000,28000000,18,Mirza,baru,84000000,Kab. Cirebon,2025-09-04,2030-09-04,3,CV. Rizki Mitra Abadi,6521,128308050,baru,10 July 2025,30 July 2025,selesai,2 August 2025,lunas,4,2025,7 August 2025,,,4,5,23,5,68,0.00%,20,tidak tercapai,2025,28000000,28000000,0%,Mirza
3 June 2025,NULL,salma,4,R09934,IDM025,"Jl. Raya Sukra, Desa Sukra, Kec. Sukra, Kabupaten Indramayu",-6.304894,107.932747,7,done,1,0,3 June 2025,3 July 2025,11250000,15000000,19000000,19000000,4,salma,baru,57000000,Kab. Indramayu,2025-08-03,2028-08-03,5,Edwin,6534,108232800,baru,4 July 2025,24 July 2025,selesai,22 July 2025,lunas,30,2025,28 July 2025,,,30,0,18,6,55,0.00%,20,tercapai,2025,19000000,19000000,0%,salma
4 June 2025,NULL,Hanif,6,R09939,GGP040,"Jl. Raya Perjuangan, RT. 003 RW. 007, Kelurahan Kebon Jeruk, Kecamatan Kebon Jeruk, Kota Jakarta Barat, DKI Jakarta, 11530",-6.192287,106.762291,7,done,1,0,4 June 2025,3 July 2025,33750000,45000000,38333333,38333333,16,Bonita,baru,115000000,Kota Jakarta Barat,2025-09-03,2030-09-03,6,Sendy,6539,92094010,baru,5 July 2025,25 July 2025,selesai,17 July 2025,lunas,29,2025,22 July 2025,,,29,1,12,5,48,0.00%,20,tercapai,2025,38333333,38333333,0%,Bonita
5 June 2025,NULL,Djadjang,2,R09946,CJR024,"Jalan Siti Jenab, Kel. Pamoyanan, Kec. Cinajur, Kab. Cianjur, Jawa Barat, Jawa, 43212, Indonesia",-6.821696,107.138809,14,done,1,0,5 June 2025,5 July 2025,41250000,55000000,50000000,50000000,16,Bonita,baru,150000000,Kab. Cianjur,2025-08-05,2030-08-05,2,Sarjono,6546,126088800,baru,8 July 2025,28 July 2025,selesai,25 July 2025,lunas,30,2025,28 July 2025,,,30,3,17,3,53,0.00%,20,tercapai,2025,50000000,50000000,0%,Bonita
5 June 2025,NULL,Djadjang,2,R09948,CJR023,"Jl. KH Opo Mustopo, RT. 001 RW. 007, Kelurahan Maleber, Kecamatan Karang Tengah, Kab. Cianjur, Jawa Barat, 43281",-6.820965,107.174026,15,done,1,0,5 June 2025,2 July 2025,33750000,45000000,38000000,38000000,16,Bonita,baru,114000000,Kab. Cianjur,2025-09-02,2030-09-02,2,Sarjono,6548,132936300,baru,8 July 2025,28 July 2025,selesai,21 July 2025,lunas,27,2025,23 July 2025,,,27,6,13,2,48,0.00%,20,tercapai,2025,38000000,38000000,0%,Bonita
5 June 2025,NULL,salma,4,R09949,TMG003,"Jl. Diponegoro, RT. 000 RW. 000, Kelurahan Parakan Kauman, Kecamatan Parakan, Kab. Temanggung, Jawa Tengah",-7.285605,110.098457,20,done,1,0,5 June 2025,4 July 2025,18750000,25000000,19000000,19000000,4,salma,baru,57000000,Kab. Temanggung,2025-09-04,2030-09-04,3,CV. Rizki Mitra Abadi,6549,131069234,baru,9 July 2025,29 July 2025,selesai,4 August 2025,lunas,29,2025,20 October 2025,,,29,5,26,77,137,0.00%,20,tidak tercapai,2025,19000000,19000000,0%,salma
5 June 2025,NULL,Djadjang,2,R09953,SBM027,"Jl. Raya Baros, RT. 003 RW. 005, Kelurahan Sasagaran, Kecamatan Kebonpedes, Kab. Sukabumi, Jawa Barat",-6.968796,106.948212,6,done,1,0,5 June 2025,24 June 2025,12750000,17000000,32000000,32000000,16,Bonita,baru,96000000,Kab. Sukabumi,2025-08-24,2030-08-24,4,Trimo,6553,139224516,baru,28 June 2025,18 July 2025,selesai,4 August 2025,lunas,19,2025,7 August 2025,,,19,3,37,3,63,0.00%,20,tidak tercapai,2025,32000000,32000000,0%,Bonita
11 June 2025,NULL,Hanif,6,R09974,GGP042,"Jalan Raya Kresek, Duri Kosambi, Cengkareng, Jakarta Barat, Daerah Khusus Ibukota Jakarta, Jawa, 15211, Indonesia",-6.176848,106.708221,9,done,1,0,4 August 2025,14 August 2025,41250000,40000000,40000000,40000000,18,Mirza,baru,120000000,Kota Jakarta Barat,2025-10-14,2030-10-13,6,Sendy,6574,113390870,baru,16 August 2025,5 September 2025,selesai,1 September 2025,lunas,10,2025,9 September 2025,,,10,1,16,8,90,0.00%,20,tercapai,2025,40000000,40000000,0%,Mirza
11 June 2025,NULL,salma,4,R09979,PWR001,"Jl. Mayjend Sutoyo, RT. 001 RW. 008, Kelurahan Sindurjan, Kecamatan Purworejo, Kab. Purworejo, Jawa Tengah, 54113",-7.711352,110.008545,15,done,1,0,11 June 2025,11 July 2025,42000000,60000000,50000000,50000000,4,salma,baru,150000000,Kab. Purworejo,2025-09-11,2030-09-10,2,Sarjono,6579,167254300,baru,16 July 2025,5 August 2025,selesai,6 August 2025,lunas,30,2025,9 August 2025,,,30,4,21,3,59,0.00%,20,tidak tercapai,2025,50000000,50000000,0%,salma
12 June 2025,NULL,Bonita,16,R09982,DPK056,"Jl. Raya Muchtar, Sawangan Baru, Kec. Sawangan, Kota Depok, Jawa Barat",-6.405564,106.76165,5,done,1,0,12 June 2025,10 July 2025,26250000,35000000,50000000,50000000,16,Bonita,baru,150000000,Kota Depok,2025-07-24,2030-07-23,6,Sendy,6582,116418460,baru,12 July 2025,1 August 2025,selesai,28 July 2025,lunas,28,2025,31 July 2025,,,28,1,16,3,49,0.00%,20,tercapai,2025,50000000,50000000,0%,Bonita
12 June 2025,NULL,Djadjang,2,R09984,BKS070,"Jl. Kalibaru Barat,  Kelurahan Kotabaru, Kecamatan Bekasi Barat, Bekasi, Jawa Barat, Jawa, 17134, Indonesia",-6.218932,106.964523,8,done,1,0,12 June 2025,19 July 2025,18750000,25000000,20000000,20000000,16,Bonita,baru,100000000,Kota Bekasi,2025-09-19,2030-09-18,5,Edwin,6584,130113900,baru,23 July 2025,15 August 2025,selesai,7 August 2025,lunas,37,2025,9 August 2025,,,37,4,15,2,58,0.00%,23,tercapai,2025,20000000,20000000,0%,Bonita
13 June 2025,NULL,salma,4,R09998,CBI098,"Jl. Raya Parung, RT. 002 RW. 002, Kelurahan Pamegarsari, Kecamatan Parung, Kab. Bogor, Jawa Barat, 16339",-6.446013,106.73204,12,done,1,0,1 July 2025,8 July 2025,26250000,30000000,30000000,30000000,18,Mirza,baru,90000000,Kab. Bogor,2025-09-08,2030-09-08,6,Sendy,6598,111654710,baru,10 July 2025,30 July 2025,selesai,26 July 2025,lunas,7,2025,30 July 2025,,,7,1,16,4,47,0.00%,20,tercapai,2025,30000000,30000000,0%,Mirza
13 June 2025,NULL,Djadjang,2,R09999,CKG059,"Jl. Bina Marga, RT. 007 RW. 005, Kelurahan Ceger, Kecamatan Cipayung, Kota Jakarta Timur, DKI Jakarta, 13820.",-6.320582,106.889687,18,done,1,0,30 June 2025,9 July 2025,56000000,65000000,65000000,65000000,18,Mirza,baru,195000000,Kota Jakarta Timur,2025-09-09,2030-09-08,3,CV. Rizki Mitra Abadi,6599,144557850,baru,14 July 2025,9 August 2025,selesai,8 August 2025,lunas,9,2025,14 August 2025,,,9,4,25,6,62,0.00%,26,tercapai,2025,65000000,65000000,0%,Mirza
14 June 2025,NULL,Djadjang,2,R10001,KYB039,"Jalan Bangka Raya I, Pela Mampang, Mampang Prapatan, Jakarta Selatan, Daerah Khusus Ibukota Jakarta, Jawa, 12720, Indonesia",-6.246232,106.81543,12,done,1,0,16 June 2025,24 June 2025,45500000,65000000,60000000,60000000,16,Bonita,baru,180000000,Kota Jakarta Selatan,2025-08-01,2030-08-01,9,CV Cahaya Kemakmuran Sejahtera,6601,106823750,baru,25 June 2025,15 July 2025,selesai,15 July 2025,lunas,8,2025,17 July 2025,,,8,0,20,2,33,0.00%,20,tidak tercapai,2025,60000000,60000000,0%,Bonita
16 June 2025,NULL,Hanif,6,R10008,TNG039,"Jl. Pembangunan 3, RT. 001 RW. 003, Kelurahan Karang Anyar, Kecamatan Neglasari, Kota Tangerang, Banten, 15121",-6.16153,106.644287,10,done,1,0,1 July 2025,7 July 2025,37500000,40000000,40000000,40000000,18,Mirza,baru,120000000,Kota Tangerang,2025-09-07,2030-09-07,4,Trimo,6608,157811891,baru,9 July 2025,29 July 2025,selesai,19 August 2025,lunas,6,2025,22 August 2025,,,6,1,41,3,67,0.00%,20,tidak tercapai,2025,40000000,40000000,0%,Mirza
18 June 2025,NULL,Djadjang,2,R10019,TNG040,"Jl. KH. Hasyim Ashari, RT. 008 RW. 003, Kelurahan Sudimara Pinang, Kecamatan Pinang, Kota Tangerang, Banten, 15145",-6.221736,106.687515,14,done,1,0,30 June 2025,10 July 2025,45500000,59000000,59000000,59000000,18,Mirza,baru,177000000,Kota Tangerang,2025-09-10,2030-09-09,4,Trimo,6619,123425616,baru,15 July 2025,4 August 2025,selesai,19 August 2025,lunas,10,2025,22 August 2025,,,10,4,35,3,65,0.00%,20,tidak tercapai,2025,59000000,59000000,0%,Mirza
18 June 2025,NULL,salma,4,R10022,TNG041,"Jl. Moh Toha, RT. 001 RW. 004, Kelurahan Periuk, Kecamatan Periuk, Kota Tangerang, Banten, 15131",-6.162083,106.599152,14,done,1,0,8 July 2025,11 July 2025,33750000,40000000,40000000,40000000,18,Mirza,baru,120000000,Kota Tangerang,2025-09-11,2030-09-10,4,Trimo,6622,145889177,baru,14 July 2025,3 August 2025,selesai,15 August 2025,lunas,3,2025,22 August 2025,,,3,3,32,7,65,0.00%,20,tidak tercapai,2025,40000000,40000000,0%,Mirza
18 June 2025,NULL,Bonita,16,R10026,BBS014,"Jl. Cendrawasih, Kel. Tanjung, Kec. Tanjung, Kabupaten Brebes, Jawa Tengah",-6.874972,108.868324,21,done,1,0,8 July 2025,14 July 2025,18750000,19000000,19000000,19000000,18,Mirza,baru,95000000,Kab. Brebes,2025-09-14,2030-09-13,6,Sendy,6626,138057370,baru,24 July 2025,13 August 2025,selesai,11 August 2025,lunas,6,2025,26 August 2025,,,6,9,18,15,69,0.00%,20,tercapai,2025,19000000,19000000,0%,Mirza
19 June 2025,NULL,Djadjang,2,R10030,WSB001,"Jl. Raya Purworejo Tempel Sari, Kelurahan Maduretno, Kecamatan Kalikajar, Kab. Wonosobo, Jawa Tengah, 56371",-7.391794,109.965714,9.5,done,1,0,15 July 2025,17 July 2025,26250000,30000000,30000000,32500000,18,Mirza,baru,90000000,Kab. Wonosobo,2025-09-16,2030-09-15,3,CV. Rizki Mitra Abadi,6630,122238000,baru,21 July 2025,20 August 2025,selesai,15 August 2025,lunas,2,2025,18 November 2025,,,2,3,25,95,152,-8.33%,30,tercapai,2025,30000000,32500000,-8%,Mirza
19 June 2025,NULL,salma,4,R10042,CBI099,"Jl. Alternatif Cibubur, RT. 002 RW. 002, Kelurahan Nagrak, Kecamatan Gunung Putri, Kab. Bogor, Jawa Barat, 16967",-6.386941,106.938995,6,done,1,0,8 July 2025,14 July 2025,20250000,25000000,25000000,25000000,18,Mirza,baru,75000000,Kab. Bogor,2025-09-14,2030-09-13,2,Sarjono,6642,129917800,baru,15 July 2025,4 August 2025,selesai,28 July 2025,lunas,6,2025,31 July 2025,,,6,0,13,3,42,0.00%,20,tercapai,2025,25000000,25000000,0%,Mirza
20 June 2025,NULL,Djadjang,2,R10053,PWR002,"Jl. Jendral Sudirman, RT. 004 RW. 007, Kelurahan Pangen Juru Tengah, Kecamatan Purworejo, Kab. Purworejo, Jawa Tengah, 54113",-7.720413,109.995117,15,done,1,0,1 July 2025,15 July 2025,22500000,30000000,30000000,30000000,18,Mirza,baru,90000000,Kab. Purworejo,2025-09-15,2030-09-14,2,Sarjono,6653,128501987,baru,16 July 2025,5 August 2025,selesai,12 August 2025,lunas,14,2025,14 August 2025,,,14,0,27,2,55,0.00%,20,tidak tercapai,2025,30000000,30000000,0%,Mirza
21 June 2025,NULL,salma,4,R10058,CKR048,"Jl. Cibarusah, RT. 013 RW. 002, Kelurahan Sukaresmi, Kecamatan Cikarang Selatan,, Kab. Bekasi, Jawa Barat, 17530",-6.319243,107.134651,20,done,1,0,14 July 2025,26 July 2025,45500000,60000000,60000000,60000000,18,Mirza,baru,180000000,Kab. Bekasi,2025-09-26,2030-09-25,2,Sarjono,6658,120783800,baru,29 July 2025,18 August 2025,selesai,12 August 2025,lunas,12,2025,14 August 2025,,,12,2,14,2,54,0.00%,20,tercapai,2025,60000000,60000000,0%,Mirza
25 June 2025,NULL,Bonita,16,R10066,CBI097,"Jl. Mampir Barat, Kel. Mampir, Kec. Cileungsi, Kabupaten Bogor, Jawa Barat",-6.422381,106.992493,6.1,done,1,0,25 June 2025,30 June 2025,18750000,25000000,25000000,25000000,16,Bonita,baru,75000000,Kab. Bogor,2025-07-30,2028-07-30,2,Sarjono,6666,102918300,baru,2 July 2025,24 July 2025,selesai,17 July 2025,lunas,5,2025,21 July 2025,,,5,2,15,4,26,0.00%,22,tercapai,2025,25000000,25000000,0%,Bonita
26 June 2025,NULL,Bonita,16,R10069,TNA021,"Jl. Letjen Suprapto, Kel. Bungur, Kec. Senen, Kota Jakarta Pusat, Daerah Khusus Ibukota Jakarta",-6.174872,106.847389,7,done,1,0,1 July 2025,12 July 2025,41250000,55000000,55000000,55000000,18,Mirza,baru,165000000,Kota Jakarta Pusat,2025-08-12,2030-08-11,9,CV Cahaya Kemakmuran Sejahtera,6669,114115500,baru,14 July 2025,3 August 2025,selesai,4 August 2025,lunas,11,2025,7 August 2025,,,11,2,21,3,42,0.00%,20,tidak tercapai,2025,55000000,55000000,0%,Mirza
26 June 2025,NULL,Claher Prastian,1,R10074,TNA020,"Let. Jend Suprapto, Kel. Galur, Kec. Johar Baru, Kota Jakarta Pusat, Daerah Khusus Ibukota Jakarta 10540",-6.174613,106.854576,10,done,1,0,2 July 2025,8 July 2025,0,0,0,0,1,Claher Prastian,baru,0,Kota Jakarta Pusat,2025-07-08,NULL,9,CV Cahaya Kemakmuran Sejahtera,6674,151138675,baru,7 July 2025,27 July 2025,selesai,31 July 2025,lunas,6,2025,2 August 2025,,,6,-1,24,2,37,,20,tidak tercapai,2025,0,0,,Claher Prastian
26 June 2025,NULL,Djadjang,2,R10077,GGP041,"Jl. Kemanggisan Ilir Utama Raya, RT. 016 RW. 008, Kelurahan Kemanggisan, Kecamatan Palmerah, Kota Jakarta Barat, DKI Jakarta, 11480",-6.189944,106.793495,8,done,1,0,12 July 2025,16 July 2025,26250000,30000000,30000000,30000000,18,Mirza,baru,90000000,Kota Jakarta Barat,2025-09-16,2030-09-15,9,CV Cahaya Kemakmuran Sejahtera,6677,113201175,baru,18 July 2025,7 August 2025,selesai,8 August 2025,lunas,4,2025,12 August 2025,,,4,1,21,4,47,0.00%,20,tidak tercapai,2025,30000000,30000000,0%,Mirza
27 June 2025,NULL,salma,4,R10078,SNG029,"Jl. Raya Tanjung Wangi, Desa Tanjungwangi, Kec. Cijambe, Kabupaten Subang, Jawa Barat",-6.601075,107.735176,12.5,done,1,0,27 June 2025,21 July 2025,11250000,15000000,10000000,10000000,4,salma,baru,30000000,Kab. Subang,2025-09-21,2030-09-20,5,Edwin,6678,125463900,baru,24 July 2025,20 August 2025,selesai,11 August 2025,lunas,24,2025,14 August 2025,,,24,2,18,3,48,0.00%,27,tercapai,2025,10000000,10000000,0%,salma
27 June 2025,NULL,Djadjang,2,R10081,TNG042,"Jl. Raden Saleh, Kelurahan Karang Tengah, Kecamatan Karang Tengah, Kota Tangerang, Banten",-6.222042,106.705688,26,done,1,0,28 June 2025,31 July 2025,52500000,75000000,50000000,50000000,16,Bonita,baru,150000000,Kota Tangerang,2025-08-20,2030-08-19,4,Trimo,6681,135013077,baru,4 August 2025,2 September 2025,selesai,1 September 2025,lunas,33,2025,9 September 2025,,,33,3,28,8,74,0.00%,29,tercapai,2025,50000000,50000000,0%,Bonita
28 June 2025,NULL,salma,4,R10087,WSB002,"Jalan Wonosobo-Kertek KM.6, Bojasari, Kec. Kertek, Kabupaten Wonosobo",-7.380138,109.95253,8,done,1,0,28 June 2025,1 August 2025,16875000,22500000,20000000,20000000,4,salma,baru,60000000,Kab. Wonosobo,2025-10-01,2030-09-30,3,CV. Rizki Mitra Abadi,6687,110133600,baru,4 August 2025,24 August 2025,selesai,25 August 2025,lunas,34,2025,6 October 2025,,,34,3,21,42,100,0.00%,20,tidak tercapai,2025,20000000,20000000,0%,salma
30 June 2025,NULL,salma,4,R10103,CKG060,"Jalan Bintara Jaya, Kel. Pondok Kopi, Kec. Duren Sawit, Kota Jakarta Timur, DKI Jakarta",-6.230798,106.946747,15,done,1,0,15 July 2025,21 July 2025,27750000,35000000,55000000,55000000,18,Mirza,baru,165000000,Kota Jakarta Timur,2025-08-04,2030-08-03,9,CV Cahaya Kemakmuran Sejahtera,6703,168287825,baru,23 July 2025,15 August 2025,selesai,20 August 2025,lunas,6,2025,22 August 2025,,,6,1,28,2,53,0.00%,23,tidak tercapai,2025,55000000,55000000,0%,Mirza
2 July 2025,NULL,Bonita,16,R10117,IDM026,"Jalan Raya Karangampel Jatibarang, Desa Sleman Lor, Kec. Sliyeg, Kabupaten Indramayu, Jawa Barat",-6.476306,108.330276,15,done,1,0,15 July 2025,18 July 2025,18750000,17500000,17500000,17500000,18,Mirza,baru,52500000,Kab. Indramayu,2025-09-03,2030-09-02,3,CV. Rizki Mitra Abadi,6717,116058750,baru,6 August 2025,26 August 2025,selesai,29 August 2025,lunas,3,2025,3 September 2025,,,3,18,23,5,63,0.00%,20,tidak tercapai,2025,17500000,17500000,0%,Mirza
3 July 2025,NULL,salma,4,R10123,CBN013,"Jalan Kesunean, Kel. Kesepuhan, Kec. Lemahwungkuk, Kota Cirebon, Jawa Barat 45114",-6.728481,108.576187,12,done,1,0,29 July 2025,4 August 2025,18750000,23000000,23000000,23000000,18,Mirza,baru,115000000,Kota Cirebon,2025-08-18,2030-08-17,6,Sendy,6723,121375130,baru,6 August 2025,31 August 2025,selesai,23 August 2025,lunas,6,2025,28 August 2025,,,6,1,17,5,56,0.00%,25,tercapai,2025,23000000,23000000,0%,Mirza
3 July 2025,NULL,Bonita,16,R10126,PWT020,"Jl. Jend. Sudirman, Kel. Bantarsoka, Kec. Purwokerto Barat, Kabupaten Banyumas, Jawa Tengah",-7.423736,109.22142,12.5,done,1,0,3 July 2025,25 August 2025,42000000,60000000,50000000,50000000,16,Bonita,baru,150000000,Kab. Banyumas,2025-10-25,2030-10-24,5,Edwin,6726,136406850,baru,27 August 2025,29 September 2025,selesai,15 September 2025,lunas,53,2025,2 October 2025,,,53,1,19,17,91,0.00%,33,tercapai,2025,50000000,50000000,0%,Bonita
5 July 2025,NULL,Djadjang,2,R10137,TGR056,"Jalan Aria Wangsakara, Tigaraksa, Tigaraksa, Kabupaten Tangerang, Jawa, 15720, Indonesia",-6.268937,106.46769,6,done,1,0,21 July 2025,29 July 2025,30000000,38000000,38000000,38000000,18,Mirza,baru,114000000,Kab. Tangerang,2025-08-29,2028-08-28,4,Trimo,6737,130544416,baru,1 August 2025,30 August 2025,selesai,22 August 2025,lunas,8,2025,26 August 2025,,,8,2,21,4,52,0.00%,29,tercapai,2025,38000000,38000000,0%,Mirza
6 July 2025,NULL,salma,4,R10146,CKG061,"Jl. Raya Bogor KM.21 No.2, RT.5/RW.1, Kel. Rambutan, Kec. Ciracas, Kota Jakarta Timur",-6.295225,106.871986,7,done,1,0,6 July 2025,15 August 2025,49000000,70000000,125000000,125000000,4,salma,baru,320000000,Kota Jakarta Timur,2025-10-01,2030-09-30,2,Sarjono,6746,147084975,baru,19 August 2025,11 September 2025,selesai,11 September 2025,lunas,40,2025,16 September 2025,,,40,3,23,5,72,0.00%,23,tidak tercapai,2025,125000000,125000000,0%,salma
6 July 2025,NULL,salma,4,R10147,BKS072,"Jl. KH. Agus Salim, Kelurahan Bekasi Jaya, Kecamatan Bekasi Timur, Kota Bekasi, Jawa Barat",-6.23961,107.004776,15,done,1,0,6 July 2025,25 July 2025,52500000,75000000,50000000,50000000,4,salma,baru,150000000,Kota Bekasi,2025-08-25,2030-08-24,5,Edwin,6747,128849550,baru,30 July 2025,19 August 2025,selesai,20 August 2025,lunas,19,2025,22 August 2025,,,19,4,21,2,47,0.00%,20,tidak tercapai,2025,50000000,50000000,0%,salma
7 July 2025,NULL,Djadjang,2,R10156,TGR054,"Jl. Raya Gandasari, Kelurahan Binong, Kecamatan Curug, Kab. Tangerang, Banten",-6.227357,106.580223,8,done,1,0,17 July 2025,23 July 2025,15000000,18000000,18000000,18000000,18,Mirza,baru,54000000,Kab. Tangerang,2025-08-23,2030-08-22,6,Sendy,6756,108867810,baru,26 July 2025,22 August 2025,selesai,9 August 2025,lunas,6,2025,14 August 2025,,,6,2,14,5,38,0.00%,27,tercapai,2025,18000000,18000000,0%,Mirza
7 July 2025,NULL,Djadjang,2,R10159,TGR055,"Jl. Raya Parigi, RT. 002 RW. 010, Kelurahan Sukabakti, Kecamatan Curug, Kab. Tangerang, Banten, 15810",-6.251088,106.571152,6,done,1,0,17 July 2025,24 July 2025,18750000,23000000,23000000,23000000,18,Mirza,baru,69000000,Kab. Tangerang,2025-09-24,2030-09-23,6,Sendy,6759,91110420,baru,27 July 2025,18 August 2025,selesai,12 August 2025,lunas,7,2025,14 August 2025,,,7,2,16,2,38,0.00%,22,tercapai,2025,23000000,23000000,0%,Mirza
9 July 2025,NULL,Hanif,6,R10167,PBG009,"Jalan Argandaru, Bukateja, Bukateja, Purbalingga, Jawa Tengah, Jawa, 53382, Indonesia",-7.431118,109.433289,8,done,1,0,1 August 2025,5 August 2025,26250000,34000000,34000000,34000000,18,Mirza,baru,102000000,Kab. Purbalingga,2025-08-19,2028-08-18,5,Edwin,6767,103009350,baru,8 August 2025,28 August 2025,selesai,22 August 2025,lunas,4,2025,9 September 2025,,,4,2,14,18,62,0.00%,20,tercapai,2025,34000000,34000000,0%,Mirza
9 July 2025,NULL,Hanif,6,R10173,BNR001,"Jalan Letjend Suprapto, Kelurahan Kutabanjarnegara, Banjarnegara,, Banjarnegara, Jawa Tengah, Jawa, 53418, Indonesia",-7.398837,109.690971,14,done,1,0,22 July 2025,2 August 2025,18750000,22500000,22500000,22500000,18,Mirza,baru,67500000,Kab. Banjarnegara,2025-10-02,2030-10-01,2,Sarjono,6773,123689300,baru,5 August 2025,25 August 2025,selesai,14 August 2025,lunas,11,2025,27 September 2025,,,11,2,9,44,80,0.00%,20,tercapai,2025,22500000,22500000,0%,Mirza
10 July 2025,NULL,Hanif,6,R10186,TMG004,"Jl. Raya Kedu-Parakan, RT. 000 RW. 000, Kelurahan Kedu, Kecamatan Kedu, Kab. Temanggung, Jawa Tengah, 56252",-7.276758,110.151718,9,done,1,0,21 July 2025,23 July 2025,18750000,20000000,20000000,20000000,18,Mirza,baru,60000000,Kab. Temanggung,2025-09-23,2030-09-22,2,Sarjono,6786,131311050,baru,26 July 2025,17 August 2025,selesai,8 August 2025,lunas,2,2025,18 November 2025,,,2,3,13,102,131,0.00%,22,tercapai,2025,20000000,20000000,0%,Mirza
12 July 2025,NULL,Hanif,6,R10206,SBR049,"Jalan Raya Ciperna, Ciperna, Talun, Cirebon, Jawa Barat, Jawa, 45145, Indonesia",-6.770262,108.522057,6,done,1,0,21 July 2025,24 July 2025,9000000,10000000,10000000,10000000,18,Mirza,baru,50000000,Kab. Cirebon,2025-08-24,2030-08-23,3,CV. Rizki Mitra Abadi,6806,120384100,baru,29 July 2025,25 August 2025,selesai,27 August 2025,lunas,3,2025,10 September 2025,,,3,4,29,14,60,0.00%,27,tidak tercapai,2025,10000000,10000000,0%,Mirza
12 July 2025,NULL,Djadjang,2,R10208,CBI100,"Jl. Raya Cilebut, RT. 001 RW. 006, Kelurahan Cilebut Timur, Kecamatan Sukaraja, Kab. Bogor, Jawa Barat",-6.5285,106.800331,15,done,1,0,21 July 2025,28 July 2025,18750000,21500000,21500000,21500000,18,Mirza,baru,64500000,Kab. Bogor,2025-08-28,2030-08-27,4,Trimo,6808,138873282,baru,5 August 2025,1 September 2025,selesai,6 September 2025,lunas,7,2025,9 September 2025,,,7,7,32,3,59,0.00%,27,tidak tercapai,2025,21500000,21500000,0%,Mirza
12 July 2025,NULL,Hanif,6,R10209,CBN014,"Jalan Jenderal Sudirman, Harjamukti, Harjamukti, Cirebon, Jawa Barat, Jawa, 45143, Indonesia",-6.756963,108.536316,12,done,1,0,15 July 2025,8 August 2025,26250000,35000000,30000000,30000000,16,Bonita,baru,90000000,Kota Cirebon,2025-10-08,2030-10-07,6,Sendy,6809,130663020,baru,11 August 2025,2 September 2025,selesai,28 August 2025,lunas,24,2025,8 September 2025,,,24,2,17,11,58,0.00%,22,tercapai,2025,30000000,30000000,0%,Bonita
15 July 2025,NULL,Bonita,16,R10218,BKS076,"Jl. Sultan Agung, Kel. Medan Satria, Kecamatan Medan Satria, Kota Bks, Jawa Barat",-6.197952,106.974709,35,done,1,0,28 August 2025,15 September 2025,66500000,75000000,75000000,75000000,18,Mirza,baru,225000000,Kota Bekasi,2025-11-15,2030-11-14,3,CV. Rizki Mitra Abadi,6818,140258775,baru,18 September 2025,12 October 2025,selesai,16 October 2025,lunas,18,2025,22 October 2025,,,18,2,28,6,99,0.00%,24,tidak tercapai,2025,75000000,75000000,0%,Mirza
16 July 2025,NULL,Djadjang,2,R10237,IDM027,"Jalan By Pass Kertasemaya, Kel. Tulungagung, Kec. Kertasemaya, Kab. Indramayu, Jawa Barat, Jawa, 45274, Indonesia",-6.533402,108.352951,25,done,1,0,21 July 2025,22 July 2025,26250000,30000000,30000000,30000000,18,Mirza,baru,90000000,Kab. Indramayu,2025-08-22,2030-08-21,3,CV. Rizki Mitra Abadi,6837,113660750,baru,26 July 2025,17 August 2025,selesai,20 August 2025,lunas,1,2025,22 August 2025,,,1,3,25,2,37,0.00%,22,tidak tercapai,2025,30000000,30000000,0%,Mirza
16 July 2025,NULL,Djadjang,2,R10238,IDM028,"Jalan Raya Widasari, Desa  Kongsijaya, Widasari, Indramayu, Jawa Barat, Jawa, 45271, Indonesia",-6.471647,108.29258,5,done,1,0,16 July 2025,11 August 2025,11250000,15000000,15000000,15000000,16,Bonita,baru,45000000,Kab. Indramayu,2025-10-11,2030-10-10,5,Edwin,6838,126757525,baru,15 August 2025,8 September 2025,selesai,6 September 2025,lunas,26,2025,9 September 2025,,,26,3,22,3,55,0.00%,24,tercapai,2025,15000000,15000000,0%,Bonita
16 July 2025,NULL,salma,4,R10240,CPT030,"Jl. Japos Raya, RT. 005 RW. 004, Kelurahan Jurangmangu Barat, Kecamatan Pondok Aren, Kota Tangerang Selatan, Banten, 15223",-6.259786,106.722084,10,done,1,0,29 July 2025,2 August 2025,22500000,29000000,29000000,29000000,18,Mirza,baru,87000000,Kota Tangerang,2025-09-02,2030-09-01,9,CV Cahaya Kemakmuran Sejahtera,6840,112525250,baru,4 August 2025,29 August 2025,selesai,29 August 2025,lunas,4,2025,3 September 2025,,,4,2,25,5,49,0.00%,25,tidak tercapai,2025,29000000,29000000,0%,Mirza
17 July 2025,NULL,salma,4,R10251,TJP032,"Jl. Gedong Panjang, Kelurahan Penjaringan, Kecamatan Penjaringan, Jkt Utara",-6.130663,106.805115,15,done,1,0,18 July 2025,12 August 2025,30000000,40000000,36000000,36000000,18,Mirza,baru,108000000,Kota Jakarta Utara,2025-10-12,2030-10-11,5,Edwin,6851,114866230,baru,29 August 2025,6 October 2025,selesai,22 September 2025,lunas,25,2025,27 September 2025,,,25,16,24,5,72,0.00%,38,tercapai,2025,36000000,36000000,0%,Mirza
17 July 2025,NULL,Hanif,6,R10254,SBM030,"Jalan Raya Cisolok, Cimaja, Kec, Cikakak, Sukabumi, Jawa Barat, Jawa, 43366, Indonesia",-6.955879,106.485588,9,done,1,0,17 July 2025,24 November 2025,13500000,18000000,14000000,14000000,16,Bonita,baru,70000000,Kab. Sukabumi,2026-01-24,2031-01-23,9,CV Cahaya Kemakmuran Sejahtera,6854,121550850,baru,26 November 2025,16 December 2025,selesai,16 December 2025,lunas,130,2025,22 December 2025,,,130,2,20,6,158,0.00%,20,tidak tercapai,2025,14000000,14000000,0%,Bonita
17 July 2025,NULL,Djadjang,2,R10255,SBR050,"Jalan Suryanegara, Kelurahan  Pamijahan, Kecamatan Plumbon, Cirebon, Jawa Barat, Jawa, 45653, Indonesia",-6.727034,108.471931,10,done,1,0,1 August 2025,6 August 2025,18750000,20000000,20000000,20000000,18,Mirza,baru,60000000,Kab. Cirebon,2025-10-06,2030-10-05,6,Sendy,6855,110019310,baru,8 August 2025,28 August 2025,selesai,22 August 2025,lunas,5,2025,26 August 2025,,,5,1,14,4,40,0.00%,20,tercapai,2025,20000000,20000000,0%,Mirza
17 July 2025,NULL,Hanif,6,R10257,SBM028,"Jl. Raya Simpang Bagbagan, Jayanti, Palabuhanratu, Sukabumi, Jawa Barat, Jawa, 43364, Indonesia",-7.011125,106.567284,7,done,1,0,29 July 2025,6 August 2025,15000000,20000000,16000000,16000000,18,Mirza,baru,80000000,Kab. Sukabumi,2025-10-06,2030-10-05,2,Sarjono,6857,112363550,baru,8 August 2025,29 August 2025,selesai,21 August 2025,lunas,8,2025,28 August 2025,,,8,2,13,7,42,0.00%,21,tercapai,2025,16000000,16000000,0%,Mirza
18 July 2025,NULL,Hanif,6,R10271,SRG034,"Jalan Raya Kopo-Maja, Kelurahan Mekar Baru, Kecamatan Kopo, Kab Serang, Jawa, 15370, Indonesia",-6.329736,106.395966,10,done,1,0,9 August 2025,19 August 2025,22500000,25000000,25000000,25000000,18,Mirza,baru,75000000,Kab. Serang,2025-10-19,2030-10-18,2,Sarjono,6871,109719300,baru,21 August 2025,10 September 2025,selesai,28 August 2025,lunas,10,2025,3 September 2025,,,10,1,7,6,47,0.00%,20,tercapai,2025,25000000,25000000,0%,Mirza
18 July 2025,NULL,Hanif,6,R10273,RKB014,"Jl. Arief Rahman Hakim, RT. 000 RW. 000, Desa Kaduagung Timur, Kecamatan Cibadak, Kab. Lebak, Banten",-6.342121,106.238365,15,done,1,0,21 July 2025,25 August 2025,41250000,55000000,45000000,45000000,16,Bonita,baru,135000000,Kab. Lebak,2025-09-06,2030-09-05,9,CV Cahaya Kemakmuran Sejahtera,6873,182148000,baru,26 August 2025,15 September 2025,selesai,20 September 2025,lunas,35,2025,23 September 2025,,,35,0,25,3,67,0.00%,20,tidak tercapai,2025,45000000,45000000,0%,Bonita
18 July 2025,NULL,Hanif,6,R10274,RKB012,"Jalan Siliwangi, Rangkasbitung Timur, Rangkasbitung, Lebak, Jawa, 42312, Indonesia",-6.368377,106.267693,14,done,1,0,1 August 2025,7 August 2025,21750000,28000000,28000000,28000000,18,Mirza,baru,84000000,Kab. Lebak,2025-10-07,2030-10-06,9,CV Cahaya Kemakmuran Sejahtera,6874,109193800,baru,9 August 2025,29 August 2025,selesai,30 August 2025,lunas,6,2025,3 September 2025,,,6,1,21,4,47,0.00%,20,tidak tercapai,2025,28000000,28000000,0%,Mirza
19 July 2025,NULL,Hanif,6,R10278,CBI103,"Jalan Raya Kemang, Parakan Jaya, Kemang, Bogor, Jawa Barat, Jawa, 16169, Indonesia",-6.522905,106.761414,6,done,1,0,14 August 2025,22 August 2025,22500000,24000000,24000000,24000000,18,Mirza,baru,72000000,Kab. Bogor,2025-09-22,2028-09-21,4,Trimo,6878,131073941,baru,25 August 2025,21 September 2025,selesai,15 September 2025,lunas,8,2025,18 September 2025,,,8,2,21,3,61,0.00%,27,tercapai,2025,24000000,24000000,0%,Mirza
19 July 2025,NULL,Hanif,6,R10280,CBI101,"Jalan Raya Pemda, Pasir Jambu, Sukaraja, Bogor, Jawa Barat, Jawa, 16157, Indonesia",-6.545004,106.805824,10,done,1,0,28 July 2025,8 August 2025,15000000,18000000,16000000,16000000,18,Mirza,baru,80000000,Kab. Bogor,2025-09-08,2030-09-07,4,Trimo,6880,121723266,baru,13 August 2025,2 September 2025,selesai,2 September 2025,lunas,11,2025,8 September 2025,,,11,5,20,6,51,0.00%,20,tidak tercapai,2025,16000000,16000000,0%,Mirza
23 July 2025,NULL,Hanif,6,R10290,CPT031,"Jalan Raya Ciater-BSD,  Kelurahan Rawa Mekar Jaya, Serpong, Tangerang Selatan, Banten, Jawa, 15317, Indonesia",-6.313456,106.692894,7,done,1,0,1 August 2025,7 August 2025,26250000,33333333,33333333,33333333,18,Mirza,baru,100000000,Kota Tangerang Selatan,2025-10-07,2030-10-06,9,CV Cahaya Kemakmuran Sejahtera,6890,118263825,baru,11 August 2025,2 September 2025,selesai,3 September 2025,lunas,6,2025,9 September 2025,,,6,3,23,6,48,0.00%,22,tidak tercapai,2025,33333333,33333333,0%,Mirza
23 July 2025,NULL,Bonita,16,R10291,PDG015,"Jalan Raya Pasar Carita,  Desa Carita, Kecamatan Carita, Kabupaten Pandeglang, Banten",-6.317418,105.839378,8,done,1,0,23 July 2025,25 August 2025,15000000,20000000,16000000,16000000,16,Bonita,baru,48000000,Kab. Pandeglang,2025-10-25,2030-10-24,6,Sendy,6891,114743000,baru,28 August 2025,17 September 2025,selesai,12 September 2025,lunas,33,2025,17 September 2025,,,33,2,15,5,56,0.00%,20,tercapai,2025,16000000,16000000,0%,Bonita
23 July 2025,NULL,Djadjang,2,R10295,BKS073,"Jalan Tawes Raya, Kayuringinjaya, Bekasi Selatan, Bekasi, Jawa Barat, Jawa, 17144, Indonesia",-6.244004,106.990067,6,done,1,0,29 July 2025,5 August 2025,27000000,34000000,34000000,34000000,18,Mirza,baru,102000000,Kota Bekasi,2025-10-05,2030-10-04,9,CV Cahaya Kemakmuran Sejahtera,6895,109147200,baru,6 August 2025,2 September 2025,selesai,4 September 2025,lunas,7,2025,9 September 2025,,,7,0,29,5,48,0.00%,27,tidak tercapai,2025,34000000,34000000,0%,Mirza
23 July 2025,NULL,Djadjang,2,R10296,BKS074,"Jl. Wibawa Mukti II, RT. 003 RW. 001, Kelurahan Jatiluhur, Kecamatan Jatiasih, Kota Bekasi, Jawa Barat, 17425",-6.31136,106.952675,12,done,1,0,13 August 2025,21 August 2025,30000000,38000000,38000000,38000000,18,Mirza,baru,114000000,Kota Bekasi,2025-09-21,2030-09-20,3,CV. Rizki Mitra Abadi,6896,111911400,baru,23 August 2025,12 September 2025,selesai,8 September 2025,lunas,8,2025,9 September 2025,,,8,1,16,1,48,0.00%,20,tercapai,2025,38000000,38000000,0%,Mirza
24 July 2025,NULL,Hanif,6,R10314,SRG035,"Jalan Raya Kubang,  Kelurahan Kubang Jaya, Kecamatan Petir, Kab Serang, Banten, Jawa, Indonesia",-6.262018,106.208,7.5,done,1,0,8 August 2025,21 August 2025,22500000,23000000,23000000,23000000,18,Mirza,baru,46000000,Kab. Serang,2025-10-21,2030-10-20,6,Sendy,6914,117175560,baru,25 August 2025,14 September 2025,selesai,10 September 2025,lunas,13,2025,15 September 2025,,,13,3,16,5,53,0.00%,20,tercapai,2025,23000000,23000000,0%,Mirza
24 July 2025,NULL,Djadjang,2,R10316,CKR049,"Jalan Scorpio, Desa  Mekarsari, Kecamatan Tambun Selatan, Kab Bekasi, Jawa Barat, Jawa, 17520, Indonesia",-6.261678,107.07019,16,done,1,0,6 August 2025,12 August 2025,22500000,27000000,27000000,27000000,18,Mirza,baru,81000000,Kab. Bekasi,2025-10-12,2030-10-11,9,CV Cahaya Kemakmuran Sejahtera,6916,121508450,baru,13 August 2025,2 September 2025,selesai,6 September 2025,lunas,6,2025,12 September 2025,,,6,0,24,6,50,0.00%,20,tidak tercapai,2025,27000000,27000000,0%,Mirza
24 July 2025,NULL,Djadjang,2,R10300,CKR050,"Jalan Raya Rawa Kalong, Karangsatria, Tambun Utara, Kab Bekasi, Jawa Barat, Jawa, 17150, Indonesia",-6.228038,107.044357,23,done,1,0,24 July 2025,28 August 2025,41250000,55000000,45000000,45000000,16,Bonita,baru,135000000,Kab. Bekasi,2025-10-28,2030-10-27,3,CV. Rizki Mitra Abadi,6900,123067650,baru,31 August 2025,21 September 2025,selesai,15 September 2025,lunas,35,2025,18 September 2025,,,35,2,15,3,56,0.00%,21,tercapai,2025,45000000,45000000,0%,Bonita
24 July 2025,NULL,Hanif,6,R10303,SRG033,"Jalan Raya Serang-Jakarta, Kelurahan Kibin, Kecamatan Kibin, Kab Serang, Banten, Jawa, Indonesia",-6.156052,106.318298,12,done,1,0,13 August 2025,19 August 2025,18750000,22000000,22000000,22000000,18,Mirza,baru,66000000,Kab. Serang,2025-10-19,2030-10-18,6,Sendy,6903,108078420,baru,20 August 2025,9 September 2025,selesai,6 September 2025,lunas,6,2025,9 September 2025,,,6,0,17,3,47,0.00%,20,tercapai,2025,22000000,22000000,0%,Mirza
24 July 2025,NULL,Hanif,6,R10309,RKB013,"Jalan Raya Bypass Soekarno - Hatta, Cijorolebak, Rangkasbitung, Lebak, Banten, Jawa, 42312, Indonesia",-6.344722,106.257034,9,done,1,0,6 August 2025,14 August 2025,18750000,22000000,22000000,22000000,18,Mirza,baru,66000000,Kab. Lebak,2025-10-14,2030-10-13,2,Sarjono,6909,138685300,baru,18 August 2025,7 September 2025,selesai,1 September 2025,lunas,8,2025,9 September 2025,,,8,3,14,8,47,0.00%,20,tercapai,2025,22000000,22000000,0%,Mirza
25 July 2025,NULL,Djadjang,2,R10322,KWG076,"Jalan Raya Klari, Gintungkerta, Klari, Karawang, Jawa Barat, Jawa, 41371, Indonesia",-6.35275,107.345528,15,done,1,0,25 July 2025,16 September 2025,45500000,65000000,40000000,40000000,16,Bonita,baru,120000000,Kab. Karawang,2025-11-16,2030-11-15,3,CV. Rizki Mitra Abadi,6922,119557300,baru,19 September 2025,11 October 2025,selesai,17 October 2025,lunas,53,2025,22 October 2025,,,53,2,28,5,89,0.00%,22,tidak tercapai,2025,40000000,40000000,0%,Bonita
25 July 2025,NULL,Hanif,6,R10327,PDG014,"Jalan Raya Labuan, Kelurahan  Palurahan, Kecamatan Kaduhejo, Pandeglang, Banten, Jawa, 42253, Indonesia",-6.332108,106.06871,14,done,1,0,26 July 2025,9 August 2025,9000000,12000000,12000000,12000000,16,Bonita,baru,36000000,Kab. Pandeglang,2025-10-09,2030-10-08,9,CV Cahaya Kemakmuran Sejahtera,6927,123254600,baru,11 August 2025,3 September 2025,selesai,6 September 2025,lunas,14,2025,10 September 2025,,,14,2,26,4,47,0.00%,23,tidak tercapai,2025,12000000,12000000,0%,Bonita
26 July 2025,NULL,Djadjang,2,R10333,CBI102,"Jl. Raya Cemplang, RT. 010 RW. 003, Kelurahan Cemplang, Kecamatan Cibungbulang, Kab. Bogor, Jawa Barat, 16630",-6.577342,106.655197,15,done,1,0,6 August 2025,12 August 2025,22500000,27000000,27000000,27000000,18,Mirza,baru,81000000,Kab. Bogor,2025-09-12,2030-09-11,2,Sarjono,6933,137513000,baru,15 August 2025,6 September 2025,selesai,6 September 2025,lunas,6,2025,9 September 2025,,,6,3,22,3,45,0.00%,22,tidak tercapai,2025,27000000,27000000,0%,Mirza
26 July 2025,NULL,salma,4,R10335,SRG037,"Jl. Waringin Kurung, Desa Kramatwatu, Kec. Kramatwatu, Kabupaten Serang",-6.066633,106.116142,10,done,1,0,26 July 2025,10 September 2025,37500000,50000000,45000000,45000000,4,salma,baru,135000000,Kab. Serang,2025-11-10,2030-11-09,2,Sarjono,6935,124664800,baru,15 September 2025,5 October 2025,selesai,29 September 2025,lunas,46,2025,6 October 2025,,,46,5,14,7,72,0.00%,20,tercapai,2025,45000000,45000000,0%,salma
26 July 2025,NULL,Hanif,6,R10339,SRG032,"Jalan Raya Serang-Jakarta, Panancangan, Cipocok Jaya, Serang, Jawa, 42124, Indonesia",-6.119857,106.192848,15,done,1,0,29 July 2025,15 August 2025,15000000,20000000,30000000,30000000,16,Bonita,baru,90000000,Kota Serang,2025-10-15,2030-10-14,6,Sendy,6939,110678010,baru,19 August 2025,9 September 2025,selesai,2 September 2025,lunas,17,2025,8 September 2025,,,17,3,14,6,44,0.00%,21,tercapai,2025,30000000,30000000,0%,Bonita
27 July 2025,NULL,salma,4,R10343,CLG011,"Jl. Pondok Cilegon Indah, Kel. Kedaleman, Kec. Cibeber, Kota Cilegon",-6.035841,106.079803,10,done,1,0,27 July 2025,18 September 2025,42000000,60000000,50000000,50000000,4,salma,baru,150000000,Kota Cilegon,2025-11-18,2028-11-17,4,Trimo,6943,142003988,baru,23 September 2025,15 October 2025,selesai,6 October 2025,lunas,53,2025,10 October 2025,,,53,4,13,4,75,0.00%,22,tercapai,2025,50000000,50000000,0%,salma
28 July 2025,NULL,Bonita,16,R10346,TSM016,"Jl. Sutisna Senjaya, Cikalang, Kec. Tawang, Kota Tasikmalaya, Jawa Barat",-7.328123,108.229462,20,done,1,0,29 September 2025,2 October 2025,37500000,45000000,45000000,45000000,18,Mirza,baru,135000000,Kota Tasikmalaya,2025-12-02,2030-12-01,6,Sendy,6946,147130300,baru,7 October 2025,28 October 2025,selesai,27 October 2025,lunas,3,2025,30 October 2025,,,3,4,20,3,94,0.00%,21,tercapai,2025,45000000,45000000,0%,Mirza
30 July 2025,NULL,salma,4,R10360,BTG009,"Jl. Raya Banyuputih Km 01, Kel. Banyuputih, Kec. Banyuputih, Kabupaten Batang",-6.975185,109.929115,21,done,1,0,17 September 2025,6 October 2025,26250000,28000000,28000000,28000000,18,Mirza,baru,84000000,Kab. Batang,2025-12-06,2030-12-05,2,Sarjono,6960,131295300,baru,7 October 2025,27 October 2025,selesai,18 October 2025,lunas,19,2025,3 November 2025,,,19,0,11,16,96,0.00%,20,tercapai,2025,28000000,28000000,0%,Mirza
31 July 2025,NULL,Gita,11,R10367,TNG043,"Jl. MH. Thamrin, Panunggangan Utara, Kec. Pinang, Kota Tangerang, Banten 15143",-6.215272,106.631149,20,done,1,0,31 July 2025,7 October 2025,59500000,75000000,60000000,60000000,11,Gita,baru,180000000,Kota Tangerang,2025-10-28,2030-10-27,4,Trimo,6967,154502688,baru,11 October 2025,31 October 2025,selesai,14 November 2025,lunas,68,2025,18 November 2025,,,68,4,34,4,110,0.00%,20,tidak tercapai,2025,60000000,60000000,0%,Gita
31 July 2025,NULL,salma,4,R10372,GGP043,"Jalan Daan Mogot, Kel. Kalideres, Kec. Kalideres, Kota Jakarta Barat",-6.155642,106.707382,9,done,1,0,13 August 2025,20 August 2025,16500000,20000000,20000000,20000000,18,Mirza,baru,60000000,Kota Jakarta Barat,2025-10-20,2030-10-19,9,CV Cahaya Kemakmuran Sejahtera,6972,114164600,baru,22 August 2025,11 September 2025,selesai,11 September 2025,lunas,7,2025,16 September 2025,,,7,1,20,5,47,0.00%,20,tidak tercapai,2025,20000000,20000000,0%,Mirza
31 July 2025,NULL,Djadjang,2,R10377,KWG075,"Jalan Raya Kemiri, Desa Kertasari, Kecamatan Rengasdengklok, Karawang, Jawa Barat, Jawa, Indonesia",-6.13843,107.305542,12,done,1,0,14 August 2025,26 August 2025,18750000,19000000,19000000,19000000,18,Mirza,baru,95000000,Kab. Karawang,2025-10-26,2030-10-25,3,CV. Rizki Mitra Abadi,6977,123681250,baru,1 September 2025,21 September 2025,selesai,22 September 2025,lunas,12,2025,23 September 2025,,,12,5,21,1,54,0.00%,20,tidak tercapai,2025,19000000,19000000,0%,Mirza
1 August 2025,NULL,salma,4,R10383,SKT007,"Jl. Adi Sumarmo, Kel. Banyuanyar, Kec. Banjarsari, Kota Surakarta",-7.537097,110.802895,15,done,1,0,1 August 2025,12 September 2025,49000000,70000000,50000000,50000000,4,salma,baru,150000000,Kota Surakarta,2025-11-12,2030-11-11,6,Sendy,6983,145516280,baru,17 September 2025,16 October 2025,selesai,9 October 2025,lunas,42,2025,5 November 2025,,,42,4,22,27,96,0.00%,29,tercapai,2025,50000000,50000000,0%,salma
1 August 2025,NULL,salma,4,R10393,SKT006,"Jl. Kerinci, Kel. Banjarsari, Kec. Banjarsari, Kota Surakarta",-7.532037,110.81971,15,done,1,0,13 August 2025,22 August 2025,22500000,22000000,22000000,22000000,18,Mirza,baru,66000000,Kota Surakarta,2025-10-22,2030-10-21,2,Sarjono,6993,118393050,baru,26 August 2025,15 September 2025,selesai,8 September 2025,lunas,9,2025,3 November 2025,,,9,3,13,56,94,0.00%,20,tercapai,2025,22000000,22000000,0%,Mirza
1 August 2025,NULL,Djadjang,2,R10397,PWK021,"Jalan Terusan Kapten Halim, Desa  Parakansalam, Kecamatan Pondoksalam, Purwakarta, Jawa Barat, Jawa, Indonesia",-6.605983,107.488579,9,done,1,0,15 August 2025,23 August 2025,26250000,30000000,30000000,30000000,18,Mirza,baru,90000000,Kab. Purwakarta,2025-10-23,2030-10-22,3,CV. Rizki Mitra Abadi,6997,129401850,baru,26 August 2025,17 September 2025,selesai,18 September 2025,lunas,8,2025,19 September 2025,,,8,2,23,1,49,0.00%,22,tidak tercapai,2025,30000000,30000000,0%,Mirza
3 August 2025,NULL,salma,4,R10406,BKS075,"Jl. Karang Satria, Kel. Duren Jaya, Kec. Bekasi Tim., Kota Bks",-6.232702,107.026581,15,done,1,0,3 August 2025,11 September 2025,41250000,55000000,55000000,55000000,4,salma,baru,120000000,Kota Bekasi,2025-10-11,2030-10-10,3,CV. Rizki Mitra Abadi,7006,117679300,baru,13 September 2025,3 October 2025,selesai,27 September 2025,lunas,39,2025,2 October 2025,,,39,1,14,5,60,0.00%,20,tercapai,2025,55000000,55000000,0%,salma
4 August 2025,NULL,Bonita,16,R10411,CBI036,"Jl. Citayam-Parung, Ragajaya, Kecamatan Bojonggede, Kabupaten Bogor, Jawa Barat",-6.447391,106.786583,12,done,1,0,12 August 2025,20 August 2025,22500000,20000000,40000000,40000000,18,Mirza,baru,180000000,Kab. Bogor,2025-10-20,2030-11-02,4,Trimo,7011,130835177,baru,25 August 2025,14 September 2025,selesai,12 September 2025,lunas,8,2025,30 September 2021,,,8,4,18,-1443,-1404,0.00%,20,tercapai,2025,40000000,40000000,0%,Mirza
6 August 2025,NULL,Hanif,6,R10424,SRG038,"Jalan Raya Banten, Kasemen, Kasemen, Serang, Banten, Jawa, 42113, Indonesia",-6.069244,106.156349,10,done,1,0,7 October 2025,10 October 2025,22500000,27000000,27000000,27000000,18,Mirza,baru,81000000,Kota Serang,2025-12-10,2030-12-09,2,Sarjono,7024,125361800,baru,13 October 2025,2 November 2025,selesai,25 October 2025,lunas,3,2025,28 October 2025,,,3,2,12,3,83,0.00%,20,tercapai,2025,27000000,27000000,0%,Mirza
6 August 2025,NULL,Djadjang,2,R10426,GGP044,"Jl. Tubagus Angke, Kelurahan Jelambar Baru, Kecamatan Grogol Petamburan, Kota Jakarta Barat, DKI Jakarta, 11460",-6.143931,106.782913,4,done,1,0,22 August 2025,26 August 2025,33750000,40000000,40000000,40000000,18,Mirza,baru,120000000,Kota Jakarta Barat,2025-09-26,2030-09-25,2,Sarjono,7026,125297300,baru,28 August 2025,17 September 2025,selesai,12 September 2025,lunas,4,2025,17 September 2025,,,4,1,15,5,42,0.00%,20,tercapai,2025,40000000,40000000,0%,Mirza
6 August 2025,NULL,Hanif,6,R10429,SRG036,"Jalan Pelabuhan Karangantu, Banten, Kasemen, Serang, Banten, Jawa, 42191, Indonesia",-6.040898,106.160858,10,done,1,0,20 August 2025,27 August 2025,9000000,11000000,20000000,20000000,18,Mirza,baru,60000000,Kota Serang,2025-10-27,2030-10-26,6,Sendy,7029,127576850,baru,31 August 2025,24 September 2025,selesai,16 September 2025,lunas,7,2025,18 September 2025,,,7,3,16,2,43,0.00%,24,tercapai,2025,20000000,20000000,0%,Mirza
7 August 2025,NULL,Hanif,6,R10440,PDG016,"Jalan Perintis Kemerdekaan,  Kelurahan Teluk, Kecamatan Labuan, Pandeglang, Jawa, 42264, Indonesia",-6.367006,105.824799,22,done,1,0,29 September 2025,3 October 2025,33750000,40000000,40000000,40000000,18,Mirza,baru,120000000,Kab. Pandeglang,2025-12-03,2030-12-02,2,Sarjono,7040,144851050,baru,7 October 2025,27 October 2025,selesai,20 October 2025,lunas,4,2025,24 October 2025,,,4,4,13,4,78,0.00%,20,tercapai,2025,40000000,40000000,0%,Mirza
8 August 2025,NULL,Hanif,6,R10447,CBI104,"Jalan Raya Parung, Jampang, Kemang, Bogor, Jawa Barat, Jawa, 16330, Indonesia",-6.481157,106.731499,7.5,done,1,0,1 September 2025,4 September 2025,26250000,30000000,30000000,30000000,18,Mirza,baru,90000000,Kab. Bogor,2025-10-04,2030-10-03,2,Sarjono,7047,143574675,baru,8 September 2025,30 September 2025,selesai,23 September 2025,lunas,3,2025,2 October 2025,,,3,3,15,9,55,0.00%,22,tercapai,2025,30000000,30000000,0%,Mirza
8 August 2025,NULL,Gita,11,R10452,SNG030,"Jl. Otto Iskandardinata, Karanganyar, Kec. Subang, Kabupaten Subang, Jawa Barat 41211",-6.55802,107.772141,16,done,1,0,19 September 2025,24 September 2025,22500000,25000000,25000000,25000000,18,Mirza,baru,75000000,Kab. Subang,2025-11-24,2030-11-23,3,CV. Rizki Mitra Abadi,7052,115774100,baru,26 September 2025,20 October 2025,selesai,22 October 2025,lunas,5,2025,23 October 2025,,,5,1,26,1,76,0.00%,24,tidak tercapai,2025,25000000,25000000,0%,Mirza
9 August 2025,NULL,Djadjang,2,R10457,KYB042,"Jalan Taman Margasatwa, Kelurahan Ragunan, Kecamatan Pasar Minggu, Jakarta Selatan, Daerah Khusus Ibukota Jakarta, Jawa, 12540, Indonesia",-6.287085,106.826363,6.3,done,1,0,11 August 2025,3 September 2025,33750000,45000000,42000000,42000000,16,Bonita,baru,126000000,Kota Jakarta Selatan,2025-11-03,2030-11-02,4,Trimo,7057,127605816,baru,10 September 2025,6 October 2025,selesai,22 September 2025,lunas,23,2025,26 September 2025,,,23,6,12,4,48,0.00%,26,tercapai,2025,42000000,42000000,0%,Bonita
10 August 2025,2025-10-13,salma,4,R10462,CBI109,"Jl. Perum Griya Yasa Lestari, Bojonggede, Kecamatan Bojonggede, Kabupaten Bogor",-6.483085,106.792709,8,done,1,0,15 October 2025,22 October 2025,18000000,20000000,20000000,20000000,18,Mirza,baru,60000000,Kab. Bogor,2025-11-05,2030-11-04,2,Sarjono,7062,101431300,baru,23 October 2025,12 November 2025,selesai,3 November 2025,lunas,7,2025,8 November 2025,64,2,7,0,11,5,90,0.00%,20,tercapai,2025,20000000,20000000,0%,Mirza
10 August 2025,NULL,salma,4,R10465,SBM029,"Jalan Pelabuhan II, Kelurahan Kebonmanggu, Kec. Gn. Guruh, Kabupaten Sukabumi",-6.96738,106.869759,12,done,1,0,23 September 2025,29 September 2025,37500000,38000000,38000000,38000000,18,Mirza,baru,114000000,Kab. Sukabumi,2025-11-29,2030-11-28,9,CV Cahaya Kemakmuran Sejahtera,7065,126568500,baru,2 October 2025,22 October 2025,selesai,23 October 2025,lunas,6,2025,25 October 2025,,,6,2,21,2,76,0.00%,20,tidak tercapai,2025,38000000,38000000,0%,Mirza
14 August 2025,NULL,Hanif,6,R10494,BDG030,"Jalan Terusan Buah Batu, Kujangsari, Bandung Kidul, Kota Bandung, Jawa Barat, Jawa, 40257, Indonesia",-6.964366,107.638168,20,done,1,0,14 August 2025,29 December 2025,52500000,75000000,57000000,57000000,16,Bonita,baru,171000000,Kota Bandung,2026-02-28,2031-02-28,4,Trimo,7094,176235775,baru,2 January 2026,24 January 2026,selesai,27 January 2026,lunas,137,2025,29 January 2026,,,137,3,25,2,168,0.00%,22,tidak tercapai,2025,57000000,57000000,0%,Bonita
14 August 2025,NULL,Djadjang,2,R10501,SBR051,"Jalan Walang Sungsang, Jatiseeng Kidul, Ciledug, Cirebon, Jawa Barat, Jawa, 45188, Indonesia",-6.910307,108.738472,7,done,1,0,25 September 2025,27 September 2025,30000000,35000000,35000000,35000000,18,Mirza,baru,105000000,Kab. Cirebon,2025-11-27,2030-11-26,6,Sendy,7101,154609000,baru,4 October 2025,26 October 2025,selesai,23 October 2025,lunas,2,2025,30 October 2025,,,2,6,19,7,77,0.00%,22,tercapai,2025,35000000,35000000,0%,Mirza
14 August 2025,NULL,salma,4,R10502,KYB028,"Jalan Buncit Raya Nomor 50, Kel. Duren Tiga, Kec. Pancoran, Kota Jakarta Selatan",-6.255234,106.827438,15,done,1,0,14 August 2025,8 September 2025,45500000,65000000,50000000,50000000,4,salma,baru,150000000,Kota Jakarta Selatan,2025-11-08,2030-11-07,4,Trimo,7102,151184838,baru,10 September 2025,7 October 2025,selesai,25 September 2025,lunas,25,2025,26 August 2022,,,25,1,15,-1126,-1084,0.00%,27,tercapai,2025,50000000,50000000,0%,salma
17 August 2025,NULL,Hanif,6,R10514,NPH026,"Jalan Raya Tangkuban Parahu, Cibogo, Lembang, Bandung Barat, Jawa Barat, Jawa, 40391, Indonesia",-6.810286,107.635551,8,done,1,0,15 January 2026,27 January 2026,36000000,37000000,37000000,37000000,18,Mirza,baru,111000000,Kab. Bandung Barat,2026-02-27,2031-02-26,4,Trimo,7114,142352150,baru,30 January 2026,22 February 2026,selesai,19 February 2026,lunas,12,2025,26 February 2026,,,12,3,20,7,193,0.00%,23,tercapai,2025,37000000,37000000,0%,Mirza
17 August 2025,NULL,salma,4,R10516,BKS077,"Jl. Raya Pekayon, Kel. Jaka Setia, Kec. Bekasi Sel., Kota Bks",-6.275597,106.976456,14,done,1,0,17 August 2025,1 October 2025,20625000,27500000,22000000,22000000,4,salma,baru,66000000,Kota Bekasi,2025-11-01,2030-10-31,3,CV. Rizki Mitra Abadi,7116,123117200,baru,4 October 2025,28 October 2025,selesai,27 October 2025,lunas,45,2025,29 October 2025,,,45,2,23,2,73,0.00%,24,tercapai,2025,22000000,22000000,0%,salma
23 August 2025,NULL,salma,4,R10555,SKB013,"Jl. KP. Subang Kulon, Subangjaya,Kec. Cikole, Kab. Sukabumi, Kabupaten Sukabumi",-6.907666,106.947311,12,done,1,0,23 August 2025,22 September 2025,7500000,10000000,8000000,8000000,4,salma,baru,40000000,Kota Sukabumi,2025-11-22,2030-11-21,9,CV Cahaya Kemakmuran Sejahtera,7155,124192225,baru,24 September 2025,15 October 2025,selesai,16 October 2025,lunas,30,2025,20 October 2025,,,30,1,22,4,58,0.00%,21,tidak tercapai,2025,8000000,8000000,0%,salma
25 August 2025,NULL,Djadjang,2,R10565,DPR020,"Jalan Imam Bonjol, Desa Pemecutan Klod, Denpasar Barat, Denpasar, Bali, Nusa Tenggara, 80111, Indonesia",-8.665685,115.207001,10,done,1,0,26 August 2025,23 September 2025,49000000,70000000,60000000,60000000,16,Bonita,baru,180000000,Kota Denpasar,2025-11-23,2030-11-22,4,Trimo,7165,182524666,baru,7 October 2025,1 November 2025,selesai,31 October 2025,lunas,28,2025,19 November 2025,,,28,13,24,19,86,0.00%,25,tercapai,2025,60000000,60000000,0%,Bonita
26 August 2025,NULL,Bonita,16,R10578,SOR052,"Jl. Cikoneng, Bojongsoang, Kec. Bojongsoang, Kabupaten Bandung, Jawa Barat",-6.985432,107.642723,6,done,1,0,15 September 2025,23 September 2025,20250000,22000000,22000000,22000000,18,Mirza,baru,66000000,Kab. Bandung,2025-11-23,2028-11-22,5,Edwin,7178,112338700,baru,25 September 2025,22 October 2025,selesai,18 October 2025,lunas,8,2025,20 October 2025,,,8,2,23,2,55,0.00%,27,tercapai,2025,22000000,22000000,0%,Mirza
26 August 2025,NULL,Hanif,6,R10588,CKG063,"Jalan Raya Kayu Tinggi, Cakung Timur, Cakung, Jakarta Timur, Daerah Khusus Ibukota Jakarta, Jawa, 13910, Indonesia",-6.176708,106.948555,14,done,1,0,9 September 2025,11 September 2025,15000000,17000000,17000000,17000000,18,Mirza,baru,51000000,Kota Jakarta Timur,2025-11-11,2030-11-10,9,CV Cahaya Kemakmuran Sejahtera,7188,117990200,baru,12 September 2025,2 October 2025,selesai,2 October 2025,lunas,2,2025,6 October 2025,,,2,0,20,4,41,0.00%,20,tidak tercapai,2025,17000000,17000000,0%,Mirza
26 August 2025,NULL,Djadjang,2,R10589,MGW006,"Jalan Raya Uluwatu, Ungasan, Kuta Selatan, Badung, Bali, Nusa Tenggara, 80364, Indonesia",-8.805495,115.159218,8,done,1,0,27 August 2025,9 September 2025,45500000,65000000,40000000,40000000,16,Bonita,baru,120000000,Kab. Badung,2025-11-09,2030-11-08,4,Trimo,7189,122245266,baru,2 October 2025,22 October 2025,selesai,30 October 2025,lunas,13,2025,11 November 2025,,,13,22,28,12,77,0.00%,20,tidak tercapai,2025,40000000,40000000,0%,Bonita
26 August 2025,NULL,Hanif,6,R10591,CKG062,"Jalan Raya Wijaya Kusuma, Malaka Sari, Duren Sawit, Jakarta Timur, Daerah Khusus Ibukota Jakarta, Jawa, 13460, Indonesia",-6.22374,106.932289,6,done,1,0,4 September 2025,9 September 2025,38000000,40000000,40000000,40000000,18,Mirza,baru,120000000,Kota Jakarta Timur,2025-11-09,2030-11-08,9,CV Cahaya Kemakmuran Sejahtera,7191,119978250,baru,10 September 2025,2 October 2025,selesai,2 October 2025,lunas,5,2025,7 October 2025,,,5,0,22,5,42,0.00%,22,tidak tercapai,2025,40000000,40000000,0%,Mirza
29 August 2025,2025-10-08,Gita,11,R10608,IDM029,"Jl. Raya Sukamelang, Sukamelang, Kec. Kroya, Kabupaten Indramayu, Jawa Barat",-6.466522,108.073502,21,done,1,0,24 October 2025,5 November 2025,22500000,25000000,25000000,25000000,18,Mirza,baru,75000000,Kab. Indramayu,2026-01-05,2031-01-04,5,Edwin,7208,119821550,baru,10 November 2025,30 November 2025,selesai,1 December 2025,lunas,12,2025,8 December 2025,40,17,12,4,21,7,101,0.00%,20,tidak tercapai,2025,25000000,25000000,0%,Mirza
29 August 2025,NULL,Gita,11,R10609,DPK057,"Jl  Raya Krukut, Kel. Krukut, Kec. Limo, Kota Depok, Jawa Barat",-6.361886,106.791695,12.5,done,1,0,29 August 2025,22 September 2025,18750000,25000000,20000000,20000000,11,Gita,baru,60000000,Kota Depok,2025-11-22,2030-11-21,6,Sendy,7209,118561100,baru,24 September 2025,17 October 2025,selesai,16 October 2025,lunas,24,2025,17 October 2025,,,24,1,22,1,49,0.00%,23,tercapai,2025,20000000,20000000,0%,Gita
29 August 2025,NULL,Hanif,6,R10610,DPK058,"Jalan Raya Pitara, Pancoran Mas, Pancoran Mas, Depok, Jawa Barat, Jawa, 16435, Indonesia",-6.40979,106.800911,12,done,1,0,30 August 2025,30 September 2025,27750000,37000000,32000000,32000000,16,Bonita,baru,96000000,Kota Depok,2025-11-30,2030-11-29,6,Sendy,7210,112938300,baru,2 October 2025,24 October 2025,selesai,20 October 2025,lunas,31,2025,22 October 2025,,,31,1,18,2,54,0.00%,22,tercapai,2025,32000000,32000000,0%,Bonita
30 August 2025,NULL,salma,4,R10622,CKR051,"Jl. Raya Karang Satria, Karang Satria, Kec. Tambun Utara, Kabupaten Bekasi",-6.210264,107.035103,15,done,1,0,23 September 2025,25 September 2025,27750000,30000000,30000000,30000000,18,Mirza,baru,90000000,Kab. Bekasi,2025-10-09,2030-10-08,3,CV. Rizki Mitra Abadi,7222,122997700,baru,28 September 2025,18 October 2025,selesai,24 October 2025,lunas,2,2025,28 October 2025,,,2,2,26,4,59,0.00%,20,tidak tercapai,2025,30000000,30000000,0%,Mirza
31 August 2025,NULL,salma,4,R10627,CMS010,"Jl. Jenderal Ahmad Yani, Kel. Kertasari, Kec. Ciamis, Kabupaten Ciamis",-7.325893,108.370544,10,done,1,0,15 September 2025,20 September 2025,24000000,30000000,30000000,30000000,18,Mirza,baru,90000000,Kab. Ciamis,2025-11-20,2030-11-19,2,Sarjono,7227,133558800,baru,22 September 2025,12 October 2025,selesai,4 October 2025,lunas,5,2025,8 October 2025,,,5,1,12,4,38,0.00%,20,tercapai,2025,30000000,30000000,0%,Mirza
1 September 2025,2025-10-10,Bonita,16,R10633,PWK001,"Jl. Basuki Rahmat, Sindangkasih, Kec. Purwakarta, Kabupaten Purwakarta, Jawa Barat",-6.560638,107.440796,13,done,1,0,1 September 2025,10 October 2025,26250000,35000000,60000000,60000000,16,Bonita,baru,81249999,Kab. Purwakarta,2025-12-10,2030-03-09,5,Edwin,7233,84407800,baru,14 October 2025,3 November 2025,selesai,6 November 2025,lunas,39,2025,9 February 2021,39,-38,39,3,23,-1731,-1665,0.00%,20,tidak tercapai,2025,60000000,60000000,0%,Bonita
1 September 2025,NULL,salma,4,R10635,KNG019,"Jalan Raya Cigugur, Cigugur, Kec. Cigugur, Kabupaten Kuningan",-6.97178,108.455544,18,done,1,0,10 November 2025,18 November 2025,41250000,45000000,45000000,45000000,18,Mirza,baru,135000000,Kab. Kuningan,2026-01-18,2031-01-17,2,Sarjono,7235,189320025,baru,21 November 2025,11 December 2025,selesai,12 December 2025,lunas,8,2025,13 December 2025,,,8,2,21,1,103,0.00%,20,tidak tercapai,2025,45000000,45000000,0%,Mirza
2 September 2025,2025-10-10,Hanif,6,R10641,GRT038,"Jalan Karangpawitan, Situsaeur, Karangpawitan, Garut, Jawa Barat, Jawa, 44183, Indonesia",-7.199329,107.962547,10,done,1,0,17 October 2025,24 October 2025,33750000,30000000,30000000,30000000,18,Mirza,baru,90000000,Kab. Garut,2025-12-24,2030-12-23,6,Sendy,7241,126527100,baru,25 October 2025,16 November 2025,selesai,7 November 2025,lunas,7,2025,18 November 2025,38,7,7,0,13,11,77,0.00%,22,tercapai,2025,30000000,30000000,0%,Mirza
2 September 2025,2025-10-08,Hanif,6,R10642,GRT037,"Jalan Raya Cilimus, Sukarame, Bayongbong, Garut, Jawa Barat, Jawa, 44162, Indonesia",-7.260783,107.855164,7,done,1,0,13 October 2025,20 October 2025,22500000,24000000,24000000,24000000,18,Mirza,baru,72000000,Kab. Garut,2025-12-20,2030-12-19,6,Sendy,7242,113574350,baru,22 October 2025,14 November 2025,selesai,11 November 2025,lunas,7,2025,15 November 2025,36,5,7,1,20,4,74,0.00%,23,tercapai,2025,24000000,24000000,0%,Mirza
2 September 2025,2025-10-08,Hanif,6,R10651,GRT039,"Jalan Miramareu, Sirnabakti, Pameungpeuk, Garut, Jawa Barat, Jawa, 44175, Indonesia",-7.652323,107.745728,14.8,done,1,0,13 November 2025,1 December 2025,41250000,40000000,40000000,40000000,18,Mirza,baru,120000000,Kab. Garut,2026-01-01,2030-12-31,6,Sendy,7251,122397600,baru,5 December 2025,25 December 2025,selesai,22 December 2025,lunas,18,2025,29 December 2025,36,36,18,3,17,7,118,0.00%,20,tercapai,2025,40000000,40000000,0%,Mirza
2 September 2025,NULL,Hanif,6,R10654,SPA009,"Jalan Raya Cipatujah, Simpang, Bantar Kalong, Tasikmalaya, Jawa Barat, Jawa, Indonesia",-7.623662,108.10498,45,done,1,0,22 September 2025,26 September 2025,36000000,36000000,36000000,36000000,18,Mirza,baru,108000000,Kab. Tasikmalaya,2025-11-26,2030-11-25,6,Sendy,7254,118113300,baru,29 September 2025,21 October 2025,selesai,20 October 2025,lunas,4,2025,23 October 2025,,,4,2,21,3,51,0.00%,22,tercapai,2025,36000000,36000000,0%,Mirza
3 September 2025,2025-10-22,salma,4,R10666,CJR027,"Jl. Aria Natamanggala, Kademangan, Kec. Mande, Kabupaten Cianjur",-6.76872,107.202408,13,done,1,0,3 September 2025,30 October 2025,26250000,35000000,28000000,28000000,4,salma,baru,84000000,Kab. Cianjur,2025-12-30,2030-12-29,2,Sarjono,7266,118239550,baru,3 November 2025,23 November 2025,selesai,12 November 2025,lunas,57,2025,19 November 2025,49,-48,57,4,9,7,77,0.00%,20,tercapai,2025,28000000,28000000,0%,salma
4 September 2025,NULL,Hanif,6,R10669,BJR006,"Jalan Langkap Banjar, Bojongkantong, Langensari, Banjar, Jawa Barat, Jawa, Indonesia",-7.380468,108.609291,15,done,1,0,12 September 2025,16 September 2025,37500000,40000000,40000000,40000000,18,Mirza,baru,120000000,Kota Banjar,2025-11-16,2030-11-15,2,Sarjono,7269,142204750,baru,19 September 2025,13 October 2025,selesai,6 October 2025,lunas,4,2025,8 October 2025,,,4,3,17,2,34,0.00%,24,tercapai,2025,40000000,40000000,0%,Mirza
4 September 2025,NULL,Hanif,6,R10672,BJR007,"Jalan Mayor Jendral Didi Kartasasmita, Banjar,  Banjar, Banjar, Jawa Barat, Jawa, 46331, Indonesia",-7.366498,108.534508,28,done,1,0,16 September 2025,22 September 2025,26250000,25000000,25000000,25000000,18,Mirza,baru,125000000,Kota Banjar,2025-11-22,2030-11-21,2,Sarjono,7272,143244300,baru,26 September 2025,16 October 2025,selesai,10 October 2025,lunas,6,2025,14 October 2025,,,6,3,14,4,40,0.00%,20,tercapai,2025,25000000,25000000,0%,Mirza
4 September 2025,NULL,salma,4,R10674,CJR025,"Jl. Pramuka, Kel. Bojong, Kec. Karangtengah, Kabupaten Cianjur",-6.797283,107.175537,15,done,1,0,22 September 2025,24 September 2025,33750000,40000000,40000000,40000000,18,Mirza,baru,120000000,Kab. Cianjur,2025-10-24,2030-10-23,9,CV Cahaya Kemakmuran Sejahtera,7274,120311500,baru,25 September 2025,15 October 2025,selesai,16 October 2025,lunas,2,2025,17 October 2025,,,2,1,21,1,43,0.00%,20,tidak tercapai,2025,40000000,40000000,0%,Mirza
4 September 2025,NULL,Gita,11,R10677,KWG077,"Jl. Rawagempol Kulon, Rawagempol Kulon, Kec. Cilamaya Wetan, Karawang, Jawa Barat 41384",-6.225622,107.566452,10,done,1,0,24 September 2025,2 October 2025,15000000,18000000,18000000,18000000,18,Mirza,baru,54000000,Kab. Karawang,2025-11-02,2030-11-01,3,CV. Rizki Mitra Abadi,7277,131248975,baru,4 October 2025,1 November 2025,selesai,31 October 2025,lunas,8,2025,3 November 2025,,,8,1,27,3,60,0.00%,28,tercapai,2025,18000000,18000000,0%,Mirza
5 September 2025,NULL,Hanif,6,R10681,CMS009,"Jalan Raya Kawali Ciamis, Kawali, Kawali, Ciamis, Jawa Barat, Jawa, 46253, Indonesia",-7.189029,108.372833,10,done,1,0,16 September 2025,18 September 2025,26250000,29000000,29000000,29000000,18,Mirza,baru,87000000,Kab. Ciamis,2025-11-18,2030-11-17,2,Sarjono,7281,121550550,baru,20 September 2025,10 October 2025,selesai,1 October 2025,lunas,2,2025,6 October 2025,,,2,1,11,5,31,0.00%,20,tercapai,2025,29000000,29000000,0%,Mirza
5 September 2025,NULL,Hanif,6,R10684,CMS011,"Jalan Raya Panjalu, Panjalu, Panjalu, Ciamis, Jawa Barat, Jawa, 46264, Indonesia",-7.134498,108.268524,10,done,1,0,16 September 2025,30 September 2025,26250000,30000000,30000000,30000000,18,Mirza,baru,90000000,Kab. Ciamis,2025-11-30,2030-11-29,2,Sarjono,7284,123278050,baru,2 October 2025,22 October 2025,selesai,14 October 2025,lunas,14,2025,17 October 2025,,,14,1,12,3,42,0.00%,20,tercapai,2025,30000000,30000000,0%,Mirza
5 September 2025,NULL,Hanif,6,R10686,SPA010,"Jalan H. Salim, Kelurahan Pamoyanan, Kecamatan Kadipaten, Kabupaten Tasikmalaya, Jawa Barat, Jawa, 46156, Indonesia",-7.124965,108.146294,13,done,1,0,12 September 2025,29 September 2025,16500000,18000000,18000000,18000000,18,Mirza,baru,54000000,Kab. Tasikmalaya,2025-11-29,2030-11-28,6,Sendy,7286,121322250,baru,1 October 2025,23 October 2025,selesai,20 October 2025,lunas,17,2025,22 October 2025,,,17,2,19,2,47,0.00%,22,tercapai,2025,18000000,18000000,0%,Mirza
7 September 2025,NULL,salma,4,R10706,SGR002,"Jl. Raya Sangsit, Sangsit, Kec. Sawan, Kabupaten Buleleng, Bali",-8.088634,115.130211,9,done,1,0,22 October 2025,5 November 2025,15000000,24000000,24000000,24000000,18,Mirza,baru,72000000,Kab. Buleleng,2025-11-21,2028-11-20,4,Trimo,7306,140405466,baru,7 November 2025,30 November 2025,selesai,2 December 2025,lunas,14,2025,3 March 2026,,,14,2,25,91,177,0.00%,23,tidak tercapai,2025,24000000,24000000,0%,Mirza
7 September 2025,NULL,salma,4,R10706,SGR002,"Jl. Raya Sangsit, Sangsit, Kec. Sawan, Kabupaten Buleleng, Bali",-8.088634,115.130211,9,done,1,0,22 October 2025,5 November 2025,15000000,24000000,24000000,24000000,18,Mirza,baru,72000000,Kab. Buleleng,2025-11-21,2028-11-20,4,Trimo,7306,140405466,baru,7 November 2025,30 November 2025,selesai,9 December 2025,lunas,14,2025,3 March 2026,,,14,2,32,84,177,0.00%,23,tidak tercapai,2025,24000000,24000000,0%,Mirza
9 September 2025,NULL,salma,4,R10715,BDG026,"Jalan Ibrahim Adjie, Kel. Binong, Kec. Batununggal, Kota Bandung, Jawa Barat",-6.932624,107.642838,10,done,1,0,12 September 2025,20 September 2025,33750000,37000000,37000000,37000000,18,Mirza,baru,111000000,Kota Bandung,2026-01-01,2030-12-31,5,Edwin,7315,132772600,baru,16 October 2025,12 November 2025,selesai,11 November 2025,lunas,8,2025,15 November 2025,,,8,26,26,4,67,0.00%,27,tercapai,2025,37000000,37000000,0%,Mirza
13 September 2025,NULL,Djadjang,2,R10752,BDG027,"Jalan PSM, Kebon Jayanti, Kiaracondong, Jawa Barat, Jawa, 40284, Indonesia",-6.927633,107.645096,9,done,1,0,18 September 2025,25 September 2025,30000000,30000000,30000000,30000000,18,Mirza,baru,90000000,Kota Bandung,2025-11-25,2030-11-24,5,Edwin,7352,143682475,baru,27 September 2025,27 October 2025,selesai,22 October 2025,lunas,7,2025,23 October 2025,,,7,2,25,1,40,0.00%,30,tercapai,2025,30000000,30000000,0%,Mirza
14 September 2025,NULL,salma,4,R10760,KYB043,"Jl. Lenteng Agung Raya, Srengseng Sawah, Kec. Jagakarsa, Kota Jakarta Selatan, Daerah Khusus Ibukota Jakarta 12630",-6.33278,106.835075,9,done,1,0,16 October 2025,27 October 2025,18750000,22000000,22000000,22000000,18,Mirza,baru,66000000,Kota Jakarta Selatan,2025-11-27,2028-11-26,9,CV Cahaya Kemakmuran Sejahtera,7360,125226550,baru,28 October 2025,19 November 2025,selesai,20 November 2025,lunas,11,2025,22 November 2025,,,11,0,23,2,69,0.00%,22,tidak tercapai,2025,22000000,22000000,0%,Mirza
15 September 2025,NULL,salma,4,R10764,SGR001,"Jalan Raya Singaraja-Seririt, Pemaron, Kec. Buleleng, Kabupaten Buleleng, Bali",-8.131325,115.061722,10,done,1,0,23 October 2025,29 October 2025,30000000,36000000,36000000,36000000,18,Mirza,baru,108000000,Kab. Buleleng,2025-12-29,2030-12-28,4,Trimo,7364,140820327,baru,30 October 2025,21 November 2025,selesai,20 November 2025,lunas,6,2025,25 November 2025,,,6,0,21,5,71,0.00%,22,tercapai,2025,36000000,36000000,0%,Mirza
16 September 2025,NULL,Dika,17,R10766,CKR052,"Jalan Cibarusah,, Cibarusahkota, Kec. Cibarusah, Kabupaten Bekasi, Jawa Barat 17340",-6.438541,107.073936,15,done,1,0,16 September 2025,30 September 2025,42000000,60000000,40000000,40000000,17,Dika,baru,120000000,Kab. Bekasi,2025-10-20,2030-10-19,3,CV. Rizki Mitra Abadi,7366,120855400,baru,11 October 2025,1 November 2025,selesai,6 November 2025,lunas,14,2025,10 November 2025,,,14,10,26,4,55,0.00%,21,tidak tercapai,2025,40000000,40000000,0%,Dika
17 September 2025,NULL,Hanif,6,R10767,TJP033,"Jalan Warakas I, Warakas, Tanjung Priok, Jakarta Utara, Daerah Khusus Ibukota Jakarta, Jawa, 14340, Indonesia",-6.11818,106.875893,6,done,1,0,6 October 2025,8 October 2025,26250000,28000000,28000000,28000000,18,Mirza,baru,84000000,Kota Jakarta Utara,2025-11-08,2030-11-07,4,Trimo,7367,110855166,baru,14 October 2025,3 November 2025,selesai,21 November 2025,lunas,2,2025,25 November 2025,,,2,6,38,4,69,0.00%,20,tidak tercapai,2025,28000000,28000000,0%,Mirza
17 September 2025,NULL,Hanif,6,R10771,BKS078,"Jalan Raya Narogong, Bantargebang, Bantargebang, Bekasi, Jawa Barat, Jawa, 17153, Indonesia",-6.325092,106.983398,11,done,1,0,10 October 2025,14 October 2025,18750000,22000000,22000000,22000000,18,Mirza,baru,66000000,Kota Bekasi,2025-12-14,2030-12-13,2,Sarjono,7371,140282175,baru,16 October 2025,5 November 2025,selesai,3 November 2025,lunas,4,2025,8 November 2025,,,4,1,18,5,52,0.00%,20,tercapai,2025,22000000,22000000,0%,Mirza
17 September 2025,NULL,salma,4,R10773,CJR026,"Jl. Mariwati, Kel. Cikanyere, Kec. Sukaresmi, Kabupaten Cianjur",-6.733137,107.081985,7,done,1,0,4 October 2025,16 October 2025,18000000,20000000,20000000,20000000,18,Mirza,baru,60000000,Kab. Cianjur,2025-11-06,2028-11-05,9,CV Cahaya Kemakmuran Sejahtera,7373,119673550,baru,20 October 2025,13 November 2025,selesai,12 November 2025,lunas,12,2025,18 November 2025,,,12,3,23,6,62,0.00%,24,tercapai,2025,20000000,20000000,0%,Mirza
18 September 2025,NULL,Djadjang,2,R10776,TNG044,"Jalan Sunan Giri, Pondok Pucung, Karang Tengah, Tangerang, Banten, Jawa, 15158, Indonesia",-6.217568,106.701668,8,done,1,0,10 October 2025,15 October 2025,37500000,49000000,49000000,49000000,18,Mirza,baru,147000000,Kota Tangerang,2025-12-15,2030-12-14,2,Sarjono,7376,138978950,baru,17 October 2025,10 November 2025,selesai,1 November 2025,lunas,5,2025,10 November 2025,,,5,1,15,9,53,0.00%,24,tercapai,2025,49000000,49000000,0%,Mirza
18 September 2025,NULL,Djadjang,2,R10778,GGP045,"Jalan Raya Duri Kosambi, RW 01, Duri Kosambi, Cengkareng, Jakarta Barat, Daerah Khusus Ibukota Jakarta, Jawa, 11750, Indonesia",-6.171461,106.722198,4,done,1,0,23 September 2025,23 October 2025,30000000,40000000,37500000,37500000,16,Bonita,baru,112500000,Kota Jakarta Barat,2025-12-23,2028-12-22,9,CV Cahaya Kemakmuran Sejahtera,7378,127399500,baru,24 October 2025,16 November 2025,selesai,18 November 2025,lunas,30,2025,22 November 2025,,,30,0,25,4,65,0.00%,23,tidak tercapai,2025,37500000,37500000,0%,Bonita
19 September 2025,NULL,Hanif,6,R10780,CBI107,"Jalan Letkol Murlin, Kelurahan Sukamaju, Kecamatan Jonggol, Bogor, Jawa Barat, Jawa, 16830, Indonesia",-6.459404,107.059669,7,done,1,0,10 October 2025,14 October 2025,12375000,23000000,23000000,23000000,18,Mirza,baru,69000000,Kab. Bogor,2025-12-14,2030-12-13,9,CV Cahaya Kemakmuran Sejahtera,7380,128797875,baru,16 October 2025,7 November 2025,selesai,6 November 2025,lunas,4,2025,11 November 2025,,,4,1,21,5,53,0.00%,22,tercapai,2025,23000000,23000000,0%,Mirza
20 September 2025,NULL,salma,4,R10791,SMD018,"Jalan Raya Wado Malangbong, Wado, Kec. Wado, Kabupaten Sumedang, Jawa Barat 45373",-6.948758,108.0923,20,done,1,0,20 September 2025,28 October 2025,30000000,40000000,35000000,35000000,4,salma,baru,105000000,Kab. Sumedang,2025-12-28,2030-12-27,6,Sendy,7391,135652500,baru,3 November 2025,23 November 2025,selesai,19 November 2025,lunas,38,2025,25 November 2025,,,38,5,16,6,66,0.00%,20,tercapai,2025,35000000,35000000,0%,salma
20 September 2025,NULL,salma,4,R10793,SMD017,"Jl. Raya Cipacing, Cipacing, Kec. Jatinangor, Kabupaten Sumedang, Jawa Barat 45363",-6.947925,107.76033,14,done,1,0,23 October 2025,27 October 2025,42000000,50000000,50000000,50000000,18,Mirza,baru,150000000,Kab. Sumedang,2025-12-27,2030-12-26,6,Sendy,7393,128778500,baru,31 October 2025,21 November 2025,selesai,17 November 2025,lunas,4,2025,25 November 2025,,,4,4,17,8,66,0.00%,21,tercapai,2025,50000000,50000000,0%,Mirza
23 September 2025,2025-11-11,Hanif,6,R10805,DPK059,"Jalan Meruyung Raya, Meruyung, Limo, Depok, Jawa Barat, Jawa, 16515, Indonesia",-6.378213,106.770111,11,done,1,0,24 September 2025,17 November 2025,26250000,35000000,32500000,32500000,16,Bonita,baru,97500000,Kota Depok,2026-01-17,2031-01-16,9,CV Cahaya Kemakmuran Sejahtera,7405,124723000,baru,20 November 2025,10 December 2025,selesai,6 December 2025,lunas,54,2025,9 December 2025,49,-48,54,3,16,3,77,0.00%,20,tercapai,2025,32500000,32500000,0%,Bonita
23 September 2025,2025-10-10,Djadjang,2,R10813,CKG064,"Jalan Condet Raya, Bale Kambang, Kramat Jati, Jakarta Timur, Daerah Khusus Ibukota Jakarta, Jawa, 13530, Indonesia",-6.277527,106.855034,20,done,1,0,24 September 2025,16 October 2025,33750000,45000000,75000000,75000000,16,Bonita,baru,225000000,Kota Jakarta Timur,2026-01-04,2031-01-03,4,Trimo,7413,149329716,baru,6 November 2025,28 November 2025,selesai,2 December 2025,lunas,22,2025,4 December 2025,17,-15,22,20,26,2,72,0.00%,22,tidak tercapai,2025,75000000,75000000,0%,Bonita
23 September 2025,2025-10-10,Djadjang,2,R10813,CKG064,"Jalan Condet Raya, Bale Kambang, Kramat Jati, Jakarta Timur, Daerah Khusus Ibukota Jakarta, Jawa, 13530, Indonesia",-6.277527,106.855034,20,done,1,0,24 September 2025,16 October 2025,33750000,45000000,75000000,75000000,16,Bonita,baru,225000000,Kota Jakarta Timur,2026-01-04,2031-01-03,4,Trimo,7413,149329716,baru,6 November 2025,28 November 2025,selesai,3 December 2025,lunas,22,2025,4 December 2025,17,-15,22,20,27,1,72,0.00%,22,tidak tercapai,2025,75000000,75000000,0%,Bonita
24 September 2025,NULL,salma,4,R10825,NPH022,"Jl. Raya Caringin, Kertajaya, Kec. Padalarang, Kabupaten Bandung Barat, Jawa Barat 40553",-6.854887,107.497971,12,done,1,0,24 September 2025,9 October 2025,37500000,50000000,35000000,35000000,4,salma,baru,105000000,Kab. Bandung Barat,2025-10-24,2028-10-23,5,Edwin,7425,117170350,baru,10 October 2025,30 October 2025,selesai,29 October 2025,lunas,15,2025,3 November 2025,,,15,0,19,5,40,0.00%,20,tercapai,2025,35000000,35000000,0%,salma
24 September 2025,NULL,Dika,17,R10818,SPA011,"Jl. Raya Karangnunggal, Karangnunggal, Kec. Karangnunggal, Kabupaten Tasikmalaya, Jawa Barat 46186",-7.631214,108.11277,4,done,1,0,24 September 2025,4 October 2025,9000000,12000000,10000000,10000000,17,Dika,baru,30000000,Kab. Tasikmalaya,2025-12-04,2030-12-03,6,Sendy,7418,115747100,baru,6 October 2025,26 October 2025,selesai,24 October 2025,lunas,10,2025,29 October 2025,,,10,1,18,5,35,0.00%,20,tercapai,2025,10000000,10000000,0%,Dika
24 September 2025,NULL,salma,4,R10822,BBS015,"Jalan Raya Bulakamba, Bulakamba, Kec. Bulakamba, Kabupaten Brebes",-6.873555,108.946243,12,done,1,0,24 September 2025,1 November 2025,41250000,55000000,45000000,45000000,4,salma,baru,135000000,Kab. Brebes,2026-01-01,2030-12-31,2,Sarjono,7422,128603800,baru,3 November 2025,23 November 2025,selesai,19 November 2025,lunas,38,2025,25 November 2025,,,38,2,16,6,62,0.00%,20,tercapai,2025,45000000,45000000,0%,salma
25 September 2025,2025-10-08,Djadjang,2,R10828,PWK023,"Jalan Raya Sadang Ciwangi, Ciwangi, Bungursari, Purwakarta, Jawa Barat, Jawa, 41181, Indonesia",-6.505637,107.463852,10,done,1,0,29 September 2025,21 October 2025,33000000,44000000,37000000,37000000,16,Bonita,baru,111000000,Kab. Purwakarta,2025-12-21,2030-12-20,5,Edwin,7428,117154350,baru,25 October 2025,15 November 2025,selesai,13 November 2025,lunas,22,2025,6 August 2026,13,-9,22,3,19,266,315,0.00%,21,tercapai,2025,37000000,37000000,0%,Bonita
25 September 2025,2025-10-23,salma,4,R10829,CKR056,"Jl. Rawakuda, Waringinjaya, Kec. Kedungwaringin, Kabupaten Bekasi",-6.248943,107.236717,7,done,1,0,3 November 2025,8 November 2025,9000000,22000000,22000000,22000000,18,Mirza,baru,66000000,Kab. Bekasi,2026-01-08,2031-01-07,3,CV. Rizki Mitra Abadi,7429,129473900,baru,11 November 2025,1 December 2025,selesai,1 December 2025,lunas,5,2025,4 December 2025,28,11,5,2,20,3,70,0.00%,20,tidak tercapai,2025,22000000,22000000,0%,Mirza
25 September 2025,2025-10-08,Djadjang,2,R10834,PWK024,"Jalan Pramuka, Kelurahan Kembangkuning, Kecamatan Jatiluhur, Purwakarta, Jawa Barat, Jawa, 41152, Indonesia",-6.544587,107.423065,10,done,1,0,27 September 2025,23 October 2025,15000000,20000000,17000000,17000000,16,Bonita,baru,85000000,Kab. Purwakarta,2025-12-23,2030-12-22,3,CV. Rizki Mitra Abadi,7434,110601175,baru,25 October 2025,17 November 2025,selesai,12 November 2025,lunas,26,2025,18 November 2025,13,-11,26,1,18,6,54,0.00%,23,tercapai,2025,17000000,17000000,0%,Bonita
26 September 2025,NULL,Hanif,6,R10846,CBI105,"Jalan Raya Puncak, Kel. Tugu Utara, Kec. Cisarua, Bogor, Jawa Barat, Jawa, 16750, Indonesia",-6.693832,106.963158,7,done,1,0,27 September 2025,10 October 2025,18750000,25000000,20000000,20000000,16,Bonita,baru,100000000,Kab. Bogor,2025-12-10,2030-12-09,2,Sarjono,7446,117030800,baru,11 October 2025,31 October 2025,selesai,23 October 2025,lunas,13,2025,30 October 2025,,,13,0,12,7,34,0.00%,20,tercapai,2025,20000000,20000000,0%,Bonita
26 September 2025,NULL,Hanif,6,R10851,CBI108,"Jl. Raya Sirkuit Sentul, Sentul, Babakan Madang, Bogor, Jawa Barat, Jawa, 16911, Indonesia",-6.528793,106.855301,10,done,1,0,14 October 2025,17 October 2025,30000000,37000000,37000000,37000000,18,Mirza,baru,111000000,Kab. Bogor,2025-12-17,2030-12-16,2,Sarjono,7451,124052475,baru,19 October 2025,8 November 2025,selesai,1 November 2025,lunas,3,2025,11 November 2025,,,3,1,13,10,46,0.00%,20,tercapai,2025,37000000,37000000,0%,Mirza
26 September 2025,NULL,Hanif,6,R10853,CBI106,"Jalan Sabilillah, Tarikolot, Citeureup, Bogor, Jawa Barat, Jawa, 16810, Indonesia",-6.491815,106.888535,10,done,1,0,9 October 2025,11 October 2025,20250000,22000000,22000000,22000000,18,Mirza,baru,66000000,Kab. Bogor,2025-12-11,2030-12-10,9,CV Cahaya Kemakmuran Sejahtera,7453,116326050,baru,13 October 2025,2 November 2025,selesai,1 November 2025,lunas,2,2025,5 November 2025,,,2,2,19,4,40,0.00%,20,tercapai,2025,22000000,22000000,0%,Mirza
26 September 2025,2025-10-08,Djadjang,2,R10854,NPH023,"Jalan Raya Ciburuy, Kel. Ciburuy, Kec. Padalarang, Bandung Barat, Jawa Barat, Jawa, 40532, Indonesia",-6.835888,107.470833,14,done,1,0,13 October 2025,17 October 2025,26250000,30000000,30000000,30000000,18,Mirza,baru,90000000,Kab. Bandung Barat,2025-12-17,2030-12-16,5,Edwin,7454,120911250,baru,20 October 2025,13 November 2025,selesai,8 November 2025,lunas,4,2025,11 November 2025,12,5,4,2,19,3,46,0.00%,24,tercapai,2025,30000000,30000000,0%,Mirza
27 September 2025,2025-10-08,Dika,17,R10860,KWG078,"Jalan Syeh Quro, Cikalong, Cilamaya Wetan, Karawang, West Java",-6.264567,107.552292,9,done,1,0,10 October 2025,16 October 2025,9000000,20000000,20000000,20000000,18,Mirza,baru,60000000,Kab. Karawang,2026-01-06,2031-01-05,3,CV. Rizki Mitra Abadi,7460,117012850,baru,8 November 2025,28 November 2025,selesai,28 November 2025,lunas,6,2025,4 December 2025,11,2,6,22,20,6,68,0.00%,20,tidak tercapai,2025,20000000,20000000,0%,Mirza
27 September 2025,2025-10-08,Djadjang,2,R10864,SOR053,"Jalan Sayuran, Cangkuang Kulon, Dayeuhkolot, Kabupaten Bandung, Jawa Barat, Jawa, 40239, Indonesia",-6.976131,107.590317,15,done,1,0,30 September 2025,20 October 2025,33750000,45000000,30000000,30000000,16,Bonita,baru,90000000,Kab. Bandung,2025-12-20,2030-12-19,5,Edwin,7464,122857300,baru,22 October 2025,13 November 2025,selesai,10 November 2025,lunas,20,2025,18 November 2025,11,-8,20,1,19,8,52,0.00%,22,tercapai,2025,30000000,30000000,0%,Bonita
27 September 2025,2025-10-08,Hanif,6,R10870,CKR055,"Jalan Raya Cibarusah, Sindangmulya, Cibarusah, Kab Bekasi, Jawa Barat, Jawa, 17330, Indonesia",-6.41454,107.088654,20,done,1,0,30 September 2025,7 November 2025,15000000,20000000,19000000,19000000,16,Bonita,baru,95000000,Kab. Bekasi,2026-01-07,2031-01-06,3,CV. Rizki Mitra Abadi,7470,130089925,baru,11 November 2025,1 December 2025,selesai,5 December 2025,lunas,38,2025,8 December 2025,11,-8,38,3,24,3,72,0.00%,20,tidak tercapai,2025,19000000,19000000,0%,Bonita
27 September 2025,NULL,salma,4,R10875,CKR053,"Jl. Raya Jagawana, Sukarukun, Kec. Sukatani, Kabupaten Bekasi, Jawa Barat 17630",-6.231632,107.155731,13,done,1,0,16 October 2025,25 October 2025,26250000,30000000,30000000,30000000,18,Mirza,baru,90000000,Kab. Bekasi,2025-11-25,2030-11-24,3,CV. Rizki Mitra Abadi,7475,124545450,baru,29 October 2025,19 November 2025,selesai,18 November 2025,lunas,9,2025,22 November 2025,,,9,4,20,4,56,0.00%,21,tercapai,2025,30000000,30000000,0%,Mirza
27 September 2025,NULL,salma,4,R10878,CKR054,"Jl. Raya Jagawana, Sukarukun, Kec. Sukatani, Kabupaten Bekasi, Jawa Barat 17630",-6.217507,107.159065,7,done,1,0,27 September 2025,29 October 2025,15000000,20000000,18000000,18000000,4,salma,baru,54000000,Kab. Bekasi,2025-11-29,2030-11-28,3,CV. Rizki Mitra Abadi,7478,112831325,baru,31 October 2025,22 November 2025,selesai,17 November 2025,lunas,32,2025,19 November 2025,,,32,1,17,2,53,0.00%,22,tercapai,2025,18000000,18000000,0%,salma
27 September 2025,2025-10-08,Djadjang,2,R10882,SOR054,"Jalan Terusan Soreang Cipatik, Gajahmekar, Kutawaringin, Kabupaten Bandung, Jawa Barat, Jawa, 40319, Indonesia",-6.975297,107.53376,8,done,1,0,30 September 2025,27 October 2025,15000000,20000000,16000000,16000000,16,Bonita,baru,80000000,Kab. Bandung,2025-12-27,2030-12-26,6,Sendy,7482,98818350,baru,30 October 2025,21 November 2025,selesai,12 November 2025,lunas,27,2025,18 November 2025,11,-8,27,2,13,6,52,0.00%,22,tercapai,2025,16000000,16000000,0%,Bonita
30 September 2025,2026-01-23,salma,4,R10884,KWG081,"Jl. Tamelang Timur, Kelurahan Bengle, Kecamatan Majalaya, Kabupaten Karawang, Jawa Barat 41371",-6.325328,107.344223,100,done,1,0,31 January 2026,4 February 2026,15000000,15000000,20000000,15000000,18,Mirza,baru,45000000,Kab. Karawang,2026-04-04,2031-04-03,2,Sarjono,7484,112922900,baru,5 February 2026,25 February 2026,selesai,18 February 2026,lunas,4,2025,28 February 2026,115,9,4,0,13,10,151,25.00%,20,tercapai,2025,20000000,15000000,25%,Mirza
2 October 2025,NULL,salma,4,R10894,KYB045,"Jalan Dr. Saharjo, Manggarai Sel., Kec. Tebet, Kota Jakarta Selatan, Daerah Khusus Ibukota Jakarta",-6.22123,106.846443,10,done,1,0,10 November 2025,13 November 2025,37500000,44000000,44000000,44000000,18,Mirza,baru,132000000,Kota Jakarta Selatan,2026-01-13,2029-01-12,4,Trimo,7494,122054825,baru,21 November 2025,11 December 2025,selesai,12 December 2025,lunas,3,2025,13 December 2025,,,3,7,21,1,72,0.00%,20,tidak tercapai,2025,44000000,44000000,0%,Mirza
2 October 2025,2025-10-13,Hanif,6,R10895,TJP034,"Jalan Cipeucang V, Rawa Badak Utara, Koja, Jakarta Utara, Daerah Khusus Ibukota Jakarta, Jawa, 14220, Indonesia",-6.114357,106.900497,20,done,1,0,29 October 2025,11 November 2025,42000000,50000000,50000000,50000000,18,Mirza,baru,150000000,Kota Jakarta Utara,2025-12-11,2030-12-10,2,Sarjono,7495,115842800,baru,17 November 2025,7 December 2025,selesai,3 December 2025,lunas,13,2025,5 December 2025,11,17,13,5,16,2,64,0.00%,20,tercapai,2025,50000000,50000000,0%,Mirza
2 October 2025,2025-10-13,Djadjang,2,R10900,KYB044,"Jalan Raya Casablanca, Menteng Dalam, Tebet, Jakarta Selatan, Daerah Khusus Ibukota Jakarta, Jawa, 12960, Indonesia",-6.224901,106.84272,2.3,done,1,0,3 October 2025,10 November 2025,65000000,100000000,75000000,75000000,16,Bonita,baru,225000000,Kota Jakarta Selatan,2026-01-10,2031-01-09,4,Trimo,7500,163017525,baru,14 November 2025,10 December 2025,selesai,9 December 2025,lunas,38,2025,13 December 2025,11,-9,38,3,25,4,72,0.00%,26,tercapai,2025,75000000,75000000,0%,Bonita
4 October 2025,2025-10-08,Hanif,6,R10913,BKS081,"Jalan Cemara Permai, Harapan Jaya, Bekasi Utara, Bekasi, Jawa Barat, Jawa, 17124, Indonesia",-6.213551,106.982437,9,done,1,0,11 November 2025,15 November 2025,37500000,45000000,45000000,45000000,18,Mirza,baru,135000000,Kota Bekasi,2026-01-15,2031-01-14,3,CV. Rizki Mitra Abadi,7513,142922075,baru,18 November 2025,12 December 2025,selesai,9 December 2025,lunas,4,2025,12 December 2025,4,34,4,3,21,3,69,0.00%,24,tercapai,2025,45000000,45000000,0%,Mirza
4 October 2025,2025-10-08,Hanif,6,R10917,BKS079,"Jalan Kemang Raya, Jaticempaka, Pondok Gede, Bekasi, Jawa Barat, Jawa, 17416, Indonesia",-6.260051,106.92672,10,done,1,0,29 October 2025,3 November 2025,31500000,38000000,38000000,38000000,18,Mirza,baru,114000000,Kota Bekasi,2025-11-18,2030-11-17,3,CV. Rizki Mitra Abadi,7517,114286700,baru,6 November 2025,26 November 2025,selesai,25 November 2025,lunas,5,2025,27 November 2025,4,21,5,2,19,2,54,0.00%,20,tercapai,2025,38000000,38000000,0%,Mirza
4 October 2025,2025-12-11,salma,4,R10925,PWK026,"Jalan Alternative Cibungur, Cibungur, Kec. Bungursari, Kabupaten Purwakarta",-6.467956,107.467323,13,done,1,0,4 October 2025,19 December 2025,22500000,30000000,25000000,25000000,4,salma,baru,125000000,Kab. Purwakarta,2026-02-19,2031-02-18,5,Edwin,7525,126138550,baru,23 December 2025,12 January 2026,selesai,14 January 2026,lunas,76,2025,17 January 2026,68,-67,76,3,22,3,105,0.00%,20,tidak tercapai,2025,25000000,25000000,0%,salma
6 October 2025,2025-10-08,salma,4,R10936,PWK022,"Jl. Pramuka, Bunder, Kec. Jatiluhur, Kabupaten Purwakarta, Jawa Barat 41161",-6.551696,107.42868,6,done,1,0,14 October 2025,18 October 2025,22500000,25000000,25000000,25000000,18,Mirza,baru,75000000,Kab. Purwakarta,2025-12-18,2030-12-17,3,CV. Rizki Mitra Abadi,7536,119674150,baru,21 October 2025,14 November 2025,selesai,8 November 2025,lunas,4,2025,18 November 2025,2,6,4,3,18,10,43,0.00%,24,tercapai,2025,25000000,25000000,0%,Mirza
6 October 2025,2025-10-22,Djadjang,2,R10937,TNG045,"Jalan Bunga Raya Blok D5 No.5, Gebang Raya, Periuk, Tangerang, Banten, Jawa, 15132, Indonesia",-6.170565,106.590576,12,done,1,0,4 November 2025,7 November 2025,33750000,38000000,38000000,38000000,18,Mirza,baru,114000000,Kota Tangerang,2026-01-07,2031-01-06,2,Sarjono,7537,129877100,baru,10 November 2025,30 November 2025,selesai,25 November 2025,lunas,3,2025,29 November 2025,16,13,3,2,15,4,54,0.00%,20,tercapai,2025,38000000,38000000,0%,Mirza
7 October 2025,2025-10-22,salma,4,R10951,PWK025,"Jl. Raya Palumbon, Cijati, Kec. Maniis, Kabupaten Purwakarta, Jawa Barat 41166",-6.695493,107.319382,10,done,1,0,4 November 2025,8 November 2025,21000000,20000000,20000000,20000000,18,Mirza,baru,100000000,Kab. Purwakarta,2026-01-08,2031-01-07,5,Edwin,7551,145193800,baru,13 November 2025,7 December 2025,selesai,1 December 2025,lunas,4,2025,8 December 2025,15,13,4,4,18,7,62,0.00%,24,tercapai,2025,20000000,20000000,0%,Mirza
10 October 2025,2025-10-23,Dika,17,R10968,TSM019,"Jl. Perintis Kemerdekaan, Tugujaya, Kec. Cihideung, Kota Tasikmalaya, Jawa Barat 46126",-7.351924,108.217651,12,done,1,0,10 October 2025,21 November 2025,37500000,50000000,45000000,45000000,17,Dika,baru,135000000,Kab. Tasikmalaya,2026-01-21,2031-01-20,5,Edwin,7568,136041200,baru,27 November 2025,17 December 2025,selesai,12 December 2025,lunas,42,2025,19 December 2025,13,-13,42,5,15,7,70,0.00%,20,tercapai,2025,45000000,45000000,0%,Dika
10 October 2025,2025-10-23,Dika,17,R10969,TSM017,"Jl. Mitra Batik, Panglayungan, Kec. Cipedes, Kota Tasikmalaya, Jawa Barat 46122",-7.322293,108.215492,7,done,1,0,10 October 2025,5 November 2025,22500000,30000000,27000000,27000000,17,Dika,baru,81000000,Kota Tasikmalaya,2026-01-05,2031-01-04,6,Sendy,7569,118513000,baru,8 November 2025,28 November 2025,selesai,26 November 2025,lunas,26,2025,1 December 2025,13,-13,26,2,18,5,52,0.00%,20,tercapai,2025,27000000,27000000,0%,Dika
10 October 2025,2025-10-23,Dika,17,R10971,TSM018,"Jl. Cieunteung, Cilembang, Kec. Cihideung, Kota Tasikmalaya, Jawa Barat 46121",-7.327179,108.212967,20,done,1,0,10 October 2025,21 November 2025,42000000,60000000,45000000,45000000,17,Dika,baru,135000000,Kab. Tasikmalaya,2025-12-21,2030-12-20,5,Edwin,7571,143741200,baru,26 November 2025,16 December 2025,selesai,28 November 2025,lunas,42,2025,19 December 2025,13,-13,42,5,2,21,70,0.00%,20,tercapai,2025,45000000,45000000,0%,Dika
10 October 2025,2025-10-23,Dika,17,R10971,TSM018,"Jl. Cieunteung, Cilembang, Kec. Cihideung, Kota Tasikmalaya, Jawa Barat 46121",-7.327179,108.212967,20,done,1,0,10 October 2025,21 November 2025,42000000,60000000,45000000,45000000,17,Dika,baru,135000000,Kab. Tasikmalaya,2025-12-21,2030-12-20,5,Edwin,7571,143741200,baru,26 November 2025,16 December 2025,selesai,17 December 2025,lunas,42,2025,19 December 2025,13,-13,42,5,21,2,70,0.00%,20,tidak tercapai,2025,45000000,45000000,0%,Dika
10 October 2025,2025-10-23,Dika,17,R10973,KNG018,"Jalan Caracas, Caracas, Kec. Cilimus, Kabupaten Kuningan, Jawa Barat 45556",-6.858907,108.501152,12,done,1,0,10 October 2025,6 November 2025,33750000,45000000,40000000,40000000,17,Dika,baru,120000000,Kab. Kuningan,2026-01-06,2031-01-05,2,Sarjono,7573,153619550,baru,7 November 2025,27 November 2025,selesai,26 November 2025,lunas,27,2025,1 December 2025,13,-13,27,1,19,5,52,0.00%,20,tercapai,2025,40000000,40000000,0%,Dika
10 October 2025,2025-10-23,Dika,17,R10978,BBS016,"Jl. Merdeka, Banjarharjo, Kec. Banjarharjo, Kabupaten Brebes, Jawa Tengah 52265",-6.985933,108.854187,7.6,done,1,0,10 November 2025,14 November 2025,33750000,36000000,36000000,36000000,18,Mirza,baru,108000000,Kab. Brebes,2025-12-14,2030-12-13,2,Sarjono,7578,127143050,baru,17 November 2025,7 December 2025,selesai,2 December 2025,lunas,4,2025,11 December 2025,13,18,4,2,15,9,62,0.00%,20,tercapai,2025,36000000,36000000,0%,Mirza
10 October 2025,2025-10-23,Djadjang,2,R10994,SMG001,"Jalan RM. Hadi Soebono, Jatisari, Mijen, Kota Semarang, Jawa Tengah, Jawa, 51381, Indonesia",-7.067974,110.311409,10,done,1,0,15 December 2025,30 December 2025,40000000,42000000,42000000,42000000,18,Mirza,baru,126000000,Kota Semarang,2026-03-01,2031-02-28,2,Sarjono,7594,140915300,baru,2 January 2026,24 January 2026,selesai,14 January 2026,lunas,15,2025,,13,53,15,2,12,,,0.00%,22,tercapai,2025,42000000,42000000,0%,Mirza
10 October 2025,2025-10-13,salma,4,R10998,SOR055,"Jl. Terusan Cibaduyut, Cangkuang Kulon, Kec. Dayeuhkolot, Kabupaten Bandung, Jawa Barat 40239",-6.968618,107.591141,15,done,1,0,29 October 2025,6 November 2025,33750000,45000000,45000000,45000000,18,Mirza,baru,135000000,Kab. Bandung,2026-01-06,2031-01-05,5,Edwin,7598,122485450,baru,12 November 2025,2 December 2025,selesai,28 November 2025,lunas,8,2025,6 December 2025,3,16,8,5,16,8,57,0.00%,20,tercapai,2025,45000000,45000000,0%,Mirza
10 October 2025,2025-10-25,Gita,11,R11014,BKS083,"Jl. Raya Narogong, RT.002/RW.001, Bojong Rawalumbu, Rawalumbupak, Kota Bks, Jawa Barat 17116",-6.273951,106.992241,18,done,1,0,18 November 2025,1 December 2025,22500000,24000000,24000000,24000000,18,Mirza,baru,72000000,Kota Bekasi,2025-12-15,2030-12-14,3,CV. Rizki Mitra Abadi,7614,120586150,baru,4 December 2025,24 December 2025,selesai,18 December 2025,lunas,13,2025,22 December 2025,15,24,13,2,14,4,73,0.00%,20,tercapai,2025,24000000,24000000,0%,Mirza
11 October 2025,2025-10-25,Djadjang,2,R11020,WSB003,"Jalan Banyumas,  Selomerto, Selomerto, Wonosobo, Jawa Tengah, Jawa, 56361, Indonesia",-7.415306,109.884216,20,done,1,0,13 October 2025,14 November 2025,37500000,50000000,40000000,40000000,16,Bonita,baru,120000000,Kab. Wonosobo,2026-01-14,2031-01-13,2,Sarjono,7620,156367300,baru,28 November 2025,18 December 2025,selesai,17 December 2025,lunas,32,2025,22 December 2025,14,-11,32,13,19,5,72,0.00%,20,tercapai,2025,40000000,40000000,0%,Bonita
11 October 2025,2025-10-23,Hanif,6,R11025,SGN005,"Jalan Sukowati, Sragen Wetan, Sragen, Jawa Tengah, Jawa, 57215, Indonesia",-7.422837,111.032814,18,done,1,0,24 November 2025,2 December 2025,37500000,45000000,45000000,45000000,18,Mirza,baru,135000000,Kab. Sragen,2026-02-02,2031-02-01,2,Sarjono,7625,137405050,baru,5 December 2025,26 December 2025,selesai,22 December 2025,lunas,8,2025,31 December 2025,12,33,8,2,17,9,81,0.00%,21,tercapai,2025,45000000,45000000,0%,Mirza
12 October 2025,2025-10-13,salma,4,R11033,CKG065,"Jl. Bekasi Barat, Rawa Bunga, Jatinegara, Jakarta Timur DKI Jakarta, RT.5/RW.3, Rw. Bunga, Kecamatan Jatinegara, Kota Jakarta Timur, Daerah Khusus Ibukota Jakarta 13320",-6.215518,106.86795,25,done,1,0,12 October 2025,1 November 2025,42000000,60000000,40000000,40000000,4,salma,baru,120000000,Kota Jakarta Timur,2025-12-01,2030-11-30,9,CV Cahaya Kemakmuran Sejahtera,7633,144531000,baru,4 November 2025,24 November 2025,selesai,28 November 2025,lunas,20,2025,1 December 2025,1,0,20,2,24,3,50,0.00%,20,tidak tercapai,2025,40000000,40000000,0%,salma
15 October 2025,2025-10-22,Djadjang,2,R11062,GGP048,"Jalan Perumahan Taman Kota, Kembangan Utara, Kembangan, Jakarta Barat, Daerah Khusus Ibukota Jakarta, Jawa, 11520, Indonesia",-6.160412,106.755455,18,done,1,0,8 January 2026,29 January 2026,38000000,38000000,38000000,38000000,18,Mirza,baru,114000000,Kota Jakarta Barat,2026-02-11,2031-02-10,4,Trimo,7662,130234300,baru,3 February 2026,23 February 2026,selesai,26 February 2026,lunas,21,2025,2 March 2026,7,78,21,4,23,4,138,0.00%,20,tidak tercapai,2025,38000000,38000000,0%,Mirza
16 October 2025,2025-10-25,salma,4,R11066,BKS080,"Jl. Raya Narogong, Bantargebang, Kec. Bantar Gebang, Kota Bks, Jawa Barat 17151",-6.310792,106.984947,9,done,1,0,3 November 2025,11 November 2025,18750000,20000000,20000000,20000000,18,Mirza,baru,60000000,Kota Bekasi,2026-01-11,2031-01-10,9,CV Cahaya Kemakmuran Sejahtera,7666,132340450,baru,12 November 2025,6 December 2025,selesai,5 December 2025,lunas,8,2025,9 December 2025,9,9,8,0,23,4,54,0.00%,24,tercapai,2025,20000000,20000000,0%,Mirza
16 October 2025,2025-10-25,salma,4,R11070,BKS082,"Jl. Raya Narogong, RT.003/RW.009, Bantargebang, Kec. Bantar Gebang, Kota Bks, Jawa Barat 17151",-6.312891,106.986755,9,done,1,0,14 November 2025,22 November 2025,28000000,30000000,30000000,30000000,18,Mirza,baru,90000000,Kota Bekasi,2026-01-22,2031-01-21,3,CV. Rizki Mitra Abadi,7670,119190925,baru,26 November 2025,16 December 2025,selesai,15 December 2025,lunas,8,2025,18 December 2025,9,21,8,4,19,3,63,0.00%,20,tercapai,2025,30000000,30000000,0%,Mirza
16 October 2025,2025-11-24,Gita,11,R11072,NPH024 ,"Jalan Raya Lembang, Gudangkahuripan, Lembang, Kabupaten Bandung Barat, Jawa Barat",-6.821774,107.609497,10,done,1,0,16 October 2025,8 January 2026,42000000,60000000,45000000,45000000,11,Gita,baru,135000000,Kab. Bandung Barat,2026-03-08,2029-03-07,4,Trimo,7672,179615700,baru,12 January 2026,6 February 2026,selesai,3 February 2026,lunas,84,2025,,39,-38,84,3,22,,,0.00%,25,tercapai,2025,45000000,45000000,0%,Gita
17 October 2025,2025-10-22,salma,4,R11081,TGR058,"Jl. Aria Jaya Santika, Pasir Nangka, Kec. Tigaraksa, Kabupaten Tangerang, Banten 15937",-6.254094,106.469704,6,done,1,0,28 October 2025,1 November 2025,28125000,34000000,34000000,34000000,18,Mirza,baru,102000000,Kab. Tangerang,2026-01-01,2030-12-31,2,Sarjono,7681,140936400,baru,3 November 2025,23 November 2025,selesai,15 November 2025,lunas,4,2025,25 November 2025,5,7,4,1,12,10,39,0.00%,20,tercapai,2025,34000000,34000000,0%,Mirza
17 October 2025,2025-10-29,salma,4,R11078,CKR057,"Jl. Raya Rengas Bandung, Karang Sambung, Kec. Kedungwaringin, Kabupaten Bekasi, Jawa Barat 17530",-6.266602,107.227226,10,done,1,0,12 November 2025,17 November 2025,15000000,16000000,16000000,16000000,18,Mirza,baru,48000000,Kab. Bekasi,2026-01-17,2031-01-16,9,CV Cahaya Kemakmuran Sejahtera,7678,137611500,baru,19 November 2025,9 December 2025,selesai,9 December 2025,lunas,5,2025,12 December 2025,12,14,5,1,20,3,56,0.00%,20,tidak tercapai,2025,16000000,16000000,0%,Mirza
18 October 2025,2025-11-24,Hanif,6,R11086,YYK002,"Jalan Ngasem, Kadipaten, Kraton, Kota Yogyakarta, Sewon, Daerah Istimewa Yogyakarta, Jawa, 55132, Indonesia",-7.806265,110.360283,14,done,1,0,21 October 2025,9 December 2025,42750000,57000000,44000000,44000000,16,Bonita,baru,132000000,Kota Yogyakarta,2026-01-09,2031-01-08,4,Trimo,7686,160826200,baru,15 December 2025,8 January 2026,selesai,13 January 2026,lunas,49,2025,14 January 2026,37,-34,49,6,29,1,88,0.00%,24,tidak tercapai,2025,44000000,44000000,0%,Bonita
19 October 2025,2025-12-09,Djadjang,2,R11099,SBY004,"Jalan Rungkut Kidul Industri No 1D, Rungkut Kidul, Rungkut, Surabaya, Jawa Timur, Jawa, 60293, Indonesia",-7.330977,112.768433,10,done,1,0,20 October 2025,18 December 2025,30000000,40000000,32000000,32000000,16,Bonita,baru,96000000,Kota Surabaya,2026-02-18,2031-02-17,4,Trimo,7699,130182200,baru,25 December 2025,14 January 2026,selesai,13 January 2026,lunas,59,2025,20 January 2026,51,-50,59,6,19,7,93,0.00%,20,tercapai,2025,32000000,32000000,0%,Bonita
20 October 2025,2025-10-29,Hanif,6,R11101,SMN003,"Jalan Affandi, Caturtunggal, Depok, Sleman, Daerah Istimewa Yogyakarta, Jawa, 55281, Indonesia",-7.771406,110.389931,12,done,1,0,13 December 2025,6 January 2026,52500000,55000000,55000000,55000000,18,Mirza,baru,165000000,Kab. Sleman,2026-02-06,2031-02-05,4,Trimo,7701,136041050,baru,8 January 2026,30 January 2026,selesai,3 February 2026,lunas,24,2025,9 February 2026,9,45,24,1,26,6,112,0.00%,22,tidak tercapai,2025,55000000,55000000,0%,Mirza
20 October 2025,2025-10-29,Hanif,6,R11105,SMN001,"Jalan Kaliurang KM10,  Dusun Gondangan, Kel. Sardonoharjo, Kec. Ngaglik, Sleman, Daerah Istimewa Yogyakarta, Jawa, 55581, Indonesia",-7.720789,110.403259,5,done,1,0,11 November 2025,17 November 2025,20625000,25000000,25000000,25000000,18,Mirza,baru,75000000,Kab. Sleman,2026-01-17,2031-01-16,4,Trimo,7705,142323144,baru,23 November 2025,15 December 2025,selesai,19 December 2025,lunas,6,2025,22 December 2025,9,14,6,5,26,3,63,0.00%,22,tidak tercapai,2025,25000000,25000000,0%,Mirza
21 October 2025,2025-10-22,Dika,17,R11116,SRG039,"Jl. Ayip Usman, Lopang, Kec. Serang, Kota Serang, Banten 42111",-6.102252,106.161797,10,done,1,0,28 October 2025,3 November 2025,9750000,20000000,20000000,20000000,18,Mirza,baru,60000000,Kota Serang,2026-01-03,2031-01-02,6,Sendy,7716,127454300,baru,6 November 2025,26 November 2025,selesai,24 November 2025,lunas,6,2025,29 November 2025,1,7,6,3,18,5,39,0.00%,20,tercapai,2025,20000000,20000000,0%,Mirza
21 October 2025,2025-10-31,Djadjang,2,R11120,SBY006,"Jl. Kedungsari, Kelurahan Wonorejo, Kecamatan Tegalsari, Kota Surabaya, Jawa Timur, 60263",-7.267682,112.734116,7,done,1,0,23 October 2025,2 February 2026,49000000,70000000,55000000,55000000,16,Bonita,baru,130000000,Kota Surabaya,2026-03-02,2031-03-01,4,Trimo,7720,151782600,baru,10 February 2026,6 March 2026,selesai,12 March 2026,lunas,102,2025,24 March 2026,10,-8,102,7,30,12,154,0.00%,24,tidak tercapai,2025,55000000,55000000,0%,Bonita
21 October 2025,2025-12-05,Djadjang,2,R11131,SBY005,"Jalan Manukan Dalam, Manukan Kulon, Tandes, Surabaya, Jawa Timur, Jawa, 60185, Indonesia",-7.262994,112.670174,15,done,1,0,22 October 2025,24 December 2025,26250000,35000000,28000000,28000000,16,Bonita,baru,84000000,Kota Surabaya,2026-02-24,2031-02-23,4,Trimo,7731,159367500,baru,5 February 2026,11 March 2026,selesai,16 March 2026,lunas,63,2025,13 April 2026,45,-44,63,42,39,28,174,0.00%,34,tidak tercapai,2025,28000000,28000000,0%,Bonita
25 October 2025,2025-10-31,Dika,17,R11159,SPA012,"Jl. Karangnunggal, Sukapura, Kec. Sukaraja, Kabupaten Tasikmalaya, Jawa Barat",-7.453285,108.194168,9,done,1,0,7 November 2025,12 November 2025,33750000,39000000,39000000,39000000,18,Mirza,baru,117000000,Kab. Tasikmalaya,2026-01-02,2031-01-01,5,Edwin,7759,137889075,baru,22 November 2025,16 December 2025,selesai,12 December 2025,lunas,5,2025,18 December 2025,6,8,5,9,20,6,54,0.00%,24,tercapai,2025,39000000,39000000,0%,Mirza
27 October 2025,2025-10-29,Gita,11,R11170,CBI110,"Jl. Raya Jakarta Bogor, Pabuaran, Kec. Cibinong, Kabupaten Bogor, Jawa Barat 16916",-6.465692,106.855263,13,done,1,0,18 November 2025,11 December 2025,52500000,60000000,60000000,60000000,18,Mirza,baru,180000000,Kab. Bogor,2026-02-10,2031-02-09,2,Sarjono,7770,124638300,baru,23 December 2025,21 January 2026,selesai,5 January 2026,lunas,23,2025,20 January 2026,2,20,23,11,13,15,85,0.00%,29,tercapai,2025,60000000,60000000,0%,Mirza
29 October 2025,2025-10-31,Hanif,6,R11183,TNG046,"Jalan Beringin Raya, Karawaci Baru, Karawaci, Tangerang, Banten, Jawa, 15113, Indonesia",-6.19769,106.614738,16,done,1,0,14 November 2025,22 November 2025,29250000,35000000,35000000,35000000,18,Mirza,baru,105000000,Kota Tangerang,2025-12-07,2030-12-06,9,CV Cahaya Kemakmuran Sejahtera,7783,116129000,baru,23 November 2025,13 December 2025,selesai,17 December 2025,lunas,8,2025,18 December 2025,2,15,8,1,24,1,50,0.00%,20,tidak tercapai,2025,35000000,35000000,0%,Mirza
29 October 2025,NULL,Dika,17,R11187,SMN002,"Jl. Laksda Adisucipto, Caturtunggal, Kec. Depok, Kabupaten Sleman, Daerah Istimewa Yogyakarta 55281",-7.78329,110.402718,12,done,1,0,13 November 2025,27 November 2025,30000000,35000000,35000000,35000000,18,Mirza,baru,105000000,Kab. Sleman,2026-01-27,2031-01-26,4,Trimo,7787,135757900,baru,2 December 2025,22 December 2025,selesai,31 December 2025,lunas,14,2025,3 January 2026,,,14,4,29,3,66,0.00%,20,tidak tercapai,2025,35000000,35000000,0%,Mirza
29 October 2025,2025-10-31,salma,4,R11190,CMS012,"Jalan Raya Panumbangan, Panumbangan, Kec. Panumbangan, Kabupaten Ciamis, Jawa Barat 46263",-7.16002,108.203804,8,done,1,0,17 November 2025,8 December 2025,22500000,28000000,30000000,30000000,18,Mirza,baru,90000000,Kab. Ciamis,2026-02-08,2029-02-07,5,Edwin,7790,152067100,baru,15 December 2025,4 January 2026,selesai,6 January 2026,lunas,21,2025,8 January 2026,2,18,21,6,22,2,71,0.00%,20,tidak tercapai,2025,30000000,30000000,0%,Mirza
31 October 2025,2025-10-31,salma,4,R11191,IDM030,"Jl. Pasar Baru Ruko Blok G No. 30, Karangmalang, Kec. Indramayu, Kabupaten Indramayu, Jawa Barat 45213",-6.341895,108.329819,15,done,1,0,17 November 2025,25 November 2025,16500000,20000000,20000000,20000000,18,Mirza,baru,60000000,Kab. Indramayu,2026-01-30,2031-01-29,6,Sendy,7791,119670600,baru,3 December 2025,23 December 2025,selesai,22 December 2025,lunas,8,2025,24 December 2025,0,18,8,7,19,2,54,0.00%,20,tercapai,2025,20000000,20000000,0%,Mirza
31 October 2025,2025-10-31,salma,4,R11193,IDM031,"Jl. Panjaitan No.90, Lemahmekar, Kec. Indramayu, Kabupaten Indramayu, Jawa Barat 45213",-6.333734,108.326965,20,done,1,0,8 December 2025,15 December 2025,33750000,38000000,38000000,38000000,18,Mirza,baru,114000000,Kab. Indramayu,2026-02-15,2031-02-14,5,Edwin,7793,145793975,baru,20 December 2025,11 January 2026,selesai,13 January 2026,lunas,7,2025,17 January 2026,0,38,7,4,24,4,78,0.00%,22,tidak tercapai,2025,38000000,38000000,0%,Mirza
31 October 2025,2025-11-05,Hanif,6,R11196,SOR056,"Jalan Situ Cileunca, Pulosari, Pangalengan, Kabupaten Bandung, Jawa Barat, Jawa, 40378, Indonesia",-7.183794,107.560471,8,done,1,0,12 November 2025,19 November 2025,22500000,25000000,25000000,25000000,18,Mirza,baru,50000000,Kab. Bandung,2026-01-19,2031-01-18,5,Edwin,7796,112121500,baru,21 November 2025,11 December 2025,selesai,8 December 2025,lunas,7,2025,12 December 2025,5,7,7,2,17,4,42,0.00%,20,tercapai,2025,25000000,25000000,0%,Mirza
31 October 2025,2025-11-05,Djadjang,2,R11201,KDS004,"Jalan Sunan Kudus, Kelurahan  Kerjasan, Kecamatan Kota Kudus, Kabupaten Kudus, Jawa Tengah",-6.80525,110.833214,10,done,1,0,3 November 2025,5 December 2025,45000000,60000000,50000000,50000000,16,Bonita,baru,150000000,Kab. Kudus,2026-02-05,2031-02-04,2,Sarjono,7801,133042800,baru,9 December 2025,29 December 2025,selesai,30 December 2025,lunas,32,2025,3 January 2026,5,-2,32,3,21,4,64,0.00%,20,tidak tercapai,2025,50000000,50000000,0%,Bonita
1 November 2025,2025-11-05,Djadjang,2,R11203,KDS002,"Jalan Surya Kusumo, Mejobo, Mejobo, Kudus, Jawa Tengah, Jawa, 59322, Indonesia",-6.82928,110.890999,15,done,1,0,3 November 2025,14 November 2025,30000000,40000000,40000000,40000000,16,Bonita,baru,105000000,Kab. Kudus,2025-12-14,2030-12-13,6,Sendy,7803,117696250,baru,18 November 2025,9 December 2025,selesai,2 December 2025,lunas,11,2025,8 December 2025,4,-1,11,3,14,6,37,0.00%,21,tercapai,2025,40000000,40000000,0%,Bonita
2 November 2025,2025-11-05,Djadjang,2,R11214,KDS003,"Jalan Raya Kudus-Jepara,  Kelurahan Prambatan Kidul, Kecamatan Kaliwungu, Kabupaten Kudus, Jawa Tengah",-6.801185,110.822266,16,done,1,0,3 November 2025,3 December 2025,33750000,45000000,41000000,41000000,16,Bonita,baru,123000000,Kab. Kudus,2026-01-02,2031-01-01,6,Sendy,7814,124717550,baru,7 December 2025,27 December 2025,selesai,22 December 2025,lunas,30,2025,30 December 2025,3,-2,30,3,15,8,58,0.00%,20,tercapai,2025,41000000,41000000,0%,Bonita
2 November 2025,2025-11-05,Hanif,6,R11216,BDG029,"Jalan Cikutra Barat, Cigadung, Cibeunying Kaler, Kota Bandung, Jawa Barat, Jawa, 40123, Indonesia",-6.892299,107.633636,10,done,1,0,28 November 2025,8 December 2025,44100000,55000000,55000000,55000000,18,Mirza,baru,165000000,Kota Bandung,2026-01-02,2031-01-01,5,Edwin,7816,111441800,baru,11 December 2025,31 December 2025,selesai,7 January 2026,lunas,10,2025,10 January 2026,3,24,10,2,27,3,69,0.00%,20,tidak tercapai,2025,55000000,55000000,0%,Mirza
3 November 2025,2025-11-05,Hanif,6,R11227,BDG028,"Jalan Sukajadi  No43, Sukabungah, Sukajadi, Kota Bandung, Jawa Barat, Jawa, 40161, Indonesia",-6.893995,107.597145,10,done,1,0,12 November 2025,20 November 2025,33750000,38000000,38000000,38000000,18,Mirza,baru,114000000,Kota Bandung,2026-01-20,2031-01-19,5,Edwin,7827,116280250,baru,24 November 2025,14 December 2025,selesai,12 December 2025,lunas,8,2025,13 December 2025,2,7,8,3,18,1,40,0.00%,20,tercapai,2025,38000000,38000000,0%,Mirza
3 November 2025,2025-11-05,Hanif,6,R11236,BDG034,"Jalan BKR, Pasirluyu, Regol, Kota Bandung, Jawa Barat, Jawa, 40254, Indonesia",-6.938158,107.619987,15,done,1,0,4 November 2025,22 January 2026,65000000,100000000,65000000,65000000,16,Bonita,baru,195000000,Kota Bandung,2026-03-22,2031-03-21,5,Edwin,7836,141767425,baru,24 January 2026,15 February 2026,selesai,16 February 2026,lunas,79,2025,20 February 2026,2,0,79,1,23,4,109,0.00%,22,tidak tercapai,2025,100000000,65000000,35%,Bonita
3 November 2025,2025-11-11,Djadjang,2,R11241,RBG004,"Jalan Raya Rembang - Blora, Sulang, Sulang, Rembang, Jawa Tengah, Jawa, 59255, Indonesia",-6.810137,111.380211,13,done,1,0,6 November 2025,3 December 2025,10875000,14500000,13000000,13000000,16,Bonita,baru,39000000,Kab. Rembang,2026-02-03,2031-02-02,2,Sarjono,7841,119995550,baru,5 December 2025,25 December 2025,selesai,17 December 2025,lunas,27,2025,2 January 2026,8,-5,27,1,12,16,60,0.00%,20,tercapai,2025,13000000,13000000,0%,Bonita
4 November 2025,2025-11-06,Hanif,6,R11246,KWG079,"Jalan Raya Syeh Quro, Palumbonsari, Karawang Timur, Karawang, Jawa Barat, Jawa, 41314, Indonesia",-6.294702,107.32959,12,done,1,0,19 December 2025,20 January 2026,50000000,58000000,58000000,58000000,18,Mirza,baru,174000000,Kab. Karawang,2026-02-20,2029-02-19,4,Trimo,7846,143477900,baru,24 January 2026,13 February 2026,selesai,9 February 2026,lunas,32,2025,13 February 2026,2,44,32,3,16,4,101,0.00%,20,tercapai,2025,58000000,58000000,0%,Mirza
4 November 2025,2025-11-11,Djadjang,2,R11258,PTI004,"Jalan Diponegoro, Kebromo, Tayu, Pati, Jawa Tengah, Jawa, Indonesia",-6.542019,111.052376,10,done,1,0,5 November 2025,16 December 2025,33750000,45000000,36666666,36666666,16,Bonita,baru,70000000,Kab. Pati,2026-02-01,2031-01-31,2,Sarjono,7858,129785050,baru,18 December 2025,7 January 2026,selesai,29 December 2025,lunas,41,2025,3 January 2026,7,-5,41,1,11,5,60,0.00%,20,tercapai,2025,36666666,36666666,0%,Bonita
5 November 2025,2025-11-05,salma,4,R11261,DPR021,"Jalan Waturenggong, Panjer, Denpasar Selatan, Kota Denpasar, Bali 80234",-8.678435,115.225609,12,done,1,0,5 November 2025,1 December 2025,49000000,70000000,60000000,60000000,4,salma,baru,300000000,Kota Denpasar,2026-02-01,2031-01-31,4,Trimo,7861,155593200,baru,8 December 2025,28 December 2025,selesai,29 December 2025,lunas,26,2025,2 January 2026,0,0,26,7,21,4,58,0.00%,20,tidak tercapai,2025,60000000,60000000,0%,salma
7 November 2025,2025-11-11,salma,4,R11272,KRG002,"Jl. Adi Sumarmo, Malangjiwan, Kec. Colomadu, Kabupaten Karanganyar, Jawa Tengah 57173",-7.53008,110.747871,15,done,1,0,14 November 2025,24 November 2025,42000000,45000000,45000000,45000000,18,Mirza,baru,135000000,Kab. Karanganyar,2026-01-24,2031-01-23,2,Sarjono,7872,152560050,baru,26 November 2025,16 December 2025,selesai,9 December 2025,lunas,10,2025,22 December 2025,4,3,10,1,13,13,45,0.00%,20,tercapai,2025,45000000,45000000,0%,Mirza
9 November 2025,2025-11-11,salma,4,R11276,KRG003,"Jl. Jend. Gatot Subroto, Ngijo, Kec. Tasikmadu, Kabupaten Karanganyar, Jawa Tengah",-7.575572,110.933357,10,done,1,0,9 November 2025,25 November 2025,22500000,30000000,28000000,28000000,4,salma,baru,84000000,Kab. Karanganyar,2025-12-25,2030-12-24,2,Sarjono,7876,132670800,baru,26 November 2025,16 December 2025,selesai,15 December 2025,lunas,16,2025,22 December 2025,2,-1,16,1,19,7,43,0.00%,20,tercapai,2025,28000000,28000000,0%,salma
9 November 2025,2025-11-11,salma,4,R11277,KRG004,"Jl. Lawu, Cangakan, Kec. Karanganyar, Kabupaten Karanganyar, Jawa Tengah 57712",-7.595756,110.947273,13,done,1,0,17 November 2025,25 November 2025,30000000,32000000,32000000,32000000,18,Mirza,baru,96000000,Kab. Karanganyar,2026-01-25,2031-01-24,2,Sarjono,7877,147481140,baru,28 November 2025,18 December 2025,selesai,15 December 2025,lunas,8,2025,10 January 2026,2,7,8,3,17,26,62,0.00%,20,tercapai,2025,32000000,32000000,0%,Mirza
10 November 2025,2025-11-11,Dika,17,R11280,SNG031,"Jl. Raya Wantilan-Cipeundeuy, Wantilan, Kec. Cipeundeuy, Kabupaten Subang, Jawa Barat 41272",-6.49729,107.599915,10,done,1,0,10 November 2025,20 November 2025,30000000,40000000,30000000,30000000,17,Dika,baru,90000000,Kab. Subang,2026-01-20,2031-01-19,6,Sendy,7880,139544350,baru,25 November 2025,23 December 2025,selesai,20 December 2025,lunas,10,2025,24 December 2025,1,-1,10,4,25,4,44,0.00%,28,tercapai,2025,30000000,30000000,0%,Dika
10 November 2025,2025-11-11,Dika,17,R11281,SNG032,"Jl. Raden Ajeng Kartini No25 Rt027 Rw010, Soklat, Kec. Subang, Kabupaten Subang, Jawa Barat 41215",-6.574745,107.768974,15,done,1,0,10 November 2025,20 November 2025,30000000,40000000,30000000,30000000,17,Dika,baru,90000000,Kab. Subang,2025-12-20,2030-12-19,6,Sendy,7881,132909750,baru,24 November 2025,16 December 2025,selesai,15 December 2025,lunas,10,2025,18 December 2025,1,-1,10,3,21,3,38,0.00%,22,tercapai,2025,30000000,30000000,0%,Dika
11 November 2025,2025-11-11,Bonita,16,R11290,GRT040,"Jl. Mandala Giri No.72, Rt02 Rw05, Pakuwon, Kec. Garut Kota, Kabupaten Garut, Jawa Barat",-7.213207,107.905678,20,done,1,0,21 November 2025,2 December 2025,42000000,45000000,45000000,45000000,18,Mirza,baru,135000000,Kab. Garut,2026-02-02,2031-02-01,3,CV. Rizki Mitra Abadi,7890,127915150,baru,6 December 2025,26 December 2025,selesai,29 December 2025,lunas,11,2025,30 December 2025,0,11,11,3,23,1,49,0.00%,20,tidak tercapai,2025,45000000,45000000,0%,Mirza
14 November 2025,2025-11-19,Dika,17,R11308,PDR004,"Jl. Raya Cijulang, Cijulang, Kec. Cijulang, Kab. Pangandaran, Jawa Barat 46365",-7.729387,108.473747,10,done,1,0,14 November 2025,12 December 2025,30000000,40000000,30000000,30000000,17,Dika,baru,90000000,Kab. Pangandaran,2026-02-12,2031-02-11,4,Trimo,7908,149919925,baru,15 December 2025,4 January 2026,selesai,22 January 2026,lunas,28,2025,31 January 2026,5,-4,28,3,38,9,78,0.00%,20,tidak tercapai,2025,30000000,30000000,0%,Dika
14 November 2025,2025-11-19,Dika,17,R11309,PDR005,"Jl. Merdeka, Pananjung, Kec. Pangandaran, Kab. Pangandaran, Jawa Barat 46396",-7.683752,108.651711,16.5,done,1,0,14 November 2025,12 December 2025,30000000,40000000,35000000,35000000,17,Dika,baru,105000000,Kab. Pangandaran,2026-02-12,2031-02-11,4,Trimo,7909,145664945,baru,16 December 2025,5 January 2026,selesai,14 January 2026,lunas,28,2025,20 January 2026,5,-4,28,3,29,6,67,0.00%,20,tidak tercapai,2025,35000000,35000000,0%,Dika
15 November 2025,2025-12-09,Dika,17,R11312,GGP046,"Jl. Outer Ring Road, Duri Kosambi, Kecamatan Cengkareng, Kota Jakarta Barat, Daerah Khusus Ibukota Jakarta 11750",-6.171346,106.727806,7,done,1,0,15 November 2025,17 December 2025,37500000,50000000,40000000,40000000,17,Dika,baru,120000000,Kota Jakarta Barat,2026-02-17,2031-02-16,2,Sarjono,7912,127468375,baru,19 December 2025,8 January 2026,selesai,31 December 2025,lunas,32,2025,3 January 2026,24,-24,32,1,12,3,49,0.00%,20,tercapai,2025,40000000,40000000,0%,Dika
15 November 2025,2026-03-16,Dika,17,R11313,PDR0006,"Jl. Raya Kalipucang, Kalipucang, Kec. Kalipucang, Kab. Pangandaran, Jawa Barat 46397",-7.639049,108.752831,10,done,1,0,15 November 2025,17 March 2026,26250000,35000000,25000000,25000000,17,Dika,baru,75000000,Kab. Pangandaran,2026-05-17,2031-05-16,4,Trimo,7913,163089060,baru,28 March 2026,24 April 2026,selesai,17 April 2026,lunas,122,2025,,121,-121,122,10,20,,,0.00%,27,tercapai,2025,25000000,25000000,0%,Dika
16 November 2025,2025-11-19,salma,4,R11315,DPK062,"Jl. Raya Bogor Km3.5, Sukamaju Baru, Kec. Tapos, Kota Depok, Jawa Barat 16462",-6.404774,106.861862,12,done,1,0,27 November 2025,5 December 2025,15000000,15000000,30000000,30000000,18,Mirza,baru,90000000,Kota Depok,2026-02-05,2031-02-04,4,Trimo,7915,138245700,baru,8 December 2025,28 December 2025,selesai,2 January 2026,lunas,8,2025,3 January 2026,3,8,8,2,25,1,48,0.00%,20,tidak tercapai,2025,30000000,30000000,0%,Mirza
17 November 2025,2025-11-19,Djadjang,2,R11323,DPK061,"Jalan Raya Pengasinan, Pengasinan, Sawangan, Depok, Jawa Barat, Jawa, 16518, Indonesia",-6.426484,106.752205,8.5,done,1,0,24 November 2025,4 December 2025,18750000,23000000,23000000,23000000,18,Mirza,baru,69000000,Kota Depok,2026-02-04,2031-02-03,4,Trimo,7923,139831650,baru,12 December 2025,1 January 2026,selesai,9 January 2026,lunas,10,2025,14 January 2026,2,5,10,8,28,5,58,0.00%,20,tidak tercapai,2025,23000000,23000000,0%,Mirza
17 November 2025,2025-11-19,Djadjang,2,R11327,DPK060,"Jalan Raya Pasir Putih, Pasir Putih, Sawangan, Depok, Jawa Barat, Jawa, 16519, Indonesia",-6.413516,106.780518,9,done,1,0,28 November 2025,4 December 2025,26250000,34000000,34000000,34000000,18,Mirza,baru,102000000,Kota Depok,2026-01-01,2030-12-30,4,Trimo,7927,162936900,baru,9 December 2025,1 January 2026,selesai,27 December 2025,lunas,6,2025,2 January 2026,2,10,6,5,18,6,46,0.00%,23,tercapai,2025,34000000,34000000,0%,Mirza
18 November 2025,2025-11-19,Hanif,6,R11339,SNG034,"Jalan Raya Dangdeur-Cidahu, Cidahu, Subang, Jawa Barat, Jawa, 41271, Indonesia",-6.540548,107.738792,7,done,1,0,19 November 2025,8 December 2025,18750000,25000000,22000000,22000000,16,Bonita,baru,66000000,Kab. Subang,2026-02-06,2031-02-05,3,CV. Rizki Mitra Abadi,7939,126218450,baru,12 December 2025,1 January 2026,selesai,6 January 2026,lunas,19,2025,8 January 2026,1,0,19,4,25,2,51,0.00%,20,tidak tercapai,2025,22000000,22000000,0%,Bonita
18 November 2025,2025-11-19,salma,4,R11343,SNG033,"Jalan Sukaseneng, Compreng, Kec. Compreng, Kabupaten Subang, Jawa Barat 41258",-6.350559,107.87484,24,done,1,0,18 November 2025,28 November 2025,22500000,30000000,24000000,24000000,4,salma,baru,72000000,Kab. Subang,2026-01-28,2031-01-27,3,CV. Rizki Mitra Abadi,7943,134080200,baru,2 December 2025,25 December 2025,selesai,26 December 2025,lunas,10,2025,29 December 2025,1,0,10,4,24,3,41,0.00%,23,tidak tercapai,2025,24000000,24000000,0%,salma
19 November 2025,2025-11-19,Bonita,16,R11345,TNG047,"Jl. Empu Gandring, Cibodas Baru, Kec. Cibodas, Kota Tangerang, Banten",-6.20161,106.606003,12,done,1,0,19 November 2025,13 January 2026,41250000,55000000,40000000,40000000,16,Bonita,baru,120000000,Kota Tangerang,2026-01-28,2031-01-27,3,CV. Rizki Mitra Abadi,7945,127807500,baru,19 January 2026,10 February 2026,selesai,11 February 2026,lunas,55,2025,18 February 2026,0,0,55,5,23,7,91,0.00%,22,tidak tercapai,2025,40000000,40000000,0%,Bonita
21 November 2025,2025-11-24,Dika,17,R11354,TGR059,"Jl. Raya Kresek, Saga, Balaraja, Kabupaten Tangerang, Banten 15610",-6.177315,106.447868,13,done,1,0,28 November 2025,6 December 2025,44100000,53000000,53000000,53000000,18,Mirza,baru,159000000,Kab. Tangerang,2026-02-06,2031-02-05,5,Edwin,7954,143935150,baru,9 December 2025,29 December 2025,selesai,3 January 2026,lunas,8,2025,7 January 2026,3,5,8,3,25,4,47,0.00%,20,tidak tercapai,2025,53000000,53000000,0%,Mirza
21 November 2025,2025-11-24,Djadjang,2,R11355,BJR010,"Jalan Batulawang, Hegarsari, Pataruman, Banjar, Jawa Barat, Jawa, 46322, Indonesia",-7.379509,108.541824,30,done,1,0,22 November 2025,26 January 2026,37500000,50000000,38000000,38000000,16,Bonita,baru,114000000,Kota Banjar,2026-02-26,2031-02-25,5,Edwin,7955,160633675,baru,30 January 2026,24 February 2026,selesai,28 February 2026,lunas,65,2025,3 March 2026,3,-2,65,3,29,3,102,0.00%,25,tidak tercapai,2025,38000000,38000000,0%,Bonita
21 November 2025,2025-11-24,Djadjang,2,R11356,BJR008,"Jalan Dr. Husein Kartasasmita, Banjar, Banjar, Banjar, Jawa Barat, Jawa, 46331, Indonesia",-7.36936,108.534355,15,done,1,0,22 November 2025,3 December 2025,15000000,20000000,18500000,18500000,16,Bonita,baru,92500000,Kota Banjar,2026-02-03,2031-02-02,3,CV. Rizki Mitra Abadi,7956,137734500,baru,9 December 2025,2 January 2026,selesai,5 January 2026,lunas,11,2025,8 January 2026,3,-2,11,5,27,3,48,0.00%,24,tidak tercapai,2025,18500000,18500000,0%,Bonita
21 November 2025,2025-11-24,Djadjang,2,R11358,BJR009,"Jalan Sudiro W, Banjar, Kec. Banjar, Kota Banjar, Jawa Barat, Jawa, 46300, Indonesia",-7.371071,108.540726,19,done,1,0,5 December 2025,11 December 2025,21000000,23000000,23000000,23000000,18,Mirza,baru,69000000,Kota Banjar,2026-02-11,2031-02-10,3,CV. Rizki Mitra Abadi,7958,140174750,baru,16 December 2025,9 January 2026,selesai,10 January 2026,lunas,6,2025,14 January 2026,3,11,6,4,25,4,54,0.00%,24,tidak tercapai,2025,23000000,23000000,0%,Mirza
21 November 2025,2025-11-24,Dika,17,R11359,CKG066,"Jl. Sunan Giri, Rawamangun, Kec. Pulo Gadung, Kota Jakarta Timur, Daerah Khusus Ibukota Jakarta 13220",-6.193739,106.884285,11,done,1,0,21 November 2025,5 December 2025,30000000,40000000,37000000,37000000,17,Dika,baru,111000000,Kota Jakarta Timur,2026-01-05,2031-01-04,6,Sendy,7959,124559500,baru,9 December 2025,2 January 2026,selesai,30 December 2025,lunas,14,2025,2 January 2026,3,-2,14,3,21,3,42,0.00%,24,tercapai,2025,37000000,37000000,0%,Dika
22 November 2025,2025-11-24,Dika,17,R11362,SBR052,"Jl. Sunan Gunung Jati, Astana, Kec. Gunungjati, Kabupaten Cirebon, Jawa Barat 45151",-6.672408,108.542053,8,done,1,0,22 November 2025,11 December 2025,30000000,40000000,30000000,30000000,17,Dika,baru,90000000,Kab. Cirebon,2026-02-11,2031-02-10,2,Sarjono,7962,151970675,baru,31 December 2025,27 January 2026,selesai,30 January 2026,lunas,19,2025,31 January 2026,2,-2,19,20,30,1,70,0.00%,27,tidak tercapai,2025,30000000,30000000,0%,Dika
22 November 2025,2025-11-24,Dika,17,R11363,CJR028,"Jl. Raya Pagelaran-Cianjur, Pagelaran, Kec. Pagelaran, Kabupaten Cianjur, Jawa Barat 43266",-7.202411,107.143242,8,done,1,0,22 November 2025,9 December 2025,30000000,40000000,30000000,30000000,17,Dika,baru,90000000,Kab. Cianjur,2026-02-09,2031-02-08,2,Sarjono,7963,148460750,baru,12 December 2025,3 January 2026,selesai,5 January 2026,lunas,17,2025,12 January 2026,2,-2,17,2,24,7,51,0.00%,22,tidak tercapai,2025,30000000,30000000,0%,Dika
23 November 2025,2025-11-24,salma,4,R11370,SBM031,"Jl. Raya Cibolang, Desa Cimahi, Kec Cicantayan, Kab Sukabumi, Kabupaten Sukabumi, Jawa Barat 43152",-6.905612,106.874687,10,done,1,0,19 December 2025,2 January 2026,33000000,35000000,35000000,35000000,18,Mirza,baru,105000000,Kab. Sukabumi,2026-03-02,2031-03-01,3,CV. Rizki Mitra Abadi,7970,145998550,baru,6 January 2026,29 January 2026,selesai,27 January 2026,lunas,14,2025,31 January 2026,1,26,14,3,21,4,69,0.00%,23,tercapai,2025,35000000,35000000,0%,Mirza
24 November 2025,2025-11-24,Dika,17,R11371,CMS013,"Jl Warudoyong, Sindangherang, Kec. Panumbangan, Kabupaten Ciamis, Jawa Barat 46263",-7.125504,108.221153,15,done,1,0,24 November 2025,11 December 2025,26250000,35000000,30000000,30000000,17,Dika,baru,90000000,Kab. Ciamis,2026-02-11,2031-02-10,5,Edwin,7971,164915725,baru,15 December 2025,4 January 2026,selesai,7 January 2026,lunas,17,2025,10 January 2026,0,0,17,3,23,3,47,0.00%,20,tidak tercapai,2025,30000000,30000000,0%,Dika
24 November 2025,2025-11-24,salma,4,R11378,CJR029,"Jl. Mekar Galih - Cinangsi, Cinangsi, Kec. Cikalongkulon, Kabupaten Cianjur, Jawa Barat 43291",-6.72429,107.212196,25,done,1,0,6 December 2025,15 December 2025,20250000,26000000,26000000,26000000,18,Mirza,baru,78000000,Kab. Cianjur,2026-02-15,2031-02-14,5,Edwin,7978,129997000,baru,25 December 2025,15 January 2026,selesai,15 January 2026,lunas,9,2025,17 January 2026,0,12,9,9,21,2,54,0.00%,21,tidak tercapai,2025,26000000,26000000,0%,Mirza
25 November 2025,2025-11-29,salma,4,R11390,BKS084,"Jl. Nurtanio RT.005/RW.013, Jatisari, Jatiasih, Bekasi, West Java 17426",-6.337357,106.951706,15,done,1,0,8 December 2025,22 December 2025,30000000,37000000,37000000,37000000,18,Mirza,baru,111000000,Kab. Bekasi,2026-01-20,2031-01-19,6,Sendy,7990,123356750,baru,24 December 2025,13 January 2026,selesai,13 January 2026,lunas,14,2025,17 January 2026,4,9,14,1,20,4,53,0.00%,20,tidak tercapai,2025,37000000,37000000,0%,Mirza
26 November 2025,2025-11-29,salma,4,R11398,DPK063,"Jl. Raya Leuwinanggung, Leuwinanggung, Kec. Tapos, Kota Depok, Jawa Barat 16456",-6.403856,106.905708,6,done,1,0,26 November 2025,18 December 2025,13500000,18000000,15000000,15000000,4,salma,baru,45000000,Kota Depok,2026-02-18,2031-02-17,3,CV. Rizki Mitra Abadi,7998,136050425,baru,23 December 2025,15 January 2026,selesai,15 January 2026,lunas,22,2025,20 January 2026,3,-2,22,4,23,5,55,0.00%,23,tidak tercapai,2025,15000000,15000000,0%,salma
1 December 2025,2025-12-05,salma,4,R11406,TGR060,"Jl. Harapankita No.18 Blok C3, Bencongan Indah, Kecamatan Kelapa Dua, Kabupaten Tangerang, Banten 15810",-6.2196,106.601784,9.8,done,1,0,1 December 2025,24 December 2025,45500000,65000000,60000000,60000000,4,salma,baru,180000000,Kab. Tangerang,2026-01-08,2031-01-07,2,Sarjono,8006,152822300,baru,29 December 2025,19 January 2026,selesai,13 January 2026,lunas,23,2025,20 January 2026,4,-3,23,4,15,7,50,0.00%,21,tercapai,2025,60000000,60000000,0%,salma
4 December 2025,2025-12-05,Hanif,6,R11429,SBY002,"Jalan Karang Tembok, Pegirian, Semampir, Surabaya, Jawa Timur, Jawa, 60151, Indonesia",-7.224144,112.748466,12,done,1,0,5 December 2025,16 December 2025,32250000,43000000,37000000,37000000,16,Bonita,baru,111000000,Kota Surabaya,2026-02-16,2031-02-15,4,Trimo,8029,144283500,baru,4 February 2026,24 February 2026,selesai,9 March 2026,lunas,11,2025,12 March 2026,1,0,11,49,33,3,98,0.00%,20,tidak tercapai,2025,37000000,37000000,0%,Bonita
5 December 2025,2026-05-05,Hanif,6,R11436,SBY007,"Jalan Manukan Tengah, Kelurahan Manukan Kulon, Kecamatan Tandes, Kota Surabaya, Jawa Timur",-7.261374,112.661667,16,mirza,1,0,2 June 2026,17 June 2026,55000000,60000000,75000000,57500000,18,Mirza,baru,172500000,Kota Surabaya,2026-08-17,2031-08-16,2,Sarjono,8036,131265600,baru,21 July 2026,15 August 2026,selesai,5 August 2026,lunas,15,2025,11 August 2026,151,28,16,33,15,6,249,23.33%,25,tercapai,2025,75000000,57500000,23%,Mirza
5 December 2025,2025-12-05,Hanif,6,R11439,SBY003,"Jalan Raya Benowo, Benowo, Pakal, Surabaya, Jawa Timur, Jawa, 60195, Indonesia",-7.234949,112.611732,15,done,1,0,5 December 2025,16 December 2025,37500000,50000000,42000000,42000000,16,Bonita,baru,126000000,Kota Surabaya,2026-02-16,2031-02-15,13,Prawiro anggono,8039,140059000,baru,30 January 2026,19 February 2026,selesai,4 March 2026,lunas,11,2025,5 March 2026,0,1,11,44,33,1,90,0.00%,20,tidak tercapai,2025,42000000,42000000,0%,Bonita
7 December 2025,2025-12-09,Djadjang,2,R11449,GGP047,"Jalan Basmol Raya, Kembangan Utara, Kembangan, Jakarta Barat, Daerah Khusus Ibukota Jakarta, Jawa, 11740, Indonesia",-6.164534,106.749573,11,done,1,0,8 December 2025,26 December 2025,45000000,60000000,55000000,55000000,16,Bonita,baru,165000000,Kota Jakarta Barat,2026-01-26,2031-01-25,12,Teguh Karyanto,8049,127385500,baru,10 January 2026,30 January 2026,selesai,2 February 2026,lunas,18,2025,5 February 2026,2,-1,18,15,23,3,60,0.00%,20,tidak tercapai,2025,55000000,55000000,0%,Bonita
10 December 2025,2025-12-16,Bonita,16,R11462,KNG020,"Jalan 11 April, Ciwaru, Kec. Ciwaru, Kabupaten Kuningan, Jawa Barat",-7.076016,108.627953,10,done,1,0,10 December 2025,3 February 2026,26250000,35000000,22000000,22000000,16,Bonita,baru,66000000,Kab. Kuningan,2026-04-03,2031-04-02,2,Sarjono,8062,128294050,baru,6 February 2026,26 February 2026,selesai,25 February 2026,lunas,55,2025,4 March 2026,6,-6,55,2,19,7,84,0.00%,20,tercapai,2025,22000000,22000000,0%,Bonita
10 December 2025,2025-12-23,Bonita,16,R11464,CJR031,"Jl. Raya Warung Bitung, Sukajadi, Kec. Campaka, Kabupaten Cianjur, Jawa Barat",-7.001138,107.141846,8,done,1,0,10 December 2025,15 January 2026,22500000,30000000,25000000,25000000,16,Bonita,baru,75000000,Kab. Cianjur,2026-03-15,2031-03-14,4,Trimo,8064,147977400,baru,18 January 2026,8 February 2026,selesai,9 February 2026,lunas,36,2025,13 February 2026,13,-12,36,2,22,4,65,0.00%,21,tidak tercapai,2025,25000000,25000000,0%,Bonita
10 December 2025,2025-12-16,Bonita,16,R11465,NPH025,"Jl. Raya Gadobangkong, Gadobangkong, Kec. Ngamprah, Kabupaten Bandung Barat, Jawa Barat",-6.868431,107.522308,9,done,1,0,10 December 2025,17 January 2026,26250000,35000000,30000000,30000000,16,Bonita,baru,90000000,Kab. Bandung Barat,2026-02-17,2031-02-16,5,Edwin,8065,125876500,baru,27 January 2026,23 February 2026,selesai,19 February 2026,lunas,38,2025,24 February 2026,6,-5,38,10,23,5,76,0.00%,27,tercapai,2025,30000000,30000000,0%,Bonita
10 December 2025,2025-12-16,salma,4,R11466,CBI111,"Jalan Abdul Fatah, Cibitung Tengah, Kec. Tenjolaya, Kabupaten Bogor, Jawa Barat",-6.618028,106.695152,20,done,1,0,10 December 2025,23 December 2025,13500000,18000000,14000000,14000000,4,salma,baru,42000000,Kab. Bogor,2026-01-23,2031-01-22,2,Sarjono,8066,124731050,baru,24 December 2025,13 January 2026,selesai,6 January 2026,lunas,13,2025,10 January 2026,6,-5,13,1,13,4,31,0.00%,20,tercapai,2025,14000000,14000000,0%,salma
13 December 2025,2025-12-16,salma,4,R11486,CJR030,"Jalan Raya Sukabumi, Sirnagalih, Kec. Cilaku, Kabupaten Cianjur, Jawa Barat",-6.846117,107.120338,10,done,1,0,13 December 2025,22 December 2025,13500000,18000000,14000000,14000000,4,salma,baru,42000000,Kab. Cianjur,2026-02-22,2031-02-21,2,Sarjono,8086,139665950,baru,2 January 2026,24 January 2026,selesai,19 January 2026,lunas,9,2025,23 January 2026,3,-2,9,10,17,4,41,0.00%,22,tercapai,2025,14000000,14000000,0%,salma
13 December 2025,2025-12-22,salma,4,R11491,CBI120,"Jalan Pasar Cigombong, Cigombong, Kec. Cigombong, Kabupaten Bogor, Jawa Barat 16110",-6.747709,106.798767,10,done,1,0,13 December 2025,16 February 2026,26250000,35000000,28000000,28000000,4,salma,baru,84000000,Kab. Bogor,2026-03-16,2031-03-15,4,Trimo,8091,138385710,baru,21 February 2026,13 March 2026,selesai,13 March 2026,lunas,65,2025,24 March 2026,9,-8,65,5,20,11,101,0.00%,20,tidak tercapai,2025,28000000,28000000,0%,salma
14 December 2025,2025-12-16,Djadjang,2,R11500,BDG033,"Jalan Raya Kopo, Babakan Asih, Bojongloa Kaler, Kota Bandung, Jawa, 40232, Indonesia",-6.935304,107.595741,15,done,1,0,5 January 2026,12 January 2026,38000000,42000000,42000000,42000000,18,Mirza,baru,126000000,Kota Bandung,2026-02-12,2031-02-11,3,CV. Rizki Mitra Abadi,8100,125582080,baru,17 January 2026,8 February 2026,selesai,6 February 2026,lunas,7,2025,13 February 2026,2,20,7,4,20,7,61,0.00%,22,tercapai,2025,42000000,42000000,0%,Mirza
14 December 2025,2025-12-16,Djadjang,2,R11502,BDG031,"Jalan AH Nasution, Sukamiskin, Arcamanik, Kota Bandung, Jawa, 40195, Indonesia",-6.904955,107.679268,11,done,1,0,22 December 2025,2 January 2026,45000000,45000000,45000000,45000000,18,Mirza,baru,135000000,Kota Bandung,2026-02-02,2031-02-01,5,Edwin,8102,129574400,baru,5 January 2026,28 January 2026,selesai,22 January 2026,lunas,11,2025,26 January 2026,2,7,11,2,17,4,43,0.00%,23,tercapai,2025,45000000,45000000,0%,Mirza
14 December 2025,2025-12-16,salma,4,R11506,CJR032,"Jl. Arif Rahman Hakim, Solokpandan, Kec. Cianjur, Kabupaten Cianjur, Jawa Barat 43214",-6.81918,107.147072,9,done,1,0,19 January 2026,23 January 2026,38000000,38000000,38000000,38000000,18,Mirza,baru,76000000,Kab. Cianjur,2026-03-23,2031-03-22,2,Sarjono,8106,141088800,baru,29 January 2026,18 February 2026,selesai,18 February 2026,lunas,4,2025,24 February 2026,2,34,4,5,20,6,72,0.00%,20,tidak tercapai,2025,38000000,38000000,0%,Mirza
15 December 2025,2025-12-16,Djadjang,2,R11510,BDG032,"Jalan Gedebage Selatan, Babakan Penghulu, Cinambo, Kota Bandung, Jawa, 40621, Indonesia",-6.939449,107.692154,12,done,1,0,15 December 2025,7 January 2026,26250000,35000000,28000000,28000000,16,Bonita,baru,84000000,Kota Bandung,2026-03-07,2029-03-06,3,CV. Rizki Mitra Abadi,8110,124238900,baru,9 January 2026,31 January 2026,selesai,31 January 2026,lunas,23,2025,5 February 2026,1,0,23,1,22,5,52,0.00%,22,tidak tercapai,2025,28000000,28000000,0%,Bonita
16 December 2025,2025-12-22,Hanif,6,R11516,TMG006,"Jl. WR Supratman, Jampiroso, Temanggung, Temanggung, Jawa Tengah, Jawa, 56216, Indonesia",-7.316434,110.182915,10,done,1,0,16 December 2025,22 January 2026,33750000,45000000,36000000,36000000,16,Bonita,baru,108000000,Kab. Temanggung,2026-03-22,2031-03-21,2,Sarjono,8116,149010550,baru,24 January 2026,14 February 2026,selesai,7 February 2026,lunas,37,2025,14 February 2026,6,-5,37,1,14,7,60,0.00%,21,tercapai,2025,36000000,36000000,0%,Bonita
16 December 2025,2025-12-22,Hanif,6,R11522,TMG005,"Jalan Brigjen Katamso,  Mandisari, Parakan, Temanggung, Jawa Tengah, Jawa, 56254, Indonesia",-7.278468,110.097725,13,done,1,0,16 December 2025,3 January 2026,18750000,25000000,21000000,21000000,16,Bonita,baru,105000000,Kab. Temanggung,2026-03-03,2031-03-02,2,Sarjono,8122,123359800,baru,5 January 2026,25 January 2026,selesai,17 January 2026,lunas,18,2025,26 January 2026,6,-5,18,1,12,9,41,0.00%,20,tercapai,2025,21000000,21000000,0%,Bonita
16 December 2025,2025-12-16,salma,4,R11523,SRG040,"Jalan Bojonegara, Kertasana, Kec. Bojonegara, Kabupaten Serang, Banten 42454",-5.995736,106.075821,12,done,1,0,22 December 2025,27 December 2025,36000000,36000000,36000000,36000000,18,Mirza,baru,108000000,Kab. Serang,2026-02-27,2031-02-26,3,CV. Rizki Mitra Abadi,8123,128840900,baru,6 January 2026,26 January 2026,selesai,28 January 2026,lunas,5,2025,31 January 2026,0,7,5,10,22,3,46,0.00%,20,tidak tercapai,2025,36000000,36000000,0%,Mirza
16 December 2025,2025-12-22,salma,4,R11530,SRG041,"Jl. Raya Waringin Kurung, Harjatani, Kec. Kramatwatu, Kabupaten Serang, Banten",-6.051246,106.071671,16,done,1,0,16 December 2025,5 January 2026,42000000,60000000,45000000,45000000,4,salma,baru,135000000,Kab. Serang,2026-03-05,2031-03-04,3,CV. Rizki Mitra Abadi,8130,147389250,baru,10 January 2026,1 February 2026,selesai,2 February 2026,lunas,20,2025,5 February 2026,6,-5,20,5,23,3,51,0.00%,22,tidak tercapai,2025,45000000,45000000,0%,salma
17 December 2025,2025-12-22,Dika,17,R11539,BBS018,"Jalan Kauman, Bentar, Salem, Brebes Regency, Central Java",-7.150832,108.809013,12,done,1,0,17 December 2025,19 January 2026,22500000,30000000,25000000,25000000,17,Dika,baru,75000000,Kab. Brebes,2026-03-19,2031-03-18,2,Sarjono,8139,124807800,baru,21 January 2026,12 February 2026,selesai,5 February 2026,lunas,33,2025,2 March 2026,5,-5,33,1,15,25,75,0.00%,22,tercapai,2025,25000000,25000000,0%,Dika
17 December 2025,2025-12-22,Dika,17,R11540,BBS017,"Jalan Raya Bayangbang, Bangbayang, Bantarkawung, Brebes Regency, Central Java 52274",-7.211046,108.90937,10,done,1,0,17 December 2025,19 January 2026,26250000,35000000,30000000,30000000,17,Dika,baru,90000000,Kab. Brebes,2026-03-19,2031-03-18,2,Sarjono,8140,148279162,baru,21 January 2026,13 February 2026,selesai,6 February 2026,lunas,33,2025,13 February 2026,5,-5,33,1,16,7,58,0.00%,23,tercapai,2025,30000000,30000000,0%,Dika
17 December 2025,2025-12-22,Dika,17,R11541,BBS019,"Jalan Bumiayu-Bantarkawung Raya, Pangebatan, Bantarkawung, Brebes Regency, Central Java",-7.250079,108.954269,25,done,1,0,17 December 2025,12 February 2026,26250000,35000000,25000000,25000000,17,Dika,baru,75000000,Kab. Brebes,2026-04-12,2031-04-11,2,Sarjono,8141,141987800,baru,13 February 2026,5 March 2026,selesai,2 March 2026,lunas,57,2025,10 March 2026,5,-5,57,1,17,8,83,0.00%,20,tercapai,2025,25000000,25000000,0%,Dika
17 December 2025,2025-12-22,Hanif,6,R11547,SGN007,"Jalan Veteran, Krojo, Karang Malang, Sragen, Jawa Tengah, Jawa, 57211, Indonesia",-7.43427,111.024002,10,done,1,0,17 December 2025,23 January 2026,24000000,32000000,30000000,30000000,16,Bonita,baru,90000000,Kab. Sragen,2026-02-12,2031-02-11,2,Sarjono,8147,117013800,baru,24 January 2026,13 February 2026,selesai,10 February 2026,lunas,37,2025,18 February 2026,5,-4,37,0,17,8,63,0.00%,20,tercapai,2025,30000000,30000000,0%,Bonita
17 December 2025,2025-12-22,Hanif,6,R11549,SGN006,"Jalan RA Kartini Candi Baru, Kelurahan  Plumbungan, Kecamatan Karangmalang, Sragen, Jawa Tengah, Jawa, 57215, Indonesia",-7.43166,111.039009,8,done,1,0,18 December 2025,30 December 2025,18750000,25000000,18000000,18000000,16,Bonita,baru,54000000,Kab. Sragen,2026-03-01,2031-02-28,2,Sarjono,8149,141264800,baru,5 January 2026,28 January 2026,selesai,21 January 2026,lunas,12,2025,3 February 2026,5,-4,12,5,16,13,48,0.00%,23,tercapai,2025,18000000,18000000,0%,Bonita
17 December 2025,2026-01-06,salma,4,R11555,CBI118,"Jl. Cisauk Cicangkal, Sukamulya, Kec. Rumpin, Kabupaten Bogor, Jawa Barat 16350",-6.363282,106.636063,10,done,1,0,15 January 2026,10 February 2026,24000000,27500000,28000000,27500000,18,Mirza,baru,82500000,Kab. Bogor,2026-02-25,2031-02-24,4,Trimo,8155,129160050,baru,14 February 2026,6 March 2026,selesai,2 March 2026,lunas,26,2025,4 March 2026,20,9,26,3,16,2,77,1.79%,20,tercapai,2025,28000000,27500000,2%,Mirza
17 December 2025,2025-12-22,salma,4,R11556,SNG035,"Jalan Pasar Baru, Cigadung, Kec. Subang, Kabupaten Subang, Jawa Barat 41211",-6.569479,107.757965,11,done,1,0,17 December 2025,8 January 2026,30000000,40000000,35000000,35000000,4,salma,baru,105000000,Kab. Subang,2026-02-08,2031-02-07,2,Sarjono,8156,165951200,baru,12 January 2026,3 February 2026,selesai,31 January 2026,lunas,22,2025,9 February 2026,5,-4,22,3,19,9,54,0.00%,22,tercapai,2025,35000000,35000000,0%,salma
18 December 2025,2025-12-22,Hanif,6,R11559,KLN010,"Jalan Kartini, Mojayan, Klaten, Jawa Tengah, Jawa, 57412, Indonesia",-7.711966,110.6082,7,done,1,0,18 December 2025,8 January 2026,7500000,10000000,8000000,8000000,16,Bonita,baru,40000000,Kab. Klaten,2026-03-08,2031-03-07,4,Trimo,8159,136186333,baru,12 January 2026,2 February 2026,selesai,11 February 2026,lunas,21,2025,14 February 2026,4,-3,21,3,30,3,58,0.00%,21,tidak tercapai,2025,8000000,8000000,0%,Bonita
18 December 2025,2026-01-06,Hanif,6,R11565,KLN011,"Jalan Raya Jatinom-Boyolali, Desa Tulung, Kecamatan Tulung, Kabupaten Klaten, Jawa Tengah",-7.589636,110.62178,20,done,1,0,2 April 2026,13 April 2026,20000000,20000000,25000000,20000000,18,Mirza,baru,60000000,Kab. Klaten,2026-05-13,2031-05-12,2,Sarjono,8165,153730180,baru,16 April 2026,6 May 2026,selesai,4 May 2026,lunas,11,2025,8 May 2026,19,86,11,2,18,4,141,20.00%,20,tercapai,2025,25000000,20000000,20%,Mirza
19 December 2025,2026-01-07,Dika,17,R11573,PBG010,"Jl. Raya Padamara, Bojanegara, Kec. Padamara, Kabupaten Purbalingga, Jawa Tengah 53372",-7.384725,109.333603,6.5,done,1,0,19 December 2025,20 January 2026,22500000,30000000,24000000,24000000,17,Dika,baru,72000000,Kab. Purbalingga,2026-02-20,2031-02-19,5,Edwin,8173,126093000,baru,24 January 2026,21 February 2026,selesai,16 February 2026,lunas,32,2025,24 February 2026,19,-18,32,3,23,8,67,0.00%,28,tercapai,2025,30000000,24000000,20%,Bonita
22 December 2025,2026-01-07,salma,4,R11583,CBI114,"Jalan Ciangsana, Ciangsana, Kec. Gn. Putri, Kabupaten Bogor, Jawa Barat",-6.34168,106.964378,12.5,done,1,0,17 January 2026,24 January 2026,22000000,23000000,25000000,23000000,18,Mirza,baru,69000000,Kab. Bogor,2026-03-24,2031-03-23,2,Sarjono,8183,132371775,baru,26 January 2026,17 February 2026,selesai,16 February 2026,lunas,7,2025,20 February 2026,16,10,7,2,21,4,60,8.00%,22,tercapai,2025,25000000,23000000,8%,Mirza
23 December 2025,2026-01-07,Djadjang,2,R11588,CPT033,"Jl. Ciater Barat, Ciater, Serpong, Tangerang Selatan, Banten, Jawa, 15317, Indonesia",-6.326298,106.684525,7,done,1,0,24 December 2025,14 January 2026,33750000,45000000,38000000,38000000,16,Bonita,baru,114000000,Kota Tangerang Selatan,2026-03-14,2031-03-13,2,Sarjono,8188,124082350,baru,15 January 2026,4 February 2026,selesai,29 January 2026,lunas,21,2025,3 February 2026,15,-14,21,1,14,5,42,0.00%,20,tercapai,2025,45000000,38000000,16%,Bonita
24 December 2025,2026-01-07,salma,4,R11594,CBI115,"Jl. Raya Jakarta-Bogor, Pakansari, Kec. Cibinong, Kabupaten Bogor, Jawa Barat 16915",-6.486101,106.843452,15,done,1,0,24 December 2025,26 January 2026,26250000,35000000,30000000,30000000,4,salma,baru,90000000,Kab. Bogor,2026-03-26,2031-03-25,12,Teguh Karyanto,8194,147034500,baru,29 January 2026,18 February 2026,selesai,23 February 2026,lunas,33,2025,2 March 2026,14,-13,33,2,25,7,68,0.00%,20,tidak tercapai,2025,30000000,30000000,0%,salma
24 December 2025,2026-01-31,Djadjang,2,R11596,GGP049,"Jalan Peta Utara, Pegadungan, Kalideres, Jakarta Barat, Daerah Khusus Ibukota Jakarta, Jawa, 11830, Indonesia",-6.134086,106.702888,70.5,done,1,0,6 February 2026,16 February 2026,41000000,43000000,43000000,43000000,16,Bonita,baru,129000000,Kota Jakarta Barat,2026-03-09,2031-03-08,2,Sarjono,8196,130926300,baru,19 February 2026,11 March 2026,selesai,11 March 2026,lunas,10,2025,14 March 2026,38,6,10,2,20,3,80,0.00%,20,tidak tercapai,2025,50000000,43000000,14%,Bonita
26 December 2025,2026-01-07,salma,4,R11605,CBI112,"Jl. Raya Dago, Cikuda, Kec. Parung Panjang, Kabupaten Bogor, Jawa Barat 16360",-6.366154,106.586578,18,done,1,0,15 January 2026,21 January 2026,24000000,25000000,27000000,25000000,18,Mirza,baru,75000000,Kab. Bogor,2026-03-21,2031-03-20,2,Sarjono,8205,142499100,baru,22 January 2026,14 February 2026,selesai,6 February 2026,lunas,6,2025,13 February 2026,12,8,6,1,15,7,49,7.41%,23,tercapai,2025,27000000,25000000,7%,Mirza
27 December 2025,2026-01-07,salma,4,R11606,GRT042,"Jalan Warungpeuteuy, Sukaraja, Kec. Banyuresmi, Kabupaten Garut, Jawa Barat",-7.154162,107.900703,12,done,1,0,9 January 2026,20 January 2026,12000000,12000000,15000000,12000000,18,Mirza,baru,60000000,Kab. Garut,2026-02-10,2031-02-09,5,Edwin,8206,103555900,baru,22 January 2026,11 February 2026,selesai,6 February 2026,lunas,11,2025,14 February 2026,11,3,11,1,15,8,49,20.00%,20,tercapai,2025,15000000,12000000,20%,Mirza
27 December 2025,2026-01-07,salma,4,R11608,GRT041,"Jl. Ir. H. Juanda, Keresek, Kec. Cibatu, Kabupaten Garut, Jawa Barat 44185",-7.09948,107.983818,6,done,1,0,27 December 2025,15 January 2026,37500000,50000000,39000000,39000000,4,salma,baru,117000000,Kab. Garut,2026-03-15,2031-03-14,5,Edwin,8208,134610175,baru,18 January 2026,16 February 2026,selesai,6 February 2026,lunas,19,2025,13 February 2026,11,-11,19,2,19,7,48,0.00%,29,tercapai,2025,50000000,39000000,22%,Bonita
27 December 2025,2026-01-07,salma,4,R11611,GRT043,"Jln Raya Pasirwangi, Pasirwangi, Kec. Pasirwangi, Kabupaten Garut, Jawa Barat 44161",-7.215131,107.783813,12,done,1,0,10 January 2026,21 January 2026,11250000,12000000,15000000,12000000,18,Mirza,baru,60000000,Kab. Garut,2026-03-21,2031-03-20,5,Edwin,8211,132818025,baru,27 January 2026,18 February 2026,selesai,21 February 2026,lunas,11,2025,26 February 2026,11,3,11,5,25,5,61,20.00%,22,tidak tercapai,2025,15000000,12000000,20%,Mirza
28 December 2025,2026-01-07,salma,4,R11612,SNG036,"Jalan Raya  Ampera, Desa Tanjungsari Barat, Kec. Cikaum, Kabupaten Subang, Jawa Barat",-6.393457,107.74633,5,done,1,0,28 December 2025,14 January 2026,8250000,11000000,8000000,8000000,4,salma,baru,40000000,Kab. Subang,2026-03-14,2031-03-13,5,Edwin,8212,121757950,baru,17 January 2026,6 February 2026,selesai,2 February 2026,lunas,17,2025,5 February 2026,10,-9,17,2,16,3,39,0.00%,20,tercapai,2025,11000000,8000000,27%,Bonita
30 December 2025,2026-01-14,salma,4,R11615,IDM032,"Jl. Sebrang Wetan, Kertajaya, Kec. Bongas, Kabupaten Indramayu, Jawa Barat 45255",-6.380084,108.011826,13,done,1,0,20 January 2026,26 January 2026,11250000,11000000,15000000,11000000,18,Mirza,baru,55000000,Kab. Indramayu,2026-03-26,2031-03-25,3,CV. Rizki Mitra Abadi,8215,118708400,baru,29 January 2026,18 February 2026,selesai,23 February 2026,lunas,6,2025,25 February 2026,15,6,6,2,25,2,57,26.67%,20,tidak tercapai,2025,15000000,11000000,27%,Mirza
2 January 2026,2026-01-31,salma,4,R11638,IDM033,"Jl. Raya Pabean Udik, Desa Pabeanudik, Kecamatan Indramayu, Kabupaten Indramayu, Jawa Barat 45219",-6.317762,108.327431,10,done,1,0,2 January 2026,6 February 2026,18750000,25000000,20000000,20000000,4,salma,baru,100000000,Kab. Indramayu,2026-04-06,2031-04-05,2,Sarjono,8238,131941800,baru,9 February 2026,1 March 2026,selesai,23 February 2026,lunas,35,2026,2 March 2026,29,-28,35,2,14,7,59,0.00%,20,tercapai,2026,25000000,20000000,20%,Bonita
5 January 2026,2026-01-14,salma,4,R11655,KWG080,"Jl. Raya Pangkalan, Ciptasari, Kec. Pangkalan, Karawang, Jawa Barat 41362",-6.472485,107.214912,12,done,1,0,5 January 2026,28 January 2026,18750000,25000000,20000000,20000000,4,salma,baru,60000000,Kab. Karawang,2026-03-28,2031-03-27,4,Trimo,8255,168894338,baru,31 January 2026,28 February 2026,selesai,18 February 2026,lunas,23,2026,3 March 2026,9,-8,23,2,18,13,57,0.00%,28,tercapai,2026,25000000,20000000,20%,Bonita
6 January 2026,2026-01-07,Dika,17,R11661,CBI116,"Jalan Kapten Dasuki Bakri, Cibatok II, Kec. Cibungbulang, Kabupaten Bogor, Jawa Barat 16630",-6.586956,106.663376,10,done,1,0,6 January 2026,28 January 2026,15000000,20000000,15000000,15000000,17,Dika,baru,45000000,Kab. Bogor,2026-03-28,2031-03-27,2,Sarjono,8261,109289300,baru,29 January 2026,18 February 2026,selesai,20 February 2026,lunas,22,2026,27 February 2026,1,-1,22,1,22,7,52,0.00%,20,tidak tercapai,2026,20000000,15000000,25%,Bonita
6 January 2026,2026-01-14,Dika,17,R11666,CLG012,"Jalan Ahmad Yani, Jombang Wetan, Kec. Jombang, Kota Cilegon, Banten",-6.018751,106.055893,12,done,1,0,6 January 2026,23 January 2026,45500000,65000000,50000000,50000000,17,Dika,baru,150000000,Kota Cilegon,2026-03-23,2031-03-22,3,CV. Rizki Mitra Abadi,8266,130766862,baru,27 January 2026,18 February 2026,selesai,20 February 2026,lunas,17,2026,25 February 2026,8,-7,17,3,24,5,50,0.00%,22,tidak tercapai,2026,65000000,50000000,23%,Bonita
8 January 2026,2026-01-14,salma,4,R11676,CBI113,"Jl. Raya Ciomas, Ciomas Rahayu, Kec. Ciomas, Kabupaten Bogor, Jawa Barat 16610",-6.60253,106.768372,10,done,1,0,8 January 2026,21 January 2026,30000000,40000000,30000000,30000000,4,salma,baru,90000000,Kab. Bogor,2026-04-15,2031-04-14,2,Sarjono,8276,111720550,baru,16 February 2026,10 March 2026,selesai,28 February 2026,lunas,13,2026,3 March 2026,6,-5,13,25,12,3,54,0.00%,22,tercapai,2026,40000000,30000000,25%,Bonita
9 January 2026,2026-01-14,Hanif,6,R11681,CPT034,"Jalan Dr Setiabudi, Pamulang Timur, Pamulang, Tangerang Selatan, Banten, Jawa, 15417, Indonesia",-6.34705,106.744949,9,done,1,0,26 January 2026,29 January 2026,30000000,30000000,35000000,30000000,18,Mirza,baru,90000000,Kota Tangerang Selatan,2026-03-01,2031-02-28,3,CV. Rizki Mitra Abadi,8281,123459000,baru,3 February 2026,25 February 2026,selesai,23 February 2026,lunas,3,2026,28 February 2026,5,12,3,5,20,5,50,14.29%,22,tercapai,2026,35000000,30000000,14%,Mirza
10 January 2026,2026-01-14,salma,4,R11695,SKT008,"Jl. R. M. Said, Punggawan, Kec. Banjarsari, Kota Surakarta, Jawa Tengah 57132",-7.561296,110.818214,5,done,1,0,20 January 2026,27 January 2026,20000000,23000000,25000000,23000000,18,Mirza,baru,69000000,Kota Surakarta,2026-02-09,2031-02-08,4,Trimo,8295,134317150,baru,31 January 2026,20 February 2026,selesai,24 February 2026,lunas,7,2026,26 February 2026,4,7,7,3,24,2,47,8.00%,20,tidak tercapai,2026,25000000,23000000,8%,Mirza
11 January 2026,2026-01-14,salma,4,R11701,NPH027,"Jalan Ciwaruga, Kelurahan  Ciwaruga, Kecamatan Parongpong, Kabupaten Bandung, Jawa Barat ",-6.864408,107.57531,8,done,1,0,11 January 2026,20 February 2026,42000000,60000000,50000000,50000000,4,salma,baru,150000000,Kab. Bandung Barat,2026-04-20,2031-04-19,5,Edwin,8301,130131400,baru,23 February 2026,15 March 2026,selesai,14 March 2026,lunas,40,2026,24 March 2026,3,-2,40,2,19,10,72,0.00%,20,tercapai,2026,50000000,50000000,0%,salma
13 January 2026,2026-01-14,Hanif,6,R11715,SBM032,"Jalan Raya Purabaya,  Kelurahan Purabaya, Kecamatan Purabaya, Sukabumi, Jawa Barat, Jawa, Indonesia",-7.100503,106.879837,10,done,1,0,13 January 2026,20 January 2026,16500000,22000000,18000000,18000000,16,Bonita,baru,90000000,Kab. Sukabumi,2026-03-20,2031-03-19,4,Trimo,8315,153469300,baru,23 January 2026,12 February 2026,selesai,12 February 2026,lunas,7,2026,20 February 2026,1,0,7,2,20,8,38,0.00%,20,tidak tercapai,2026,22000000,18000000,18%,Bonita
13 January 2026,2026-01-14,Hanif,6,R11718,SBM033,"Jalan Raya Nagrak, Nagrak Selatan, Nagrak, Sukabumi, Jawa Barat, Jawa, 43356, Indonesia",-6.866407,106.804436,11,done,1,0,17 January 2026,24 January 2026,15000000,15000000,20000000,15000000,18,Mirza,baru,45000000,Kab. Sukabumi,2026-03-24,2031-03-23,2,Sarjono,8318,107406300,baru,24 January 2026,13 February 2026,selesai,7 February 2026,lunas,7,2026,13 February 2026,1,3,7,0,14,6,31,25.00%,20,tercapai,2026,20000000,15000000,25%,Mirza
14 January 2026,2026-01-23,Hanif,6,R11725,CJR033,"Jalan Dr. Muwardi, Bojongherang, Cianjur, Jawa Barat, Jawa, 43211, Indonesia",-6.814292,107.132095,11,done,1,0,26 January 2026,14 February 2026,32000000,32000000,40000000,32000000,18,Mirza,baru,96000000,Kab. Cianjur,2026-04-14,2029-04-13,2,Sarjono,8325,143439800,baru,16 February 2026,8 March 2026,selesai,4 March 2026,lunas,19,2026,12 March 2026,9,4,19,2,16,8,57,20.00%,20,tercapai,2026,40000000,32000000,20%,Mirza
14 January 2026,2026-01-23,salma,4,R11728,BDG037,"Jl. Suniaraja, Braga, Kec. Sumur Bandung, Kota Bandung, Jawa Barat 40111",-6.915824,107.603699,30,done,1,0,24 February 2026,16 March 2026,56000000,65000000,65000000,65000000,16,Bonita,baru,195000000,Kota Bandung,2026-05-16,2031-05-15,5,Edwin,8328,199260570,baru,27 March 2026,28 April 2026,selesai,27 April 2026,lunas,20,2026,30 April 2026,9,32,20,10,31,3,106,0.00%,32,tercapai,2026,80000000,65000000,19%,Bonita
15 January 2026,2026-01-23,Dika,17,R11735,CJR036,"Jalan Moch. Ali, Neglasari, Kec. Bojongpicung, Kabupaten Cianjur, Jawa Barat 43283",-6.850696,107.272156,10,done,1,0,15 January 2026,27 February 2026,22500000,30000000,24000000,24000000,17,Dika,baru,72000000,Kab. Cianjur,2026-05-01,2031-04-30,3,CV. Rizki Mitra Abadi,8335,137984710,baru,30 March 2026,21 April 2026,selesai,20 April 2026,lunas,43,2026,22 April 2026,8,-8,43,31,21,2,97,0.00%,22,tercapai,2026,24000000,24000000,0%,Dika
15 January 2026,2026-01-23,Dika,17,R11744,CJR035,"Jl. Raya Sindangbarang, Kelurahan Saganten, Kecamatan Sindangbarang, Kabupaten Cianjur,  Jawa Barat",-7.451709,107.135803,6,done,1,0,15 January 2026,21 February 2026,30000000,40000000,28000000,28000000,17,Dika,baru,140000000,Kab. Cianjur,2026-04-21,2031-04-20,4,Trimo,8344,162725410,baru,27 February 2026,4 April 2026,selesai,16 April 2026,lunas,37,2026,21 April 2026,8,-7,37,5,48,5,96,0.00%,36,tidak tercapai,2026,28000000,28000000,0%,Dika
16 January 2026,2026-01-23,Hanif,6,R11750,CBI117,"Jalan Benteng, Tugujaya, Cigombong, Bogor, Sukabumi, Jawa Barat, Jawa, 16749, Indonesia",-6.755517,106.784027,6,done,1,0,28 January 2026,30 January 2026,14000000,14000000,17000000,14000000,18,Mirza,baru,42000000,Kab. Bogor,2026-03-30,2031-03-29,2,Sarjono,8350,120843550,baru,6 February 2026,26 February 2026,selesai,23 February 2026,lunas,2,2026,25 February 2026,7,5,2,6,17,2,40,17.65%,20,tercapai,2026,17000000,14000000,18%,Mirza
17 January 2026,2026-01-23,salma,4,R11756,CLP011,"Jl. Jenderal Sudirman, Sidamulya, Kec. Sidareja, Kabupaten Cilacap, Jawa Tengah 53261",-7.485789,108.804497,10,done,1,0,2 February 2026,9 February 2026,24000000,25000000,30000000,25000000,18,Mirza,baru,75000000,Kab. Cilacap,2026-04-09,2031-04-08,12,Teguh Karyanto,8356,163460800,baru,13 February 2026,6 March 2026,selesai,26 March 2026,lunas,7,2026,27 March 2026,6,11,7,3,41,1,69,16.67%,21,tidak tercapai,2026,30000000,25000000,17%,Mirza
17 January 2026,2026-01-23,Djadjang,2,R11757,SNG037,"Jalan Arief Rahman Hakim, Cigadung, Subang, Subang, Jawa Barat, Jawa, 41211, Indonesia",-6.553485,107.75576,6,done,1,0,19 January 2026,29 January 2026,37500000,50000000,40000000,40000000,16,Bonita,baru,120000000,Kab. Subang,2026-03-29,2031-03-28,5,Edwin,8357,154675323,baru,3 February 2026,26 February 2026,selesai,26 February 2026,lunas,10,2026,4 March 2026,6,-4,10,4,23,6,46,0.00%,23,tidak tercapai,2026,50000000,40000000,20%,Bonita
19 January 2026,2026-01-23,Djadjang,2,R11776,SMD019,"Jalan Raya Darmaraja, Kelurahan  Darmaraja, Kecamatan Darmaraja, Kabupaten Sumedang, Jawa Barat",-6.917834,108.072784,3.3,done,1,0,30 January 2026,4 February 2026,11250000,11000000,15000000,11000000,18,Mirza,baru,33000000,Kab. Sumedang,2026-04-03,2031-04-02,5,Edwin,8376,110585850,baru,5 February 2026,25 February 2026,selesai,21 February 2026,lunas,5,2026,28 February 2026,4,7,5,1,16,7,40,26.67%,20,tercapai,2026,15000000,11000000,27%,Mirza
20 January 2026,2026-01-23,Hanif,6,R11779,GGP050,"Jalan Panjang Arteri Klp. Dua Raya, Sukabumi Utara, Kebon Jeruk, Jakarta Barat, Daerah Khusus Ibukota Jakarta, Jawa, 11550, Indonesia",-6.214752,106.773483,6,done,1,0,4 February 2026,23 February 2026,36000000,37500000,40000000,37500000,18,Mirza,baru,75000000,Kota Jakarta Barat,2026-04-23,2031-04-22,14,Iyan Philo,8379,110191750,baru,29 April 2026,19 May 2026,selesai,5 August 2026,lunas,19,2026,6 August 2026,3,12,19,64,98,1,198,6.25%,20,tidak tercapai,2026,40000000,37500000,6%,Mirza
20 January 2026,2026-01-23,salma,4,R11782,CKG067,"Jalan Kapin Raya, Kelurahan  Pondok Kelapa, Kecamatan Duren Sawit, Jakarta Timur, DKI Jakarta",-6.252504,106.92971,14.5,done,1,0,10 February 2026,18 February 2026,25125000,30000000,30000000,30000000,16,Bonita,baru,90000000,Kota Jakarta Timur,2026-03-04,2031-03-03,3,CV. Rizki Mitra Abadi,8382,115193400,baru,21 February 2026,16 March 2026,selesai,16 March 2026,lunas,8,2026,24 March 2026,3,19,8,3,23,8,63,0.00%,23,tidak tercapai,2026,33500000,30000000,10%,Bonita
22 January 2026,2026-01-23,salma,4,R11796,DPK064,"Jl. Kemang Raya, Kalibaru, Kec. Cilodong, Kota Depok, Jawa Barat 16413",-6.430345,106.835411,8,done,1,0,12 February 2026,21 February 2026,46000000,46000000,52500000,46000000,18,Mirza,baru,138000000,Kota Depok,2026-04-21,2031-04-20,4,Trimo,8396,149882360,baru,24 February 2026,18 March 2026,selesai,16 March 2026,lunas,9,2026,24 March 2026,1,20,9,3,20,8,61,12.38%,22,tercapai,2026,52500000,46000000,12%,Mirza
23 January 2026,2026-01-24,Hanif,6,R11801,SRG043,"Jalan Raya Takari, Taktakan, Taktakan, Serang, Banten, Jawa, Indonesia",-6.112438,106.099419,8,done,1,0,23 January 2026,2 February 2026,9750000,13000000,20000000,20000000,16,Bonita,baru,60000000,Kota Serang,2026-04-01,2031-04-30,3,CV. Rizki Mitra Abadi,8401,119066400,baru,9 February 2026,1 March 2026,selesai,28 February 2026,lunas,10,2026,4 March 2026,1,0,10,6,19,4,40,0.00%,20,tercapai,2026,26000000,20000000,23%,Bonita
23 January 2026,2026-01-31,Hanif,6,R11806,SRG046," Jalan Warung Jaud,  Kelurahan Terondol, Kecamatan Serang, Kota Serang, Banten",-6.094948,106.181519,8,done,1,0,14 March 2026,7 April 2026,24000000,25000000,30000000,25000000,18,Mirza,baru,75000000,Kota Serang,2026-04-07,2031-04-06,3,CV. Rizki Mitra Abadi,8406,144753020,baru,10 April 2026,30 April 2026,selesai,30 April 2026,lunas,24,2026,4 May 2026,8,42,24,3,20,4,101,16.67%,20,tidak tercapai,2026,30000000,25000000,17%,Mirza
23 January 2026,2026-01-23,Hanif,6,R11807,SRG042,"Jalan Sawah Luhur, Warung Jaud, Kasemen, Serang, Banten, Jawa, 42111, Indonesia",-6.083474,106.18631,22,done,1,0,23 January 2026,30 January 2026,18750000,25000000,20000000,20000000,16,Bonita,baru,60000000,Kota Serang,2026-03-30,2031-03-29,3,CV. Rizki Mitra Abadi,8407,136342100,baru,3 February 2026,25 February 2026,selesai,19 February 2026,lunas,7,2026,28 February 2026,0,1,7,3,16,9,36,0.00%,22,tercapai,2026,25000000,20000000,20%,Bonita
23 January 2026,2026-02-02,Hanif,6,R11809,SRG045," Jl Raya Ciptayasa,  Kecamatan Ciruas, Kelurahan Gosara, Kabupaten Serang, Banten",-6.097998,106.24556,15,done,1,0,24 January 2026,12 February 2026,15000000,20000000,14000000,14000000,16,Bonita,baru,70000000,Kab. Serang,2026-04-12,2031-04-11,2,Sarjono,8409,128817800,baru,14 February 2026,6 March 2026,selesai,9 March 2026,lunas,19,2026,11 March 2026,10,-9,19,1,23,2,47,0.00%,20,tidak tercapai,2026,20000000,14000000,30%,Bonita
24 January 2026,2026-02-02,Hanif,6,R11811,SRG044,"Jalan Palka, Kel. Pancanegara, Kec. Pabuaran, Kab Serang, Banten, Jawa, 42163, Indonesia",-6.200278,106.089554,11,done,1,0,4 February 2026,6 February 2026,8000000,8000000,12000000,8000000,18,Mirza,baru,40000000,Kab. Serang,2026-04-06,2031-04-05,3,CV. Rizki Mitra Abadi,8411,132301500,baru,10 February 2026,13 March 2026,selesai,7 March 2026,lunas,2,2026,14 March 2026,9,2,2,4,25,7,49,33.33%,31,tercapai,2026,12000000,8000000,33%,Mirza
24 January 2026,2026-01-31,Djadjang,2,R11814,IDM034,"Jl. Raya  Margamulya, Kecamatan Bongas, Kabupaten Indramayu, Jawa Barat ",-6.380156,108.034592,15,done,1,0,26 January 2026,7 February 2026,37500000,50000000,40000000,40000000,16,Bonita,baru,120000000,Kab. Indramayu,2026-04-07,2031-04-06,5,Edwin,8414,149003150,baru,10 February 2026,2 March 2026,selesai,26 February 2026,lunas,12,2026,2 March 2026,7,-5,12,2,16,4,37,0.00%,20,tercapai,2026,50000000,40000000,20%,Bonita
24 January 2026,2026-01-31,Djadjang,2,R11815,IDM036,"Jalan Raya Gantar Haurgeulis, Gantar, Gantar, Indramayu, Jawa Barat, Jawa, Indonesia",-6.517075,107.975349,9,done,1,0,27 February 2026,7 March 2026,21000000,25000000,25000000,25000000,16,Bonita,baru,75000000,Kab. Indramayu,2026-04-07,2031-04-06,3,CV. Rizki Mitra Abadi,8415,134642000,baru,11 March 2026,7 April 2026,selesai,6 April 2026,lunas,8,2026,27 April 2026,7,28,8,4,26,21,93,0.00%,27,tercapai,2026,28000000,25000000,11%,Bonita
24 January 2026,2026-01-31,Djadjang,2,R11817,IDM035,"Jalan Jenderal Sudirman,  Kelurahan Cipancuh, Kecamatan Haurgeulis, Kabupaten Indramayu, Jawa Barat ",-6.456936,107.943863,10,done,1,0,5 February 2026,11 February 2026,45000000,47000000,50000000,47000000,18,Mirza,baru,141000000,Kab. Indramayu,2026-02-25,2031-02-24,3,CV. Rizki Mitra Abadi,8417,122580750,baru,14 February 2026,7 March 2026,selesai,7 March 2026,lunas,6,2026,24 March 2026,7,5,6,2,21,17,59,6.00%,21,tidak tercapai,2026,50000000,47000000,6%,Mirza
25 January 2026,2026-01-31,salma,4,R11821,BDG038,"Jalan Parakan Saat,  Kelurahan Antapani Tengah, Kecamatan Antapani, Kota Bandung, Jawa Barat ",-6.927435,107.666222,11,done,1,0,1 April 2026,10 April 2026,70000000,75000000,90000000,75000000,18,Mirza,baru,225000000,Kota Bandung,2026-06-10,2031-06-09,5,Edwin,8421,142725596,baru,15 April 2026,5 May 2026,selesai,8 May 2026,lunas,9,2026,11 May 2026,6,60,9,5,23,3,106,16.67%,20,tidak tercapai,2026,90000000,75000000,17%,Mirza
27 January 2026,2026-01-31,Bonita,16,R11832,PWK030,"Jl. Jendral Sudirman, Nagri Tengah, Kec. Purwakarta, Kabupaten Purwakarta, Jawa Barat",-6.549491,107.443733,16,done,1,0,18 February 2026,7 April 2026,52500000,70000000,70000000,70000000,16,Bonita,baru,210000000,Kab. Purwakarta,2026-04-21,2031-04-20,2,Sarjono,8432,128952300,baru,9 April 2026,29 April 2026,selesai,21 April 2026,lunas,48,2026,24 April 2026,4,18,48,1,12,3,87,0.00%,20,tercapai,2026,75000000,65000000,13%,Bonita
27 January 2026,2026-01-31,Djadjang,2,R11833,SBR055,"Jalan Raden Dewi Sartika, Sumber, Sumber, Cirebon, Jawa, 45611, Indonesia",-6.759555,108.48513,10,done,1,0,6 February 2026,31 March 2026,27000000,29000000,30000000,29000000,18,Mirza,baru,87000000,Kab. Cirebon,2026-05-31,2031-05-30,5,Edwin,8433,138602256,baru,2 April 2026,24 April 2026,selesai,15 April 2026,lunas,53,2026,24 April 2026,4,6,53,1,13,9,87,3.33%,22,tercapai,2026,30000000,29000000,3%,Mirza
27 January 2026,2026-01-31,salma,4,R11838,SMD020,"Jl. Mayor  Abdurahman No. 35, Desa Kotakaler, Kecamatan Sumedang Utara, Kabupaten  Sumedang ",-6.846352,107.924095,20,done,1,0,27 January 2026,23 February 2026,45500000,65000000,40000000,40000000,4,salma,baru,120000000,Kab. Sumedang,2026-04-23,2029-04-22,3,CV. Rizki Mitra Abadi,8438,159794550,baru,27 February 2026,22 March 2026,selesai,2 April 2026,lunas,27,2026,7 April 2026,4,-3,27,3,34,5,70,0.00%,23,tidak tercapai,2026,65000000,40000000,38%,Bonita
28 January 2026,2026-01-31,Hanif,6,R11840,GRT044,"Jalan Raya Cisurupan, Cisurupan, Cisurupan, Garut, Jawa, 44163, Indonesia",-7.310831,107.792702,10,done,1,0,4 February 2026,7 February 2026,12000000,12000000,15000000,12000000,18,Mirza,baru,36000000,Kab. Garut,2026-04-07,2031-04-06,5,Edwin,8440,145282150,baru,10 February 2026,5 March 2026,selesai,10 March 2026,lunas,3,2026,12 March 2026,3,4,3,2,28,2,43,20.00%,23,tidak tercapai,2026,15000000,12000000,20%,Mirza
29 January 2026,2026-02-06,Hanif,6,R11849,SPA013,"Jalan Raya Singaparna Rt01 Rw10, Cikadongdong, Singaparna, Tasikmalaya, Jawa Barat",-7.343688,108.163429,12,done,1,0,9 February 2026,11 February 2026,20000000,20000000,25000000,20000000,18,Mirza,baru,60000000,Kota Tasikmalaya,2026-03-11,2031-03-10,12,Teguh Karyanto,8449,148029000,baru,14 February 2026,6 March 2026,selesai,16 March 2026,lunas,2,2026,24 March 2026,8,3,2,2,30,8,54,20.00%,20,tidak tercapai,2026,25000000,20000000,20%,Mirza
29 January 2026,2026-02-06,salma,4,R11855,BLA007,"Jl. Ronggolawe, Balun, Kec. Cepu, Kabupaten Blora, Jawa Tengah 58311",-7.153511,111.582436,12,mirza,1,0,21 May 2026,28 May 2026,38000000,40000000,40000000,40000000,16,Bonita,baru,120000000,Kab. Blora,2026-06-28,2031-06-27,4,Trimo,8455,150002600,baru,4 June 2026,29 June 2026,selesai,27 July 2026,lunas,7,2026,28 July 2026,8,104,8,6,53,1,180,0.00%,25,tidak tercapai,2026,40000000,40000000,0%,Bonita
30 January 2026,2026-01-31,salma,4,R11859,BLA005,"Jl. Raya Cepu, Cepu, Kec. Cepu, Kabupaten Blora, Jawa Tengah 58112",-7.14545,111.596634,15,done,1,0,30 January 2026,10 February 2026,18750000,25000000,25000000,20000000,4,salma,baru,100000000,Kab. Blora,2026-03-09,2031-03-08,2,Sarjono,8459,133721750,baru,13 February 2026,7 March 2026,selesai,26 February 2026,lunas,11,2026,11 March 2026,1,0,11,2,13,13,40,20.00%,22,tercapai,2026,25000000,20000000,20%,Bonita
31 January 2026,2026-02-06,salma,4,R11861,PML016,"Jl. Jend. Sudirman, Randudongkal, Kec. Randudongkal, Kabupaten Pemalang, Jawa Tengah 52353",-7.100273,109.327759,14,done,1,0,10 February 2026,19 February 2026,25000000,30000000,30000000,30000000,16,Bonita,baru,90000000,Kab. Pemalang,2026-07-01,2031-06-30,12,Teguh Karyanto,8461,145541500,baru,30 May 2026,24 June 2026,selesai,26 June 2026,lunas,9,2026,29 June 2026,6,5,9,99,27,3,149,0.00%,25,tidak tercapai,2026,33333333,30000000,10%,Bonita
31 January 2026,2026-02-06,salma,4,R11862,DPK065,"Jl. Terusan H. Nawi Malik, Serua, Kec. Bojongsari, Kota Depok, Jawa Barat 16517",-6.372147,106.730705,15,done,1,0,18 February 2026,26 February 2026,28000000,31666666,35000000,31666667,18,Mirza,baru,95000000,Kota Depok,2026-03-12,2029-03-11,3,CV. Rizki Mitra Abadi,8462,115307400,baru,28 February 2026,21 March 2026,selesai,16 March 2026,lunas,8,2026,24 March 2026,6,12,8,1,16,8,52,9.52%,21,tercapai,2026,35000000,31666666,10%,Mirza
2 February 2026,2026-02-06,Bonita,16,R11863,CJR034,"Jl. K.H. Saleh No.105, RW.02, Sayang, Kec. Cianjur, Kabupaten Cianjur, Jawa Barat",-6.827404,107.151009,9,done,1,0,7 February 2026,20 February 2026,24750000,30000000,29000000,29000000,16,Bonita,baru,87000000,Kab. Cianjur,2026-03-07,2031-03-06,5,Edwin,8463,133821250,baru,23 February 2026,19 March 2026,selesai,25 March 2026,lunas,13,2026,27 March 2026,4,1,13,3,30,2,53,0.00%,24,tidak tercapai,2026,33000000,29000000,12%,Bonita
3 February 2026,2026-02-06,Djadjang,2,R11867,GGP051,"Jalan KH. Syahdan, Palmerah, Palmerah, Jakarta Barat, Daerah Khusus Ibukota Jakarta, Jawa, 11480, Indonesia",-6.20052,106.786896,12.8,done,1,0,7 April 2026,17 April 2026,75000000,75000000,95000000,75000000,18,Mirza,baru,225000000,Kota Jakarta Barat,2026-05-17,2031-05-16,3,CV. Rizki Mitra Abadi,8467,113296700,baru,21 April 2026,15 May 2026,selesai,19 May 2026,lunas,10,2026,20 May 2026,3,61,10,3,28,1,106,21.05%,24,tidak tercapai,2026,95000000,75000000,21%,Mirza
4 February 2026,2026-02-06,Dika,17,R11874,MJL020,"Jl. Pangeran Muhamad, Tanjungsari, Kec. Sukahaji, Kabupaten Majalengka, Jawa Barat 45471",-6.79904,108.323647,12,done,1,0,4 February 2026,13 February 2026,30000000,40000000,30000000,30000000,17,Dika,baru,90000000,Kab. Majalengka,2026-04-13,2031-04-12,4,Trimo,8474,148249650,baru,16 February 2026,10 March 2026,selesai,4 March 2026,lunas,9,2026,14 March 2026,2,-2,9,3,16,10,38,0.00%,22,tercapai,2026,30000000,30000000,0%,Dika
4 February 2026,2026-02-06,Dika,17,R11877,TNG048,"Jalan Hos Cokroaminoto, Kelurahan Sudimara Barat,  Kecamatan Ciledug, Kota Tangerang, Banten",-6.225363,106.706306,8,done,1,0,7 February 2026,25 February 2026,32000000,32000000,40000000,32000000,18,Mirza,baru,96000000,Kota Tangerang,2026-04-25,2031-04-24,2,Sarjono,8477,140290575,baru,26 February 2026,18 March 2026,selesai,25 March 2026,lunas,18,2026,27 March 2026,2,2,18,0,27,2,51,20.00%,20,tidak tercapai,2026,40000000,32000000,20%,Mirza
5 February 2026,2026-02-06,Hanif,6,R11891,BBS021,"Jalan Raya Perempatan Slatri, Slatri, Brebes, Jawa Tengah, Jawa, Indonesia",-6.940778,108.945419,7,done,1,0,11 February 2026,25 February 2026,18000000,18000000,20000000,18000000,18,Mirza,baru,54000000,Kab. Brebes,2026-04-25,2031-04-24,4,Trimo,8491,156566010,baru,2 March 2026,26 March 2026,selesai,17 March 2026,lunas,14,2026,31 March 2026,1,6,14,4,15,14,54,10.00%,24,tercapai,2026,20000000,18000000,10%,Mirza
5 February 2026,2026-02-06,Hanif,6,R11893,BBS020,"Jalan Raya Jatibarang-Sitanggal, Rengaspendawa, Larangan, Brebes, Jawa Tengah, Jawa, Indonesia",-6.956966,109.000885,8,done,1,0,12 February 2026,19 February 2026,15000000,15000000,20000000,15000000,18,Mirza,baru,45000000,Kab. Brebes,2026-04-19,2031-04-18,2,Sarjono,8493,114592800,baru,20 February 2026,12 March 2026,selesai,6 March 2026,lunas,7,2026,24 March 2026,1,7,7,1,14,18,47,25.00%,20,tercapai,2026,20000000,15000000,25%,Mirza
5 February 2026,2026-02-06,Djadjang,2,R11896,TNA023,"Jalan Sumur Batu Raya, Kelurahan  Sumur Batu, Kecamatan Kemayoran, Jakarta Pusat ",-6.166694,106.868233,7,done,1,0,7 February 2026,13 February 2026,42000000,45000000,45000000,45000000,16,Bonita,baru,135000000,Kota Jakarta Pusat,2026-04-13,2031-04-12,4,Trimo,8496,137228860,baru,19 February 2026,13 March 2026,selesai,13 March 2026,lunas,6,2026,24 March 2026,1,1,6,6,22,11,47,0.00%,22,tidak tercapai,2026,60000000,45000000,25%,Bonita
5 February 2026,2026-02-20,Hanif,6,R11899,BBS022,"Jalan KH Ahmad Dahlan,  Kelurahan Pasarbatang, Kecamatan Brebes, Kabupaten Brebes, Jawa Tengah ",-6.862585,109.039871,12,done,1,0,24 February 2026,27 February 2026,22500000,22000000,30000000,22000000,18,Mirza,baru,66000000,Kab. Brebes,2026-04-27,2031-04-26,4,Trimo,8499,159316860,baru,2 March 2026,22 March 2026,selesai,17 March 2026,lunas,3,2026,27 March 2026,15,5,3,2,15,10,50,26.67%,20,tercapai,2026,30000000,22000000,27%,Mirza
5 February 2026,2026-02-06,Djadjang,2,R11901,TNA025," Jalan Kp. Irian, Kelurahan Serdang,  Kecamatan Kemayoran, Jakarta Pusat, DKI Jakarta ",-6.155812,106.863792,5.5,done,1,0,13 February 2026,19 February 2026,42000000,50000000,50000000,50000000,16,Bonita,baru,150000000,Kota Jakarta Utara,2026-03-04,2031-03-03,3,CV. Rizki Mitra Abadi,8501,114672050,baru,23 February 2026,16 March 2026,selesai,16 March 2026,lunas,6,2026,24 March 2026,1,8,6,3,21,8,47,0.00%,21,tidak tercapai,2026,60000000,55000000,8%,Bonita
5 February 2026,2026-02-06,Djadjang,2,R11903,TNA024,"Jalan Kramat Sentiong, Kramat, Senen, Jakarta Pusat, Daerah Khusus Ibukota Jakarta, Jawa, 10450, Indonesia",-6.18794,106.847183,10,done,1,0,7 February 2026,18 February 2026,78000000,80000000,80000000,80000000,16,Bonita,baru,240000000,Kota Jakarta Pusat,2026-03-18,2029-03-17,2,Sarjono,8503,126088050,baru,20 February 2026,14 March 2026,selesai,4 March 2026,lunas,11,2026,7 March 2026,1,1,11,2,12,3,30,0.00%,22,tercapai,2026,120000000,80000000,33%,Bonita
5 February 2026,2026-02-06,Dika,17,R11905,CMH009," Jalan Melong Raya, Kelurahan  Melong, Kecamatan Cimahi Selatan, Kota Cimahi, Jawa Barat ",-6.919516,107.560043,12,done,1,0,11 February 2026,14 February 2026,30000000,30000000,30000000,30000000,16,Bonita,baru,90000000,Kota Cimahi,2026-02-28,2031-02-27,5,Edwin,8505,119694900,baru,17 February 2026,9 March 2026,selesai,6 March 2026,lunas,3,2026,12 March 2026,1,5,3,3,17,6,35,0.00%,20,tercapai,2026,40000000,30000000,25%,Bonita
5 February 2026,2026-02-06,Dara,22,R11906,CBI119,"Jl. Raya Pondok Rajeg, Kelurahan Pondok Rajeg, Kec. Cibinong, Kabupaten Bogor, Jawa Barat 16914",-6.467745,106.826103,15.6,done,1,0,7 February 2026,10 February 2026,24300000,25000000,25000000,25000000,16,Bonita,baru,75000000,Kab. Bogor,2026-04-10,2031-04-09,4,Trimo,8506,137150500,baru,13 February 2026,5 March 2026,selesai,7 March 2026,lunas,3,2026,12 March 2026,1,2,3,2,22,5,35,0.00%,20,tidak tercapai,2026,32400000,25000000,23%,Bonita
5 February 2026,2026-02-06,salma,4,R11911,KDS005," Jalan Hos Cokroaminoto,  Kelurahan Mlati Norowito, Kecamatan Kota Kudus, Kabupaten Kudus, Jawa Tengah",-6.811127,110.854347,8,done,1,0,13 February 2026,4 March 2026,35000000,32500000,45000000,32500000,18,Mirza,baru,97500000,Kab. Kudus,2026-03-19,2031-03-18,12,Teguh Karyanto,8511,168838000,baru,10 March 2026,30 March 2026,selesai,11 April 2026,lunas,19,2026,14 April 2026,1,8,19,5,32,3,68,27.78%,20,tidak tercapai,2026,45000000,32500000,28%,Mirza
5 February 2026,2026-02-06,salma,4,R11912,SKH010,"Jalan Mayor Achmadi, Desa Bekonang, Kecamatan Mojolaban, Kabupaten Sukoharjo, Jawa Tengah",-7.607809,110.871307,17,done,1,0,31 March 2026,11 May 2026,45000000,45000000,60000000,50000000,18,Mirza,baru,150000000,Kab. Sukoharjo,2026-06-11,2031-06-10,5,Edwin,8512,151018070,baru,18 May 2026,12 June 2026,selesai,2 June 2026,lunas,41,2026,15 June 2026,1,53,41,6,15,13,130,16.67%,25,tercapai,2026,60000000,45000000,25%,Mirza
6 February 2026,2026-02-20,Hanif,6,R11916,SLW013,"Jalan Raya Utara Lebaksiu, Lebaksiu Lor, Lebaksiu, Tegal, Jawa Tengah, Jawa, 52461, Indonesia",-7.0461,109.146866,25,done,1,0,4 March 2026,10 March 2026,20000000,22000000,25000000,22000000,18,Mirza,baru,66000000,Kab. Tegal,2026-05-10,2031-05-09,12,Teguh Karyanto,8516,166917758,baru,13 March 2026,2 April 2026,selesai,24 April 2026,lunas,6,2026,30 April 2026,14,12,6,3,42,6,83,12.00%,20,tidak tercapai,2026,25000000,22000000,12%,Mirza
6 February 2026,2026-02-06,Dika,17,R11922,SBR053,"Jl. DI Panjaitan, Kalibuntu, Kec. Pabedilan, Kabupaten Cirebon, Jawa Barat 45193",-6.877836,108.77607,7.5,done,1,0,6 February 2026,13 February 2026,22500000,30000000,30000000,30000000,17,Dika,baru,90000000,Kab. Cirebon,2026-04-13,2031-04-12,3,CV. Rizki Mitra Abadi,8522,126266125,baru,18 February 2026,13 March 2026,selesai,16 March 2026,lunas,7,2026,24 March 2026,0,0,7,4,26,8,46,0.00%,23,tidak tercapai,2026,30000000,30000000,0%,Dika
7 February 2026,2026-02-20,Hanif,6,R11935,BBS023,"Jalan Luwunggede, Kelurahan Luwunggede, Kecamatan Tanjung, Kabupaten Brebes, Jawa Tengah",-6.922115,108.83033,6,done,1,0,2 March 2026,9 March 2026,12000000,15000000,15000000,15000000,18,Mirza,baru,45000000,Kab. Brebes,2026-05-09,2031-05-08,12,Teguh Karyanto,8535,154833850,baru,12 March 2026,1 April 2026,selesai,28 April 2026,lunas,7,2026,30 April 2026,13,10,7,2,47,2,82,0.00%,20,tidak tercapai,2026,15000000,15000000,0%,Mirza
8 February 2026,2026-06-29,Djadjang,2,R11948,MLG001,"Jalan Gajayana, Dinoyo, Lowokwaru, Kota Malang, Jawa Timur, Jawa, 65113, Indonesia",-7.943269,112.610329,10,NULL,1,0,2 July 2026,8 July 2026,45000000,48000000,50000000,48000000,18,Mirza,baru,144000000,Kota Malang,2026-08-06,2031-08-05,12,Teguh Karyanto,8548,142339000,baru,14 July 2026,10 August 2026,selesai,14 August 2026,lunas,6,2026,19 August 2026,141,3,7,5,31,5,192,4.00%,27,tidak tercapai,2026,50000000,48000000,4%,Mirza
9 February 2026,2026-02-20,salma,4,R11963,DPK066," Jalan Raya Kp. Sawah, Kelurahan  Jatimulya, Kecamatan Cilodong, Kota Depok, Jawa Barat 16413",-6.457823,106.826218,10,done,1,0,24 February 2026,2 March 2026,22500000,22000000,30000000,22000000,18,Mirza,baru,66000000,Kota Depok,2026-04-02,2031-04-01,3,CV. Rizki Mitra Abadi,8563,132343720,baru,30 March 2026,23 April 2026,selesai,20 April 2026,lunas,6,2026,27 April 2026,11,4,6,27,21,7,77,26.67%,24,tercapai,2026,30000000,22000000,27%,Mirza
9 February 2026,2026-06-29,Djadjang,2,R11965,KPN001,"Jl. Raya Pakisaji, Pakisaji, Pakisaji, Kabupaten Malang, Jawa Timur, Jawa, 65162, Indonesia",-8.066237,112.598648,11,NULL,1,0,6 July 2026,16 July 2026,18000000,25000000,25000000,25000000,18,Mirza,baru,75000000,Kab. Malang,2026-09-16,2031-09-15,12,Teguh Karyanto,8565,139240375,baru,22 July 2026,23 August 2026,selesai,31 August 2026,lunas,10,2026,4 September 2026,140,7,11,5,40,4,207,0.00%,32,tidak tercapai,2026,25000000,25000000,0%,Mirza
10 February 2026,2026-02-21,Dara,22,R11972,CKG068,"Jl. Jenderal Basuki Rachmat, Pd. Bambu, Kec. Duren Sawit, Kota Jakarta Timur, Daerah Khusus Ibukota Jakarta 13430",-6.22936,106.891617,14,done,1,0,2 March 2026,10 March 2026,42000000,48000000,48000000,48000000,16,Bonita,baru,96000000,Kota Jakarta Timur,2026-04-10,2031-04-09,2,Sarjono,8572,132057440,baru,12 March 2026,1 April 2026,selesai,4 April 2026,lunas,8,2026,7 April 2026,11,9,8,2,23,3,56,0.00%,20,tidak tercapai,2026,60000000,48000000,20%,Bonita
10 February 2026,2026-02-21,salma,4,R11973,KJN006," Jl. Bojong Minggir,  Kelurahan Bojongminggir, Kecamatan Bojong, Kabupaten Pekalongan, Jawa Tengah ",-6.956275,109.607597,8,done,1,0,24 February 2026,26 February 2026,24000000,26000000,26000000,26000000,16,Bonita,baru,130000000,Kab. Pekalongan,2026-03-26,2031-03-25,12,Teguh Karyanto,8573,169678300,baru,2 March 2026,22 March 2026,selesai,17 April 2026,lunas,2,2026,21 April 2026,11,4,2,3,46,4,70,0.00%,20,tidak tercapai,2026,32000000,26000000,19%,Bonita
10 February 2026,2026-02-21,salma,4,R11981,PKL006,"Jalan Dokter Wahidin, Noyontaan, Kec. Pekalongan Tim., Kota Pekalongan, Jawa Tengah",-6.894378,109.68013,15,done,1,0,10 March 2026,31 March 2026,22000000,22000000,25000000,22000000,18,Mirza,baru,66000000,Kota Pekalongan,2026-04-30,2029-04-29,2,Sarjono,8581,119891800,baru,4 April 2026,25 April 2026,selesai,23 April 2026,lunas,21,2026,29 April 2026,11,17,21,3,19,6,78,12.00%,21,tercapai,2026,25000000,22000000,12%,Mirza
11 February 2026,2026-02-20,Dara,22,R11985,CBI122,"Jalan Transyogi, Kelurahan Cariu,  Kecamatan Cariu, Kabupaten Bogor, Jawa Barat ",-6.506678,107.130241,8,done,1,0,2 March 2026,7 March 2026,17000000,18000000,23000000,18000000,18,Mirza,baru,54000000,Kab. Bogor,2026-05-07,2031-05-06,2,Sarjono,8585,130801800,baru,9 March 2026,31 March 2026,selesai,25 March 2026,lunas,5,2026,1 April 2026,9,11,5,1,16,7,49,21.74%,22,tercapai,2026,23000000,18000000,22%,Mirza
12 February 2026,2026-02-21,Hanif,6,R12008,PWK028,"Jalan Raya Sadang-Subang,  Kelurahan Ciseureuh, Kecamatan Purwakarta, Kabupaten Purwakarta, Jawa Barat, Jawa, 41111, Indonesia",-6.515708,107.471046,9,done,1,0,4 March 2026,9 March 2026,32000000,32000000,40000000,32000000,18,Mirza,baru,96000000,Kab. Purwakarta,2026-05-09,2031-05-08,3,CV. Rizki Mitra Abadi,8608,126412700,baru,12 March 2026,1 April 2026,selesai,13 April 2026,lunas,5,2026,14 April 2026,9,12,5,2,32,1,61,20.00%,20,tidak tercapai,2026,40000000,32000000,20%,Mirza
12 February 2026,2026-02-21,Hanif,6,R12016,PWK027," Jalan Wanayasa Bojong Sawit,  Desa Bojong Barat, Kecamatan Bojong, Kabupaten Purwakarta, Jawa Barat ",-6.710031,107.503036,8,done,1,0,24 February 2026,3 March 2026,24000000,24000000,30000000,24000000,18,Mirza,baru,72000000,Kab. Purwakarta,2026-05-03,2031-05-02,5,Edwin,8616,110056156,baru,31 March 2026,22 April 2026,selesai,16 April 2026,lunas,7,2026,24 April 2026,9,4,7,27,16,8,71,20.00%,22,tercapai,2026,30000000,24000000,20%,Mirza
12 February 2026,2026-02-21,Hanif,6,R12018,PWK029," Jalan Kapten Halim, Kelurahan  Nagri Kidul,  Kecamatan Purwakarta, Kabupaten Purwakarta, Jawa Barat ",-6.562656,107.449409,6,done,1,0,24 February 2026,4 April 2026,45500000,60000000,60000000,60000000,16,Bonita,baru,180000000,Kab. Purwakarta,2026-06-04,2031-06-03,2,Sarjono,8618,120935550,baru,6 April 2026,26 April 2026,selesai,17 April 2026,lunas,39,2026,29 April 2026,9,3,39,1,11,12,76,0.00%,20,tercapai,2026,65000000,60000000,8%,Bonita
13 February 2026,2026-02-20,Hanif,6,R12026,CKR058,"Jalan Raya Cabangbungin, Jayalaksana, Kec. Cabangbungin, Kab Bekasi, Jawa Barat, Jawa, 17720, Indonesia",-6.090506,107.184372,10,done,1,0,2 March 2026,5 March 2026,38000000,38000000,40000000,38000000,18,Mirza,baru,114000000,Kab. Bekasi,2026-05-05,2031-05-04,5,Edwin,8626,130528700,baru,9 March 2026,31 March 2026,selesai,31 March 2026,lunas,3,2026,2 April 2026,7,10,3,4,22,2,48,5.00%,22,tidak tercapai,2026,40000000,38000000,5%,Mirza
14 February 2026,2026-02-21,Dika,17,R12036,BDG039,"Jalan Raya Kopo, Kelurahan  Margasuka, Kecamatan Babakan Ciparay, Kota Bandung, Jawa Barat",-6.958583,107.581055,11,done,1,0,6 April 2026,13 April 2026,45000000,50000000,50000000,50000000,16,Bonita,baru,150000000,Kota Bandung,2026-05-13,2031-05-12,5,Edwin,8636,141470736,baru,16 April 2026,8 May 2026,selesai,13 May 2026,lunas,7,2026,16 May 2026,7,45,7,3,27,3,91,0.00%,22,tidak tercapai,2026,55000000,50000000,9%,Bonita
15 February 2026,2026-02-21,Djadjang,2,R12044,DPR022," Jalan Pulau Moyo, Kelurahan  Pedungan, Kecamatan Denpasar Selatan, Kota Denpasar, Bali ",-8.702798,115.213196,10.5,done,1,0,1 April 2026,20 April 2026,45000000,62000000,62000000,62000000,16,Bonita,baru,186000000,Kota Denpasar,2026-06-20,2031-06-19,4,Trimo,8644,149251800,baru,27 April 2026,19 May 2026,selesai,4 June 2026,lunas,19,2026,5 June 2026,6,39,19,6,38,1,110,0.00%,22,tidak tercapai,2026,65000000,62000000,5%,Bonita
16 February 2026,2026-02-21,Dika,17,R12050,CBI121,"Jl. Raya Karanggan, Desa Puspasari, Kecamatan Citeureup, Kabupaten Bogor, Jawa Barat 16811",-6.472691,106.87442,10,done,1,0,2 March 2026,6 March 2026,35000000,35000000,40000000,35000000,18,Mirza,baru,105000000,Kab. Bogor,2026-04-06,2031-04-05,2,Sarjono,8650,118405800,baru,7 March 2026,27 March 2026,selesai,25 March 2026,lunas,4,2026,31 March 2026,5,9,4,1,18,6,43,12.50%,20,tercapai,2026,40000000,35000000,13%,Mirza
16 February 2026,2026-02-27,Dika,17,R12051,PWT021,"Jl. Overste Isdiman, Purwokerto Lor, Kec. Purwokerto Tim., Kabupaten Banyumas, Jawa Tengah 53114",-7.422986,109.243988,8,done,1,0,11 March 2026,17 March 2026,42000000,42000000,55000000,42000000,18,Mirza,baru,126000000,Kab. Banyumas,2026-04-17,2031-04-16,4,Trimo,8651,145883160,baru,25 March 2026,14 April 2026,selesai,22 April 2026,lunas,6,2026,24 April 2026,11,13,6,8,28,2,67,23.64%,20,tidak tercapai,2026,55000000,42000000,24%,Mirza
16 February 2026,2026-02-21,salma,4,R12054,BDG035,"Jl. Ir. H. Juanda, Dago, Kecamatan Coblong, Kota Bandung, Jawa Barat 40135",-6.866508,107.620857,7.5,done,1,0,24 February 2026,4 March 2026,52500000,55000000,55000000,55000000,16,Bonita,baru,165000000,Kota Bandung,2026-05-04,2031-05-03,5,Edwin,8654,125782650,baru,5 March 2026,25 March 2026,selesai,25 March 2026,lunas,8,2026,27 March 2026,5,4,8,0,20,2,39,0.00%,20,tidak tercapai,2026,75000000,55000000,27%,Bonita
16 February 2026,2026-02-21,salma,4,R12056,BDG036,"Jl. Babakan Ciparay, Suka Asih, Kec. Bojongloa Kaler, Kota Bandung, Jawa Barat 40223",-6.935733,107.584259,8,done,1,0,2 March 2026,7 March 2026,52500000,56000000,56000000,56000000,16,Bonita,baru,168000000,Kota Bandung,2026-05-07,2031-05-06,5,Edwin,8656,151431900,baru,10 March 2026,30 March 2026,selesai,6 April 2026,lunas,5,2026,8 April 2026,5,9,5,3,27,2,51,0.00%,20,tidak tercapai,2026,75000000,56000000,25%,Bonita
18 February 2026,2026-02-27,Djadjang,2,R12063,MGW008,"Jalan Raya Kerobokan, Kelurahan Kerobokan, Kecamatan Kuta Utara, Kabupaten Badung, Bali",-8.647357,115.170876,7,done,1,0,3 March 2026,11 March 2026,37500000,45000000,45000000,45000000,16,Bonita,baru,90000000,Kab. Badung,2026-05-11,2028-05-10,4,Trimo,8663,158845150,baru,16 April 2026,13 May 2026,selesai,22 May 2026,lunas,8,2026,25 May 2026,9,4,8,35,36,3,96,0.00%,27,tidak tercapai,2026,50000000,45000000,10%,Bonita
18 February 2026,2026-02-20,Dara,22,R12065,KYB046,"Jl. Sawo Kecik Raya, Bukit Duri, Kec. Tebet, Kota Jakarta Selatan, Daerah Khusus Ibukota Jakarta 12840",-6.224175,106.855156,8,done,1,0,25 February 2026,2 March 2026,42000000,47000000,47000000,47000000,16,Bonita,baru,141000000,Kota Jakarta Selatan,2026-05-02,2031-05-01,4,Trimo,8665,113800660,baru,4 March 2026,24 March 2026,selesai,16 March 2026,lunas,5,2026,27 March 2026,2,6,5,1,12,11,37,0.00%,20,tercapai,2026,60000000,47000000,22%,Bonita
18 February 2026,2026-02-27,Dara,22,R12068,BTG010,"Jalan Raya Beji,  Desa Beji, Kecamatan Tulis, Kabupaten Batang, Jawa Tengah",-6.95184,109.802429,20,done,1,0,6 March 2026,31 March 2026,18000000,18000000,25000000,18000000,18,Mirza,baru,54000000,Kab. Batang,2026-05-31,2029-05-30,2,Sarjono,8668,167187750,baru,2 April 2026,30 April 2026,selesai,28 April 2026,lunas,25,2026,2 May 2026,9,7,25,1,26,4,73,28.00%,28,tercapai,2026,25000000,18000000,28%,Mirza
19 February 2026,2026-02-21,Hanif,6,R12073,CKG069,"Jalan Raya Bekasi, Jatinegara Kaum, Pulo Gadung, Jakarta Timur, Daerah Khusus Ibukota Jakarta, Jawa, 10710, Indonesia",-6.197507,106.90506,18.8,done,1,0,5 March 2026,6 April 2026,52500000,60000000,60000000,60000000,16,Bonita,baru,180000000,Kota Jakarta Timur,2026-05-06,2031-05-05,12,Teguh Karyanto,8673,141968500,baru,10 April 2026,30 April 2026,selesai,5 May 2026,lunas,32,2026,8 May 2026,2,13,32,3,25,3,78,0.00%,20,tidak tercapai,2026,75000000,60000000,20%,Bonita
19 February 2026,2026-02-21,Djadjang,2,R12079,TAB003," Jalan Pahlawan, Desa Delod  Peken, Kecamatan Tabanan, Kabupaten Tabanan, Bali ",-8.53907,115.13031,11,done,1,0,2 March 2026,10 March 2026,33750000,39000000,45000000,39000000,16,Bonita,baru,117000000,Kab. Tabanan,2026-05-10,2031-05-09,4,Trimo,8679,162100200,baru,15 April 2026,5 May 2026,selesai,21 May 2026,lunas,8,2026,23 May 2026,2,9,8,36,36,2,93,13.33%,20,tidak tercapai,2026,45000000,39000000,13%,Bonita
19 February 2026,2026-02-21,Djadjang,2,R12081,TAB002,"Jalan Meliling, Sembung Gede, Kerambitan, Tabanan, Bali, Nusa Tenggara, Indonesia",-8.511329,115.08699,12,done,1,0,27 February 2026,5 March 2026,27000000,27000000,30000000,27000000,18,Mirza,baru,81000000,Kab. Tabanan,2026-03-27,2029-03-26,4,Trimo,8681,180104200,baru,15 April 2026,5 May 2026,selesai,3 June 2026,lunas,6,2026,4 June 2026,2,6,6,40,49,1,105,10.00%,20,tidak tercapai,2026,30000000,27000000,10%,Mirza
20 February 2026,2026-03-12,Hanif,6,R12085,TJP035,"Jalan Kelapa Muda IV, Tugu Utara, Koja, Jakarta Utara, Daerah Khusus Ibukota Jakarta, Jawa, 14260, Indonesia",-6.1239,106.905556,10,done,1,0,6 April 2026,13 April 2026,40000000,45000000,45000000,45000000,16,Bonita,baru,135000000,Kota Jakarta Utara,2026-05-13,2031-05-12,2,Sarjono,8685,123696440,baru,16 April 2026,6 May 2026,selesai,6 May 2026,lunas,7,2026,8 May 2026,20,26,7,3,20,2,77,0.00%,20,tidak tercapai,2026,45000000,45000000,0%,Bonita
20 February 2026,2026-03-02,Dara,22,R12095,KYB048,"Jalan Dr. Saharjo, Kelurahan  Manggarai Selatan, Kecamatan Tebet, Jakarta Selatan, DKI Jakarta ",-6.215427,106.843864,13.8,done,1,0,6 April 2026,16 April 2026,42000000,47500000,47500000,47500000,16,Bonita,baru,142500000,Kota Jakarta Selatan,2026-05-16,2031-05-15,2,Sarjono,8695,122649520,baru,18 April 2026,8 May 2026,selesai,29 April 2026,lunas,10,2026,5 May 2026,10,36,10,1,11,6,74,0.00%,20,tercapai,2026,50000000,47500000,5%,Bonita
20 February 2026,2026-03-02,Djadjang,2,R12096,GIN003,"Jalan Raya Goa Gajah, Peliatan, Kecamatan Ubud, Gianyar, Bali, Nusa Tenggara, 80571, Indonesia",-8.523066,115.277542,17,done,1,0,1 April 2026,27 April 2026,50000000,55000000,60000000,55000000,18,Mirza,baru,165000000,Kab. Gianyar,2026-05-27,2031-05-26,4,Trimo,8696,153229700,baru,2 May 2026,1 June 2026,selesai,25 June 2026,lunas,26,2026,26 June 2026,10,30,26,4,54,1,126,8.33%,30,tidak tercapai,2026,60000000,55000000,8%,Mirza
21 February 2026,2026-03-02,Dara,22,R12108,CLP012,"Jalan Raya Tugu Timur, Desa  Sampang, Kecamatan Sampang, Kabupaten Cilacap, Jawa Tengah",-7.562021,109.202171,118,done,1,0,3 March 2026,14 March 2026,33750000,35000000,35000000,35000000,16,Bonita,baru,105000000,Kab. Cilacap,2026-05-14,2031-05-13,2,Sarjono,8708,150904300,baru,28 March 2026,17 April 2026,selesai,2 April 2026,lunas,11,2026,18 April 2026,9,2,11,13,5,16,56,0.00%,20,tercapai,2026,45000000,3500000,92%,Bonita
21 February 2026,2026-03-02,Dara,22,R12108,CLP012,"Jalan Raya Tugu Timur, Desa  Sampang, Kecamatan Sampang, Kabupaten Cilacap, Jawa Tengah",-7.562021,109.202171,118,done,1,0,3 March 2026,14 March 2026,33750000,35000000,35000000,35000000,16,Bonita,baru,105000000,Kab. Cilacap,2026-05-14,2031-05-13,2,Sarjono,8708,150904300,baru,28 March 2026,17 April 2026,selesai,17 April 2026,lunas,11,2026,18 April 2026,9,2,11,13,20,1,56,0.00%,20,tidak tercapai,2026,45000000,3500000,92%,Bonita
21 February 2026,2026-03-02,Dara,22,R12111,CLP013,"Jl. Yos Sudarso, Tanjungsari, Sindangsari, Kec. Majenang, Kabupaten Cilacap, Jawa Tengah 53257",-7.301221,108.767136,10,berkas,1,0,8 May 2026,16 May 2026,16000000,17000000,19000000,17000000,18,Mirza,baru,51000000,Kab. Cilacap,2026-07-15,2031-07-14,12,Teguh Karyanto,8711,125794200,baru,21 May 2026,14 June 2026,selesai,11 June 2026,lunas,8,2026,13 June 2026,9,67,8,4,21,2,112,10.53%,24,tercapai,2026,19000000,17000000,11%,Mirza
23 February 2026,2026-03-02,salma,4,R12123,BNR002,"Jalan Brubahan, Kelurahan  Purwonegoro, Kecamatan Purwanegara, Kabupaten Banjarnegara, Jawa Tengah",-7.434761,109.56102,10,done,1,0,6 March 2026,13 March 2026,15000000,15000000,20000000,15000000,18,Mirza,baru,45000000,Kab. Banjarnegara,2026-05-13,2031-05-12,12,Teguh Karyanto,8723,146798800,baru,25 March 2026,14 April 2026,selesai,23 April 2026,lunas,7,2026,27 April 2026,7,5,7,11,29,4,63,25.00%,20,tidak tercapai,2026,20000000,15000000,25%,Mirza
23 February 2026,2026-03-02,Dara,22,R12124,GRT045,"Jl. Guntur Melati, Haurpanggung, Kec. Tarogong Kidul, Kabupaten Garut, Jawa Barat 44151",-7.206526,107.904732,10,done,1,0,6 March 2026,11 March 2026,15000000,15000000,20000000,15000000,18,Mirza,baru,45000000,Kab. Garut,2026-05-11,2031-05-10,5,Edwin,8724,125104340,baru,13 March 2026,2 April 2026,selesai,6 April 2026,lunas,5,2026,8 April 2026,7,4,5,1,24,2,44,25.00%,20,tidak tercapai,2026,20000000,15000000,25%,Mirza
23 February 2026,2026-03-02,Dara,22,R12125,SBR054,"Jl. Pamengkang Raya, Pamengkang, Kec. Mundu, Kabupaten Cirebon, Jawa Barat 45173",-6.763235,108.561607,12,done,1,0,6 March 2026,12 March 2026,24000000,24000000,30000000,24000000,18,Mirza,baru,72000000,Kab. Cirebon,2026-05-12,2031-05-11,2,Sarjono,8725,115772550,baru,14 March 2026,3 April 2026,selesai,6 April 2026,lunas,6,2026,8 April 2026,7,4,6,2,23,2,44,20.00%,20,tidak tercapai,2026,30000000,24000000,20%,Mirza
24 February 2026,2026-03-02,Hanif,6,R12128,DPK067,"Jalan ERHA, Gandul, Cinere, Depok, Jawa Barat, Jawa, 16512, Indonesia",-6.343105,106.796844,9,done,1,0,6 April 2026,11 April 2026,32000000,32000000,37000000,32000000,18,Mirza,baru,96000000,Kota Depok,2026-06-11,2031-06-10,4,Trimo,8728,130634860,baru,14 April 2026,4 May 2026,selesai,8 May 2026,lunas,5,2026,11 May 2026,6,35,5,3,24,3,76,13.51%,20,tidak tercapai,2026,37000000,32000000,14%,Mirza
24 February 2026,2026-03-02,Dara,22,R12132,TGR061,"Jl. Raya Dadap, Kosambi Timur, Kec. Kosambi, Kabupaten Tangerang, Banten",-6.085392,106.70163,11,done,1,0,1 April 2026,9 April 2026,30000000,30000000,36000000,30000000,18,Mirza,baru,90000000,Kab. Tangerang,2026-06-09,2031-06-08,12,Teguh Karyanto,8732,142168050,baru,12 April 2026,4 May 2026,selesai,11 May 2026,lunas,8,2026,12 May 2026,6,31,8,2,29,1,77,16.67%,22,tidak tercapai,2026,36000000,30000000,17%,Mirza
26 February 2026,2026-03-05,Hanif,6,R12150,CKR060,"Jalan Bosih Raya, Wanasari, Kec. Cibitung, Kab Bekasi, Jawa Barat, Indonesia",-6.231725,107.093147,9,done,1,0,30 March 2026,1 April 2026,30000000,35000000,35000000,35000000,16,Bonita,baru,105000000,Kab. Bekasi,2026-06-01,2029-05-31,2,Sarjono,8750,118910800,baru,4 April 2026,24 April 2026,selesai,20 April 2026,lunas,2,2026,22 April 2026,7,25,2,3,16,2,55,0.00%,20,tercapai,2026,40000000,35000000,13%,Bonita
26 February 2026,2026-03-05,Hanif,6,R12153,CKR059,"Jalan Perjuangan, Desa  Sukadanau, Kecamatan Cikarang Barat, Kabupaten Bekasi, Jawa Barat 17520",-6.273894,107.115547,20,done,1,0,10 March 2026,13 March 2026,15000000,30000000,30000000,30000000,16,Bonita,baru,90000000,Kab. Bekasi,2026-05-13,2031-05-12,2,Sarjono,8753,152529610,baru,16 March 2026,5 April 2026,selesai,7 April 2026,lunas,3,2026,13 April 2026,7,6,3,3,22,6,46,0.00%,20,tidak tercapai,2026,40000000,30000000,25%,Bonita
26 February 2026,2026-03-05,Dika,17,R12161,CMS015,"Jl. Raya Rajadesa,  Desa Rajadesa,  Kecamatan Rajadesa, Kabupaten Ciamis, Jawa Barat ",-7.182718,108.43576,15,done,1,0,26 February 2026,27 March 2026,30000000,40000000,33000000,33000000,17,Dika,baru,99000000,Kab. Ciamis,2026-05-27,2031-05-26,4,Trimo,8761,157610480,baru,28 March 2026,19 April 2026,selesai,25 April 2026,lunas,29,2026,29 April 2026,7,-6,29,1,28,4,62,0.00%,22,tidak tercapai,2026,33000000,33000000,0%,Dika
26 February 2026,2026-03-05,Dika,17,R12162,CMS014," Jalan Raya Rancah, Kelurahan  Rancah, Kecamatan Rancah, Kabupaten Ciamis, Jawa Barat ",-7.198336,108.504501,15,done,1,0,26 February 2026,17 March 2026,15000000,20000000,18000000,18000000,17,Dika,baru,54000000,Kab. Ciamis,2026-05-17,2031-05-16,4,Trimo,8762,150763220,baru,28 March 2026,19 April 2026,selesai,27 April 2026,lunas,19,2026,30 April 2026,7,-6,19,10,30,3,63,0.00%,22,tidak tercapai,2026,18000000,18000000,0%,Dika
26 February 2026,2026-03-05,Dika,17,R12163,SPA017,"Jl. Raya Cikalong, Cikalong, Kec. Cikalong, Kabupaten Tasikmalaya, Jawa Barat 46195",-7.764674,108.172852,10,done,1,0,26 February 2026,20 April 2026,30000000,40000000,30000000,30000000,17,Dika,baru,90000000,Kab. Tasikmalaya,2026-06-20,2031-06-19,5,Edwin,8763,152850043,baru,22 April 2026,12 May 2026,selesai,11 May 2026,lunas,53,2026,16 May 2026,7,-6,53,1,19,5,79,0.00%,20,tercapai,2026,30000000,30000000,0%,Dika
26 February 2026,2026-03-05,Dika,17,R12164,CJR037,"Jalan Raya Kertajadi Cidaun, Kelurahan  Kertajadi, Kecamatan Cidaun, Kabupaten Cianjur, Jawa Barat",-7.489836,107.346107,10,done,1,0,26 February 2026,20 April 2026,22500000,30000000,23000000,23000000,17,Dika,baru,69000000,Kab. Cianjur,2026-06-20,2031-06-19,12,Teguh Karyanto,8764,139133700,baru,28 April 2026,20 May 2026,selesai,2 June 2026,lunas,53,2026,3 June 2026,7,-6,53,8,35,1,97,0.00%,22,tidak tercapai,2026,23000000,23000000,0%,Dika
26 February 2026,2026-03-05,Djadjang,2,R12165,TNG050,"Jalan Taman Asri, Gaga, Larangan, Tangerang, Banten, Jawa, 15154, Indonesia",-6.235315,106.730377,10,done,1,0,9 May 2026,13 May 2026,30000000,31500000,36000000,31500000,18,Mirza,baru,94500000,Kota Tangerang,2026-07-13,2031-07-12,2,Sarjono,8765,120014790,baru,16 May 2026,10 June 2026,selesai,30 May 2026,lunas,4,2026,3 June 2026,7,65,4,2,14,4,97,12.50%,25,tercapai,2026,36000000,31500000,13%,Mirza
26 February 2026,2026-03-12,salma,4,R12170,RBG005,"Jl. Jend. Sudirman, Pandean, Kec. Rembang, Kabupaten Rembang, Jawa Tengah 59211",-6.70504,111.350571,15,done,1,0,1 April 2026,14 April 2026,18000000,18000000,20000000,18000000,18,Mirza,baru,54000000,Kab. Rembang,2026-05-01,2031-04-30,4,Trimo,8770,165847200,baru,21 April 2026,11 May 2026,selesai,2 June 2026,lunas,13,2026,4 June 2026,14,21,13,7,42,2,98,10.00%,20,tidak tercapai,2026,20000000,18000000,10%,Mirza
27 February 2026,2026-03-02,Dara,22,R12172,KYB047,"Jl. Sultan Agung, Pasar Manggis, Kecamatan Setiabudi, Kota Jakarta Selatan, Daerah Khusus Ibukota Jakarta 12970",-6.207679,106.842537,6,done,1,0,10 March 2026,13 March 2026,30000000,32000000,32000000,32000000,16,Bonita,baru,96000000,Kota Jakarta Selatan,2026-05-13,2031-05-12,4,Trimo,8772,159778420,baru,25 March 2026,21 April 2026,selesai,16 April 2026,lunas,3,2026,21 April 2026,3,9,3,11,22,5,53,0.00%,27,tercapai,2026,40000000,32000000,20%,Bonita
27 February 2026,2026-03-12,Dara,22,R12180,CLG013,"Jalan Mayjend Sutoyo,  Desa  Rawa Arum, Kecamatan Gerogol, Kota Cilegon, Banten",-5.982911,106.011459,20,done,1,0,27 February 2026,31 March 2026,42000000,60000000,45000000,45000000,22,Dara,baru,135000000,Kota Cilegon,2026-05-31,2031-05-30,5,Edwin,8780,174910936,baru,4 April 2026,26 April 2026,selesai,30 April 2026,lunas,32,2026,6 May 2026,13,-12,32,3,26,6,68,0.00%,22,tidak tercapai,2026,60000000,45000000,25%,Bonita
28 February 2026,2026-03-05,Hanif,6,R12193,KWG082," Jalan Cengkong, Desa Cengkong, Kecamatan Purwasari, Kabupaten Karawang, Jawa Barat ",-6.366917,107.398392,8,done,1,0,9 March 2026,17 March 2026,18750000,20000000,20000000,20000000,16,Bonita,baru,100000000,Kab. Karawang,2026-05-17,2031-05-16,2,Sarjono,8793,112819800,baru,25 March 2026,14 April 2026,selesai,10 April 2026,lunas,8,2026,15 April 2026,5,4,8,8,16,5,46,0.00%,20,tercapai,2026,25000000,20000000,20%,Bonita
28 February 2026,2026-03-05,Hanif,6,R12197,KWG083,"Jl. Majalaya Raya, Bengle, Majalaya, Karawang, Jawa Barat, Jawa, 41371, Indonesia",-6.327128,107.358627,6,done,1,0,2 April 2026,10 April 2026,14000000,19500000,20000000,35000000,18,Mirza,baru,105000000,Kab. Karawang,2026-06-10,2031-06-09,2,Sarjono,8797,130483300,baru,13 April 2026,5 May 2026,selesai,24 April 2026,lunas,8,2026,9 May 2026,5,28,8,2,11,15,70,-75.00%,22,tercapai,2026,20000000,19500000,3%,Mirza
28 February 2026,2026-03-12,salma,4,R12198,PWD005,"Jalan Diponegoro, Kelurahan  Kalongan, Kecamatan Purwodadi, Kabupaten Grobogan, Jawa Tengah",-7.112954,110.91169,16,done,1,0,30 March 2026,9 April 2026,45000000,47000000,47000000,47000000,16,Bonita,baru,141000000,Kab. Grobogan,2026-06-09,2031-06-08,4,Trimo,8798,153066360,baru,14 April 2026,4 May 2026,selesai,13 May 2026,lunas,10,2026,15 May 2026,12,19,10,4,29,2,76,0.00%,20,tidak tercapai,2026,55000000,47000000,15%,Bonita
1 March 2026,2026-03-12,Hanif,6,R12205,SMD021,"Jalan Pangeran Sugih, Kotakulon, Sumedang Selatan, Sumedang, Jawa Barat, Jawa, 45321, Indonesia",-6.847287,107.915115,8.3,done,1,0,18 March 2026,8 April 2026,22000000,24000000,27000000,31000000,18,Mirza,baru,93000000,Kab. Sumedang,2026-06-08,2031-06-07,5,Edwin,8805,156585106,baru,11 April 2026,1 May 2026,selesai,4 May 2026,lunas,21,2026,6 May 2026,11,7,21,2,23,2,66,-14.81%,20,tidak tercapai,2026,27000000,24000000,11%,Mirza
2 March 2026,2026-03-05,Hanif,6,R12221,NPH028,"Jalan Raya Purwakarta, Cempakamekar, Padalarang, Bandung Barat, Jawa Barat, Jawa, 40532, Indonesia",-6.809926,107.464943,10,done,1,0,9 March 2026,8 April 2026,30000000,35000000,35000000,35000000,16,Bonita,baru,105000000,Kab. Bandung Barat,2026-05-08,2031-05-07,2,Sarjono,8821,125458800,baru,9 April 2026,29 April 2026,selesai,23 April 2026,lunas,30,2026,27 April 2026,3,4,30,0,14,4,56,0.00%,20,tercapai,2026,40000000,35000000,13%,Bonita
3 March 2026,2026-03-12,Dara,22,R12241,BLA006,"Jalan Pemuda, Kelurahan Mlangsen, Kecamatan Blora, Kabupaten Blora, Jawa Tengah ",-6.969939,111.41658,20,done,1,0,28 March 2026,9 May 2026,64000000,65000000,90000000,70000000,16,Bonita,baru,210000000,Kab. Blora,2026-06-09,2031-06-08,4,Trimo,8841,155962200,baru,16 May 2026,10 June 2026,selesai,30 June 2026,lunas,42,2026,3 July 2026,9,16,42,7,45,3,122,22.22%,25,tidak tercapai,2026,90000000,65000000,28%,Bonita
4 March 2026,2026-03-05,Dara,22,R12252,MDN008,"Jalan Rajawali, Kelurahan Sei Sikambing  B, Medan Sunggal, Kota Medan, Sumatera Utara ",3.584669,98.633263,12,done,1,0,1 April 2026,9 April 2026,30000000,33000000,33000000,33000000,16,Bonita,baru,99000000,Kota Medan,2026-06-09,2031-06-08,6,Sendy,8852,138097200,baru,29 April 2026,19 May 2026,selesai,18 May 2026,lunas,8,2026,20 May 2026,1,27,8,19,19,2,77,0.00%,20,tercapai,2026,35000000,33000000,6%,Bonita
5 March 2026,2026-03-16,Dika,17,R12255,CBN015,"Jl. Kanoman, No.09  Rt/Rw 001/010, Pekalipan, Kec. Pekalipan, Kota Cirebon, Jawa Barat 45117",-6.720694,108.568153,7.5,done,1,0,5 March 2026,26 March 2026,22500000,30000000,27000000,27000000,17,Dika,baru,81000000,Kota Cirebon,2026-05-26,2031-05-25,3,CV. Rizki Mitra Abadi,8855,132935420,baru,30 March 2026,23 April 2026,selesai,23 April 2026,lunas,21,2026,27 April 2026,11,-11,21,3,24,4,53,0.00%,24,tidak tercapai,2026,27000000,27000000,0%,Dika
5 March 2026,2026-03-05,Dara,22,R12258,MDN007," Jalan Williem Iskandar, Desa  Sidorejo, Kecamatan Medan Tembung, Kota Medan, Sumatera Utara",3.600432,98.706535,15,done,1,0,30 March 2026,1 April 2026,25000000,30000000,30000000,30000000,16,Bonita,baru,90000000,Kota Medan,2026-06-01,2031-06-30,6,Sendy,8858,130922000,baru,16 April 2026,6 May 2026,selesai,12 May 2026,lunas,2,2026,15 May 2026,0,25,2,14,26,3,71,0.00%,20,tidak tercapai,2026,30000000,30000000,0%,Bonita
6 March 2026,2026-03-12,Dara,22,R12275,TSM020,"Jalan Hz. Mustofa, Kelurahan Tugujaya, Kecamatan Cihideung, Kota Tasikmalaya, Jawa Barat",-7.344301,108.217529,7,done,1,0,30 March 2026,2 April 2026,29000000,30000000,30000000,30000000,16,Bonita,baru,90000000,Kab. Tasikmalaya,2026-06-02,2031-06-01,5,Edwin,8875,121737296,baru,7 April 2026,27 April 2026,selesai,24 April 2026,lunas,3,2026,29 April 2026,6,18,3,4,17,5,54,0.00%,20,tercapai,2026,40000000,30000000,25%,Bonita
6 March 2026,2026-03-12,salma,4,R12280,TNG051,"Jl. Inpres Raya, Larangan Utara, Kec. Larangan, Kota Tangerang, Banten 15154",-6.233417,106.726318,8,mirza,1,0,1 April 2026,25 May 2026,60000000,75000000,80000000,70000000,16,Bonita,baru,210000000,Kota Tangerang,2026-06-25,2031-06-24,5,Edwin,8880,131231780,baru,3 June 2026,28 June 2026,selesai,19 June 2026,lunas,54,2026,3 July 2026,6,20,54,9,16,14,119,12.50%,25,tercapai,2026,80000000,70000000,13%,Bonita
7 March 2026,2026-03-12,Dara,22,R12282,KWG084,"Jl. Ciranggon Raya, Pasirjengkol, Majalaya, Karawang, West Java 41388",-6.31132,107.347961,10,done,1,0,2 April 2026,15 April 2026,25000000,25000000,30000000,25000000,18,Mirza,baru,75000000,Kab. Karawang,2026-06-15,2031-06-14,3,CV. Rizki Mitra Abadi,8882,137556710,baru,21 April 2026,15 May 2026,selesai,16 May 2026,lunas,13,2026,19 May 2026,5,22,13,5,25,3,73,16.67%,24,tidak tercapai,2026,30000000,25000000,17%,Mirza
7 March 2026,2026-03-12,salma,4,R12284,SLW015,"Jalan Raya Banjaranyar,  Kelurahan Banjaranyar, Kecamatan Balapulang,  Kabupaten Tegal, Jawa Tengah",-7.087895,109.084229,10,done,1,0,6 April 2026,14 April 2026,24000000,24000000,27000000,24000000,18,Mirza,baru,72000000,Kab. Tegal,2026-05-14,2031-05-13,3,CV. Rizki Mitra Abadi,8884,143876700,baru,17 April 2026,9 May 2026,selesai,9 May 2026,lunas,8,2026,11 May 2026,5,25,8,2,22,2,65,11.11%,22,tidak tercapai,2026,27000000,24000000,11%,Mirza
8 March 2026,2026-03-31,Hanif,6,R12293,KLN012,"Jalan Raya  Jatinom, Bonyokan, Jatinom, Klaten, Jawa Tengah, Jawa, 57475, Indonesia",-7.631211,110.597389,12,done,1,0,2 April 2026,18 April 2026,24000000,25000000,30000000,30000000,16,Bonita,baru,150000000,Kab. Klaten,2026-06-18,2031-06-17,2,Sarjono,8893,127636280,baru,20 April 2026,10 May 2026,selesai,7 May 2026,lunas,16,2026,9 May 2026,23,2,16,1,17,2,62,0.00%,20,tercapai,2026,30000000,30000000,0%,Bonita
8 March 2026,2026-03-12,Djadjang,2,R12294,SPA014,"Jalan Raya Mangunreja, Desa Mangunreja, Kec. Mangunreja, Tasikmalaya, Jawa, 46414, Indonesia",-7.365863,108.1017,15,done,1,0,30 March 2026,4 April 2026,35000000,37000000,37000000,37000000,16,Bonita,baru,111000000,Kab. Tasikmalaya,2026-05-04,2031-05-03,5,Edwin,8894,172459653,baru,8 April 2026,30 April 2026,selesai,28 April 2026,lunas,5,2026,2 May 2026,4,19,5,3,20,4,55,0.00%,22,tercapai,2026,45000000,37000000,18%,Bonita
8 March 2026,2026-03-12,Djadjang,2,R12299,SPA016," Jalan Raya Salopa, Desa Mandalahayu, Kecamatan Salopa, Kabupaten Tasikmalaya, Jawa Barat ",-7.518,108.271042,18,done,1,0,1 April 2026,8 April 2026,25000000,25000000,30000000,25000000,18,Mirza,baru,75000000,Kab. Tasikmalaya,2026-06-08,2031-06-07,5,Edwin,8899,120420256,baru,10 April 2026,2 May 2026,selesai,6 May 2026,lunas,7,2026,8 May 2026,4,21,7,1,26,2,61,16.67%,22,tidak tercapai,2026,30000000,25000000,17%,Mirza
8 March 2026,2026-03-12,Djadjang,2,R12300,SPA015,"Jalan Raya Cikatomas, Desa Pakemitan, Kecamatan Cikatomas, Kabupaten Tasikmalaya, Jawa Barat",-7.620356,108.25766,10,done,1,0,1 April 2026,8 April 2026,22000000,23000000,25000000,23000000,18,Mirza,baru,69000000,Kab. Tasikmalaya,2026-06-08,2031-06-07,5,Edwin,8900,161746365,baru,11 April 2026,3 May 2026,selesai,8 May 2026,lunas,7,2026,11 May 2026,4,21,7,3,27,3,64,8.00%,22,tidak tercapai,2026,25000000,23000000,8%,Mirza
9 March 2026,2026-03-18,Hanif,6,R12307,KRG005,"Jalan Raya Solo-Sragen, Desa Kemiri, Kecamatan Kebakkramat, Kabupaten Karanganyar, Jawa Tengah",-7.531762,110.899902,4,done,1,0,27 March 2026,6 April 2026,19000000,20000000,20000000,20000000,16,Bonita,baru,60000000,Kab. Karanganyar,2026-06-06,2031-06-05,4,Trimo,8907,158942360,baru,9 April 2026,3 May 2026,selesai,15 May 2026,lunas,10,2026,22 May 2026,9,10,10,3,36,7,74,0.00%,24,tidak tercapai,2026,25000000,20000000,20%,Bonita
10 March 2026,2026-03-31,Hanif,6,R12325,PWD006,"Jalan Raya Karangrayung-Juwangi, Kelurahan Sumberjosari, Kecamatan Karangrayung, Kabupaten Grobogan, Jawa Tengah, Jawa, Indonesia",-7.117538,110.779877,6,done,1,0,10 March 2026,7 May 2026,10500000,14000000,28000000,23500000,22,Dara,baru,70500000,Kab. Grobogan,2026-06-07,2031-06-06,5,Edwin,8925,137018920,baru,12 May 2026,13 June 2026,selesai,2 June 2026,lunas,58,2026,17 June 2026,21,-21,58,4,21,15,99,16.07%,32,tercapai,2026,28000000,22500000,20%,Bonita
10 March 2026,2026-03-31,Dika,17,R12332,KNG021,"Jl. Raya Kuningan Ciamis, Darma, Kec. Darma, Kabupaten Kuningan, Jawa Barat 45562",-7.002595,108.401604,10,done,1,0,10 March 2026,22 April 2026,15000000,20000000,17000000,17000000,17,Dika,baru,51000000,Kab. Kuningan,2026-06-22,2031-06-21,4,Trimo,8932,135723700,baru,29 April 2026,21 May 2026,selesai,11 June 2026,lunas,43,2026,12 June 2026,21,-20,43,7,43,1,94,0.00%,22,tidak tercapai,2026,17000000,17000000,0%,Dika
10 March 2026,2026-03-31,salma,4,R12335,BBS024,"Jalan Raya Grengseng  Paguyangan, Taraban, Kec. Paguyangan, Kabupaten Brebes, Jawa Tengah 52273",-7.290963,109.031418,30,done,1,0,2 April 2026,10 April 2026,20000000,20000000,25000000,20000000,18,Mirza,baru,60000000,Kab. Brebes,2026-06-10,2031-06-09,3,CV. Rizki Mitra Abadi,8935,154699690,baru,15 April 2026,12 May 2026,selesai,18 May 2026,lunas,8,2026,20 May 2026,21,3,8,4,33,2,71,20.00%,27,tidak tercapai,2026,25000000,20000000,20%,Mirza
12 March 2026,2026-03-12,Dara,22,R12345,TNG049,"Jl. Sanggego Raya, Koang Jaya, Kec. Karawaci, Kota Tangerang, Banten 15112",-6.160058,106.621727,14,done,1,0,31 March 2026,4 April 2026,40000000,44000000,44000000,44000000,16,Bonita,baru,132000000,Kota Tangerang,2026-05-04,2031-05-03,3,CV. Rizki Mitra Abadi,8945,150182670,baru,6 April 2026,1 May 2026,selesai,28 April 2026,lunas,4,2026,2 May 2026,0,20,4,2,22,4,51,0.00%,25,tercapai,2026,49000000,45000000,8%,Bonita
12 March 2026,2026-04-02,Dara,22,R12350,GGP052,"Jalan KS. Tubun Raya, Kelurahan Slipi, Kec. Palmerah, Kota Jakarta Barat, Daerah Khusus Ibukota Jakarta 11480",-6.199254,106.802467,10,done,1,0,16 April 2026,27 April 2026,50000000,55000000,55000000,55000000,16,Bonita,baru,165000000,Kota Jakarta Barat,2026-05-11,2031-05-10,15,Dimas Andri Sulistyo,8950,107492856,baru,6 May 2026,31 May 2026,selesai,10 June 2026,lunas,11,2026,11 June 2026,21,15,11,8,35,1,91,0.00%,25,tidak tercapai,2026,65000000,55000000,15%,Bonita
14 March 2026,2026-04-02,Dara,22,R12366,SLW017,"Jalan Raya Suradadi, Kelurahan Suradadi, Kecamatan Suradadi, Kabupaten Tegal, Jawa Tengah",-6.874658,109.277092,14,done,1,0,22 April 2026,29 April 2026,30000000,30000000,40000000,30000000,18,Mirza,baru,90000000,Kab. Tegal,2026-06-29,2031-06-28,2,Sarjono,8966,152908940,baru,4 May 2026,24 May 2026,selesai,19 May 2026,lunas,7,2026,28 May 2026,19,21,7,4,15,9,75,25.00%,20,tercapai,2026,40000000,30000000,25%,Mirza
14 March 2026,2026-04-21,salma,4,R12367,CKR062,"Jl. Raya Kedung Waringin No.RT. 02, Kedungwaringin, Kec. Kedungwaringin, Kabupaten Bekasi, Jawa Barat 17540",-6.265019,107.272896,15,done,1,0,17 April 2026,24 April 2026,25000000,25000000,33000000,25000000,18,Mirza,baru,75000000,Kab. Bekasi,2026-05-24,2031-05-23,3,CV. Rizki Mitra Abadi,8967,126732200,baru,18 May 2026,13 June 2026,selesai,30 May 2026,lunas,7,2026,4 June 2026,38,-4,7,24,12,5,82,24.24%,26,tercapai,2026,33000000,25000000,24%,Mirza
15 March 2026,2026-04-02,Djadjang,2,R12369,SOR057,"Jalan Katapang Andir, Desa Bojongmalaka, Kecamatan Baleendah, Kabupaten Bandung, Jawa Barat ",-6.983129,107.606613,120,done,1,0,7 April 2026,15 April 2026,20000000,20000000,26000000,21000000,18,Mirza,baru,63000000,Kab. Bandung,2026-06-15,2031-06-14,5,Edwin,8969,119884156,baru,17 April 2026,7 May 2026,selesai,13 May 2026,lunas,8,2026,15 May 2026,18,6,8,1,26,2,61,19.23%,20,tidak tercapai,2026,26000000,21000000,19%,Mirza
16 March 2026,2026-03-30,Dika,17,R12373,CBI123," Jalan Raya Jakarta-Bogor,  Kelurahan Cimandala, Kecamatan Sukaraja, Kabupaten Bogor, Jawa Barat",-6.542783,106.826202,15,done,1,0,1 April 2026,15 April 2026,45000000,44000000,44000000,44000000,16,Bonita,baru,132000000,Kab. Bogor,2026-06-15,2031-06-14,4,Trimo,8973,155698310,baru,18 April 2026,9 May 2026,selesai,3 June 2026,lunas,14,2026,4 June 2026,14,2,14,3,46,1,80,0.00%,21,tidak tercapai,2026,55000000,44000000,20%,Bonita
16 March 2026,2026-04-02,Djadjang,2,R12380,BDG043,"Jalan Raya Cipamokolan, Cipamokolan, Rancasari, Kota Bandung, Jawa Barat, Jawa, 40292, Indonesia",-6.941579,107.677193,12,done,1,0,27 April 2026,11 May 2026,50000000,55000000,60000000,55000000,16,Bonita,baru,165000000,Kota Bandung,2026-07-11,2031-07-10,3,CV. Rizki Mitra Abadi,8980,129071540,baru,18 May 2026,14 June 2026,selesai,9 June 2026,lunas,14,2026,11 June 2026,17,25,14,6,22,2,87,8.33%,27,tercapai,2026,60000000,55000000,8%,Bonita
16 March 2026,2026-04-02,Djadjang,2,R12382,BDG040,"Jalan Soekarno-Hatta, Kelurahan  Cipamokolan, Kecamatan Rancasari, Kota Bandung, Jawa Barat",-6.937835,107.677284,12,done,1,0,16 April 2026,23 April 2026,44000000,48000000,48000000,48000000,16,Bonita,baru,144000000,Kota Bandung,2026-06-23,2031-06-22,5,Edwin,8982,119386696,baru,28 April 2026,18 May 2026,selesai,18 May 2026,lunas,7,2026,20 May 2026,17,14,7,4,20,2,65,0.00%,20,tidak tercapai,2026,60000000,48000000,20%,Bonita
17 March 2026,2026-04-02,Hanif,6,R12407,BKS085,"Jalan Cikunir Raya, Jakamulya, Bekasi Selatan, Bekasi, Jawa Barat, Jawa, 17146, Indonesia",-6.276749,106.96151,8,done,1,0,6 April 2026,15 April 2026,12000000,13000000,25000000,25000000,16,Bonita,baru,75000000,Kota Bekasi,2026-06-15,2031-06-14,12,Teguh Karyanto,9007,145028300,baru,17 April 2026,7 May 2026,selesai,25 May 2026,lunas,9,2026,28 May 2026,16,4,9,2,38,3,72,0.00%,20,tidak tercapai,2026,34000000,25000000,26%,Bonita
17 March 2026,2026-04-02,Dara,22,R12408,WNG007,"Jalan Raya Jatipurno, Jatipurno, Kec. Jatipurno, Kabupaten Wonogiri, Jawa Tengah 57693",-7.798699,111.134262,12,done,1,0,8 April 2026,18 April 2026,7000000,9000000,10000000,9000000,18,Mirza,baru,27000000,Kab. Wonogiri,2026-06-18,2031-06-17,2,Sarjono,9008,109374820,baru,20 April 2026,10 May 2026,selesai,6 May 2026,lunas,10,2026,9 May 2026,16,7,10,2,16,3,53,10.00%,20,tercapai,2026,10000000,9000000,10%,Mirza
18 March 2026,2026-04-07,Dara,22,R12418,BTG011,"Jalan Ahmad Yani, Kelurahan Kauman, Kecamatan Batang, Kabupaten Batang, Jawa Tengah",-6.917367,109.727982,10,done,1,0,16 April 2026,21 April 2026,15000000,18000000,18000000,18000000,16,Bonita,baru,54000000,Kab. Batang,2026-06-21,2031-06-20,4,Trimo,9018,141582700,baru,27 April 2026,17 May 2026,selesai,26 May 2026,lunas,5,2026,28 May 2026,20,10,5,5,29,2,71,0.00%,20,tidak tercapai,2026,20000000,18000000,10%,Bonita
27 March 2026,2026-03-31,Dara,22,R12445,PWT022,"Jl. Sunan Ampel No. 569 Rt03 Rw06, Kel. Pabuaran, Kec. Purwokerto Utara, Kabupaten Banyumas, Jawa Tengah",-7.393423,109.248108,20,berkas,1,0,1 April 2026,19 May 2026,29000000,30000000,40000000,30000000,16,Bonita,baru,90000000,Kab. Banyumas,2026-06-19,2029-06-18,5,Edwin,9045,148040810,baru,25 May 2026,19 June 2026,selesai,17 June 2026,lunas,48,2026,23 June 2026,4,2,48,5,23,6,88,25.00%,25,tercapai,2026,40000000,30000000,25%,Bonita
29 March 2026,2026-04-08,Djadjang,2,R12460,UNR013,"Jalan HOS Cokroaminoto, Ungaran, Ungaran Barat, Kabupaten Semarang, Jawa Tengah, Jawa, 50511, Indonesia",-7.127134,110.403625,8,done,1,0,10 April 2026,9 May 2026,26000000,35000000,35000000,35000000,18,Mirza,baru,105000000,Kab. Semarang,2026-07-09,2029-07-08,12,Teguh Karyanto,9060,146258500,baru,12 May 2026,6 June 2026,selesai,3 June 2026,lunas,29,2026,15 June 2026,10,3,29,3,22,12,78,0.00%,25,tercapai,2026,35000000,35000000,0%,Mirza
29 March 2026,2026-04-07,Djadjang,2,R12463,UNR008,"Jalan Pemuda, Lodoyong, Ambarawa, Kabupaten Semarang, Jawa Tengah, Jawa, 50612, Indonesia",-7.262449,110.403801,5,done,1,0,9 April 2026,16 April 2026,56000000,55000000,55000000,55000000,16,Bonita,baru,165000000,Kab. Semarang,2026-05-16,2031-05-15,12,Teguh Karyanto,9063,188749550,baru,20 April 2026,10 May 2026,selesai,16 May 2026,lunas,7,2026,19 May 2026,9,3,7,3,26,3,51,0.00%,20,tidak tercapai,2026,70000000,55000000,21%,Bonita
30 March 2026,2026-04-20,Dara,22,R12467,BNR003," Jalan Raya Pasar Manis, Kelurahan  Punggelan, Kecamatan Punggelan, Kabupaten Banjarnegara, Jawa Tengah ",-7.35394,109.580582,6,done,1,0,24 April 2026,5 May 2026,7000000,7000000,10000000,7000000,18,Mirza,baru,35000000,Kab. Banjarnegara,2026-07-05,2031-07-04,2,Sarjono,9067,118962300,baru,8 May 2026,2 June 2026,selesai,25 May 2026,lunas,11,2026,5 June 2026,21,4,11,2,17,11,67,30.00%,25,tercapai,2026,10000000,7000000,30%,Mirza
30 March 2026,2026-04-08,Djadjang,2,R12468,UNR012,"Jalan Soekarno Hatta, Desa Karangjati, Kecamatan Bergas, Kabupaten Semarang, Jawa Tengah ",-7.18545,110.42717,200,done,1,0,18 April 2026,28 April 2026,48000000,50000000,50000000,50000000,16,Bonita,baru,150000000,Kab. Semarang,2026-06-28,2031-06-27,2,Sarjono,9068,150865690,baru,4 May 2026,24 May 2026,selesai,20 May 2026,lunas,10,2026,28 May 2026,9,10,10,6,16,8,59,0.00%,20,tercapai,2026,65000000,50000000,23%,Bonita
30 March 2026,2026-03-30,Hanif,6,R12470,SLW014," Jl. Raya Banjaran-Balamoa, Desa Dermasandi, Kecamatan Pangkah, Kabupaten Tegal, Jawa Tengah",-6.947554,109.178406,10,done,1,0,1 April 2026,7 April 2026,50000000,55000000,11000000,11000000,16,Bonita,baru,55000000,Kab. Tegal,2026-06-07,2031-06-06,12,Teguh Karyanto,9070,139299600,baru,10 April 2026,30 April 2026,selesai,11 May 2026,lunas,6,2026,3 June 2026,0,2,6,2,31,23,65,0.00%,20,tidak tercapai,2026,65000000,55000000,15%,Bonita
30 March 2026,2026-03-31,Hanif,6,R12477,SLW016,"Jalan Raya Bojong, Bojong, Bojong, Tegal, Jawa Tengah, Jawa, 52466, Indonesia",-7.137403,109.149483,13,done,1,0,2 April 2026,14 April 2026,13000000,16000000,17000000,16000000,18,Mirza,baru,48000000,Kab. Tegal,2026-06-14,2031-06-13,3,CV. Rizki Mitra Abadi,9077,123077000,baru,18 April 2026,18 May 2026,selesai,11 May 2026,lunas,12,2026,22 May 2026,1,2,12,3,23,11,53,5.88%,30,tercapai,2026,17000000,16000000,6%,Mirza
31 March 2026,2026-04-20,Dara,22,R12492,TGR063,"Jalan Raya 
Cangkudu-Cisoka, Kelurahan Selapajang, Kecamatan Cisoka, Kabupaten Tangerang, 
Banten",-6.234692,106.430115,6,berkas,1,0,24 April 2026,18 May 2026,15000000,18000000,20000000,16000000,18,Mirza,baru,80000000,Kab. Tangerang,2026-07-18,2031-07-17,12,Teguh Karyanto,9092,144897850,baru,26 May 2026,20 June 2026,selesai,22 June 2026,lunas,24,2026,24 June 2026,20,5,24,7,27,2,85,20.00%,25,tidak tercapai,2026,20000000,16000000,20%,Mirza
31 March 2026,2026-04-08,Djadjang,2,R12505,UNR011,"Jalan Salatiga-Bringin,  Kelurahan Karangtengah, Kecamatan Tuntang, Kabupaten Semarang, Jawa Tengah",-7.284502,110.515045,16,done,1,0,17 April 2026,22 April 2026,50000000,48000000,48000000,48000000,16,Bonita,baru,144000000,Kab. Semarang,2026-06-22,2031-06-21,2,Sarjono,9105,169516800,baru,29 April 2026,21 May 2026,selesai,11 May 2026,lunas,5,2026,25 May 2026,8,9,5,6,12,14,55,0.00%,22,tercapai,2026,70000000,48000000,31%,Bonita
1 April 2026,2026-04-08,Djadjang,2,R12513,UNR014,"Jalan Raya Salatiga-Muncul KM.1, Gedangan, Tuntang, Kabupaten Semarang, Jawa Tengah, Jawa, 50716, Indonesia",-7.320682,110.473679,16,mirza,1,0,5 June 2026,17 June 2026,32000000,32500000,37500000,32500000,16,Bonita,baru,97500000,Kab. Semarang,2026-08-17,2031-08-16,4,Trimo,9113,152269400,baru,23 June 2026,18 July 2026,selesai,24 July 2026,lunas,12,2026,27 July 2026,7,58,13,5,31,3,117,13.33%,25,tidak tercapai,2026,37500000,32500000,13%,Bonita
1 April 2026,2026-04-08,Djadjang,2,R12519,UNR010,"Jalan Jendral Sudirman, Langensari, Ungaran Barat, Kabupaten Semarang, Jawa Tengah, Jawa, 50552, Indonesia",-7.168158,110.413773,7,done,1,0,10 April 2026,21 April 2026,28000000,34000000,35000000,34000000,18,Mirza,baru,102000000,Kab. Semarang,2026-06-21,2031-06-20,2,Sarjono,9119,141070650,baru,27 April 2026,19 May 2026,selesai,11 May 2026,lunas,11,2026,15 May 2026,7,3,11,5,14,4,44,2.86%,22,tercapai,2026,35000000,34000000,3%,Mirza
1 April 2026,2026-04-08,Djadjang,2,R12520,UNR009," Jalan Diponegoro, Kelurahan Genuk, Kecamatan Unggaran Barat, Kabupaten Semarang, Jawa Tengah",-7.139247,110.405388,8,done,1,0,14 April 2026,17 April 2026,32000000,32000000,40000000,32000000,18,Mirza,baru,96000000,Kab. Semarang,2026-06-17,2031-06-16,12,Teguh Karyanto,9120,153675700,baru,20 April 2026,10 May 2026,selesai,25 May 2026,lunas,3,2026,26 May 2026,7,6,3,2,35,1,55,20.00%,20,tidak tercapai,2026,40000000,32000000,20%,Mirza
1 April 2026,2026-04-20,salma,4,R12521,BDG041,"Jalan Cigending, Kelurahan  Cigending, Kecamatan Ujungberung, Kota Bandung, Jawa Barat",-6.91144,107.702744,10,done,1,0,29 April 2026,8 May 2026,27000000,27000000,30000000,27000000,18,Mirza,baru,81000000,Kab. Bandung,2026-05-22,2031-05-21,3,CV. Rizki Mitra Abadi,9121,122673010,baru,18 May 2026,12 June 2026,selesai,2 June 2026,lunas,9,2026,5 June 2026,19,9,9,9,15,3,65,10.00%,25,tercapai,2026,30000000,27000000,10%,Mirza
4 April 2026,2026-04-20,salma,4,R12538,CJR039,"Jalan Dr. Muwardi, Kelurahan Bojongherang, Kecamatan Cianjur, Kabupaten Cianjur, Jawa Barat",-6.812704,107.140404,13,mirza,1,0,29 June 2026,3 July 2026,26000000,30000000,32000000,30000000,18,Mirza,baru,90000000,Kab. Cianjur,2026-08-03,2029-08-02,5,Edwin,9138,137629720,baru,9 July 2026,8 August 2026,selesai,27 July 2026,lunas,4,2026,4 August 2026,16,70,5,5,18,8,122,6.25%,30,tercapai,2026,32000000,30000000,6%,Mirza
4 April 2026,2026-04-20,salma,4,R12539,KYB049," Jalan Raya Pasar Minggu,  Kelurahan Pejaten Timur, Kecamatan Pasar Minggu, Jakarta Selatan, DKI Jakarta",-6.268095,106.845802,20,done,1,0,24 April 2026,2 May 2026,48000000,50000000,75000000,50000000,16,Bonita,baru,150000000,Kota Jakarta Selatan,2026-07-02,2029-07-01,15,Dimas Andri Sulistyo,9139,141565549,baru,11 May 2026,10 June 2026,selesai,19 June 2026,lunas,8,2026,27 June 2026,16,4,8,8,39,8,84,33.33%,30,tidak tercapai,2026,75000000,50000000,33%,Bonita
5 April 2026,2026-04-20,salma,4,R12541,TGR062,"Jl. Raya Kali Baru, Tj. Burung, Kec. Teluknaga, Kabupaten Tangerang, Banten 15510",-6.061933,106.634895,15,done,1,0,22 April 2026,2 May 2026,10000000,12000000,16000000,12000000,16,Bonita,baru,36000000,Kab. Tangerang,2026-06-02,2031-06-01,4,Trimo,9141,132925800,baru,7 May 2026,1 June 2026,selesai,11 June 2026,lunas,10,2026,13 June 2026,15,2,10,4,35,2,69,25.00%,25,tidak tercapai,2026,16000000,12000000,25%,Bonita
6 April 2026,2026-04-20,Dara,22,R12543,WNG008,"Jl. Raya Solo - Pacitan, Batu Kidul, Baturetno, Kec. Baturetno, Kabupaten Wonogiri, Jawa Tengah 57673",-7.986009,110.934441,12,berkas,1,0,5 May 2026,16 May 2026,38000000,40000000,50000000,40000000,18,Mirza,baru,120000000,Kab. Wonogiri,2026-07-15,2031-07-14,2,Sarjono,9143,129801400,baru,20 May 2026,14 June 2026,selesai,3 June 2026,lunas,11,2026,18 June 2026,14,15,11,3,14,15,73,20.00%,25,tercapai,2026,50000000,40000000,20%,Mirza
7 April 2026,2026-04-07,Dara,22,R12553,SKT009,"Jl. Gatot Subroto, Kratonan, Kec. Serengan, Kota Surakarta, Jawa Tengah 57153",-7.578497,110.819084,30,done,1,0,24 April 2026,5 May 2026,160000000,170000000,180000000,170000000,16,Bonita,baru,510000000,Kota Surakarta,2026-07-05,2031-07-04,6,Sendy,9153,158125450,baru,29 May 2026,28 June 2026,selesai,8 June 2026,lunas,11,2026,22 June 2026,0,17,11,23,10,14,76,5.56%,30,tercapai,2026,180000000,170000000,6%,Bonita
7 April 2026,2026-04-07,Dara,22,R12553,SKT009,"Jl. Gatot Subroto, Kratonan, Kec. Serengan, Kota Surakarta, Jawa Tengah 57153",-7.578497,110.819084,30,done,1,0,24 April 2026,5 May 2026,160000000,170000000,180000000,170000000,16,Bonita,baru,510000000,Kota Surakarta,2026-07-05,2031-07-04,6,Sendy,9153,386122100,baru,8 June 2026,3 July 2026,selesai,3 August 2026,lunas,11,2026,22 June 2026,0,17,11,33,56,-42,76,5.56%,25,tidak tercapai,2026,180000000,170000000,6%,Bonita
7 April 2026,2026-04-23,salma,4,R12561,MGG003,"Jl. Kapten Suparman, Potrobangsan, Kec. Magelang Utara, Kota Magelang, Jawa Tengah 56116",-7.459117,110.217819,9,berkas,1,0,11 May 2026,18 May 2026,44000000,50000000,55000000,50000000,16,Bonita,baru,150000000,Kota Magelang,2026-07-18,2031-07-17,4,Trimo,9161,140523300,baru,22 May 2026,16 June 2026,selesai,29 June 2026,lunas,7,2026,3 July 2026,16,19,7,4,38,4,87,9.09%,25,tidak tercapai,2026,55000000,50000000,9%,Bonita
7 April 2026,2026-04-20,salma,4,R12562,TGR064,"Jalan Raya Kronjo, Kelurahan Rancailat, Kecamatan Kresek, Kabupaten Tangerang, Banten",-6.117637,106.429665,9,mirza,1,0,21 May 2026,28 May 2026,12000000,12000000,14000000,12000000,18,Mirza,baru,60000000,Kab. Tangerang,2026-07-28,2031-07-27,3,CV. Rizki Mitra Abadi,9162,126583660,baru,3 June 2026,28 June 2026,selesai,18 June 2026,lunas,7,2026,26 June 2026,13,31,8,5,15,8,80,14.29%,25,tercapai,2026,14000000,12000000,14%,Mirza
8 April 2026,2026-04-08,Dika,17,R12567,SBR056," Jalan Pangeran Sutajaya,  Kelurahan Babakan, Kecamatan Babakan, Kabupaten Cirebon, Jawa Barat",-6.872406,108.721725,10,done,1,0,11 April 2026,18 April 2026,28000000,30000000,30000000,30000000,16,Bonita,baru,90000000,Kab. Cirebon,2026-06-18,2031-06-17,3,CV. Rizki Mitra Abadi,9167,127946000,baru,22 April 2026,15 May 2026,selesai,18 May 2026,lunas,7,2026,20 May 2026,0,3,7,4,26,2,42,0.00%,23,tidak tercapai,2026,35000000,30000000,14%,Bonita
8 April 2026,2026-04-20,Dika,17,R12570,BYL009,"Jalan Embarkasi H, Desa Donohudan, Kecamatan Ngemplak, Kabupaten Boyolali, Jawa Tengah",-7.515601,110.781448,17,done,1,0,24 April 2026,2 May 2026,45000000,45000000,60000000,45000000,18,Mirza,baru,135000000,Kab. Boyolali,2026-07-02,2031-07-01,2,Sarjono,9170,159525150,baru,7 May 2026,1 June 2026,selesai,19 May 2026,lunas,8,2026,5 June 2026,12,5,8,5,12,17,58,25.00%,25,tercapai,2026,60000000,45000000,25%,Mirza
8 April 2026,2026-04-20,Djadjang,2,R12572,DPK068,"Jalan Bojongsari, Bojongsari Baru, Bojongsari, Depok, Jawa Barat, Jawa, 16517, Indonesia",-6.398198,106.742882,110,done,1,0,27 April 2026,4 May 2026,30000000,33333333,36000000,33333333,18,Mirza,baru,100000000,Kota Depok,2026-06-04,2029-06-03,4,Trimo,9172,139145280,baru,7 May 2026,1 June 2026,selesai,10 June 2026,lunas,7,2026,12 June 2026,12,7,7,2,34,2,65,7.41%,25,tidak tercapai,2026,36000000,33333333,7%,Mirza
8 April 2026,2026-04-23,Djadjang,2,R12574,DPK069,"Jalan Abdul Wahab, Kedaung, Sawangan, Depok, Jawa Barat, Jawa, 16516, Indonesia",-6.361478,106.748253,10,berkas,1,0,7 May 2026,16 May 2026,34000000,34000000,37000000,34000000,18,Mirza,baru,102000000,Kota Depok,2026-07-16,2031-07-15,5,Edwin,9174,110113300,baru,25 May 2026,19 June 2026,selesai,11 June 2026,lunas,9,2026,17 June 2026,15,14,9,9,17,6,70,8.11%,25,tercapai,2026,37000000,34000000,8%,Mirza
8 April 2026,2026-04-20,Dara,22,R12577,BKS086,"Jalan Cipete Raya, Kelurahan Mustikasari, Kecamatan Mustika Jaya, Kota Bekasi, Jawa Barat ",-6.291877,107.015297,10,done,1,0,24 April 2026,4 May 2026,40000000,40000000,50000000,40000000,18,Mirza,baru,120000000,Kota Bekasi,2026-07-04,2031-07-03,4,Trimo,9177,153097500,baru,11 May 2026,5 June 2026,selesai,29 June 2026,lunas,10,2026,1 July 2026,12,4,10,6,49,2,84,20.00%,25,tidak tercapai,2026,50000000,40000000,20%,Mirza
9 April 2026,2026-04-20,Djadjang,2,R12592,BGR028,"Jalan Kapten Yusuf, Kelurahan Cikaret, Kecamatan Bogor Selatan, Kota Bogor, Jawa Barat",-6.615334,106.785881,8,mirza,1,0,13 May 2026,19 May 2026,50000000,50000000,55000000,50000000,16,Bonita,baru,150000000,Kota Bogor,2026-06-09,2031-06-08,3,CV. Rizki Mitra Abadi,9192,129181830,baru,23 May 2026,17 June 2026,selesai,12 June 2026,lunas,6,2026,17 June 2026,11,23,6,3,20,5,69,9.09%,25,tercapai,2026,55000000,50000000,9%,Bonita
10 April 2026,2026-04-23,Djadjang,2,R12604,DPK070,"Jalan Raya Gandul, Gandul, Cinere, Depok, Jawa Barat, Jawa, 16512, Indonesia",-6.340732,106.792892,8,mirza,1,0,18 May 2026,26 May 2026,48000000,50000000,120000000,50000000,16,Bonita,baru,150000000,Kota Depok,2026-07-26,2031-07-25,5,Edwin,9204,126304180,baru,3 June 2026,28 June 2026,selesai,22 June 2026,lunas,8,2026,26 June 2026,13,25,9,7,19,4,77,58.33%,25,tercapai,2026,60000000,50000000,17%,Bonita
10 April 2026,2026-04-23,Djadjang,2,R12606,DPK071,"Jalan H. Dimun Raya, Sukamaju, Cilodong, Depok, Jawa Barat, Jawa, 16415, Indonesia",-6.419904,106.847748,7,berkas,1,0,6 May 2026,30 May 2026,44000000,46000000,55000000,46000000,16,Bonita,baru,138000000,Kota Depok,2026-06-30,2031-06-29,2,Sarjono,9206,124460680,baru,3 June 2026,28 June 2026,selesai,15 June 2026,lunas,24,2026,24 June 2026,13,13,24,3,12,9,75,16.36%,25,tercapai,2026,55000000,46000000,16%,Bonita
11 April 2026,2026-04-20,Dara,22,R12611,SKT010,"Jl. Yos Sudarso, Kel. Kratonan, Kec. Serengan, Kota Surakarta, Jawa Tengah 57151",-7.578897,110.82151,16,berkas,1,0,24 April 2026,20 May 2026,35000000,38000000,50000000,38500000,16,Bonita,baru,115500000,Kota Surakarta,2026-07-20,2031-07-19,12,Teguh Karyanto,9211,140405200,baru,25 May 2026,19 June 2026,selesai,29 June 2026,lunas,26,2026,1 July 2026,9,4,26,4,35,2,81,23.00%,25,tidak tercapai,2026,50000000,38500000,23%,Bonita
13 April 2026,2026-04-20,Dara,22,R12618,SLW018,"Jl. Raya Talang, Talang, Kec. Talang, Kabupaten Tegal, Jawa Tengah 52192",-6.907571,109.133636,5,done,1,0,27 April 2026,4 May 2026,17000000,20000000,20000000,20000000,18,Mirza,baru,60000000,Kab. Tegal,2026-07-04,2031-07-03,5,Edwin,9218,146689256,baru,21 May 2026,15 June 2026,selesai,10 June 2026,lunas,7,2026,19 June 2026,7,8,7,17,20,9,67,0.00%,25,tercapai,2026,20000000,20000000,0%,Mirza
13 April 2026,2026-04-23,salma,4,R12623,PDG017,"Jalan Raya Cibiuk, Sukaratu, Kec. Majasari, Kabupaten Pandeglang, Banten",-6.337881,106.096153,16,done,1,0,28 April 2026,6 May 2026,37000000,38000000,50000000,38000000,16,Bonita,baru,114000000,Kab. Pandeglang,2026-07-06,2031-07-05,4,Trimo,9223,153213785,baru,19 May 2026,13 June 2026,selesai,22 June 2026,lunas,8,2026,24 June 2026,10,6,8,13,34,2,72,24.00%,25,tidak tercapai,2026,50000000,38000000,24%,Bonita
13 April 2026,2026-04-20,salma,4,R12628,SOR058,"Jalan Ciluncat, Kelurahan Ciluncat, Kec. Cangkuang, Kabupaten Bandung, Jawa Barat",-7.049973,107.547562,7,done,1,0,22 April 2026,2 May 2026,13000000,15000000,20000000,15000000,16,Bonita,baru,45000000,Kab. Bandung,2026-07-02,2031-07-01,5,Edwin,9228,126894200,baru,9 May 2026,3 June 2026,selesai,28 May 2026,lunas,10,2026,29 May 2026,7,2,10,6,19,1,46,25.00%,25,tercapai,2026,20000000,15000000,25%,Bonita
13 April 2026,2026-04-23,salma,4,R12635,SOR059,"Jalan Raya Soreang Cipatik, Parungserab, Kec. Soreang, Kabupaten Bandung, Jawa Barat",-7.015892,107.527748,5,berkas,1,0,7 May 2026,16 May 2026,44000000,45000000,51000000,45000000,18,Mirza,baru,135000000,Kab. Bandung,2026-07-15,2031-07-14,2,Sarjono,9235,140689400,baru,25 May 2026,24 June 2026,selesai,8 June 2026,lunas,9,2026,11 June 2026,10,15,9,9,14,3,59,11.76%,30,tercapai,2026,51000000,45000000,12%,Mirza
14 April 2026,2026-04-23,Dara,22,R12639,CKR063,"Jl. Perum KSB, Sukaragam, Kec. Serang Baru, Kabupaten Bekasi, Jawa Barat 17330",-6.393358,107.115211,15,done,1,0,4 May 2026,12 May 2026,40000000,40000000,50000000,40000000,18,Mirza,baru,120000000,Kab. Bekasi,2026-08-30,2031-08-29,5,Edwin,9239,148459800,baru,3 July 2026,31 July 2026,selesai,22 July 2026,lunas,8,2026,7 August 2026,9,12,8,51,19,16,115,20.00%,28,tercapai,2026,50000000,40000000,20%,Mirza
14 April 2026,2026-04-20,salma,4,R12653,SOR060,"Jl. Raya Sapan, Tegalluar, Kec. Bojongsoang, Kabupaten Bandung, Jawa Barat 40287",-6.983365,107.694618,7.5,mirza,1,0,11 May 2026,19 May 2026,35000000,38000000,40000000,36000000,18,Mirza,baru,108000000,Kab. Bandung,2026-06-03,2029-06-02,3,CV. Rizki Mitra Abadi,9253,116642380,baru,22 May 2026,16 June 2026,selesai,13 June 2026,lunas,8,2026,19 June 2026,6,21,8,2,22,6,66,10.00%,25,tercapai,2026,40000000,36000000,10%,Mirza
15 April 2026,2026-04-20,Hanif,6,R12663,IDM038,"Jalan Raya Sliyeg, Desa Sliyeg, Kecamatan Sliyeg, Kabupaten Indramayu, Jawa Barat",-6.454351,108.351883,6,done,1,0,27 April 2026,6 May 2026,13000000,14000000,15000000,14000000,18,Mirza,baru,70000000,Kab. Indramayu,2026-06-06,2031-06-05,2,Sarjono,9263,122204550,baru,11 May 2026,5 June 2026,selesai,22 May 2026,lunas,9,2026,9 June 2026,5,8,9,4,11,18,55,6.67%,25,tercapai,2026,15000000,14000000,7%,Mirza
15 April 2026,2026-04-20,Hanif,6,R12667,IDM037,"Jalan Cikedung Terisi, Desa Mundakjaya, Kecamatan Cikedung, Indramayu, Jawa Barat, Jawa, 45260, Indonesia",-6.469063,108.166718,7,done,1,0,22 April 2026,28 April 2026,5000000,7000000,7000000,7000000,16,Bonita,baru,35000000,Kab. Indramayu,2026-06-28,2031-06-27,12,Teguh Karyanto,9267,131379630,baru,2 May 2026,22 May 2026,selesai,20 May 2026,lunas,6,2026,28 May 2026,5,2,6,3,18,8,43,0.00%,20,tercapai,2026,10000000,7000000,30%,Bonita
15 April 2026,2026-05-05,Djadjang,2,R12669,KWG086,"Jalan Raya Pawarengan, Kelurahan Dawuan Tengah, Kecamatan Cikampek, Kabupaten Karawang, Jawa Barat",-6.396449,107.439613,250,mirza,1,0,18 May 2026,12 June 2026,38000000,39000000,50000000,40000000,16,Bonita,baru,120000000,Kab. Karawang,2026-08-12,2029-08-11,4,Trimo,9269,145480800,baru,29 June 2026,29 July 2026,selesai,5 August 2026,lunas,25,2026,7 August 2026,20,13,26,16,37,2,114,20.00%,30,tidak tercapai,2026,50000000,39000000,22%,Bonita
16 April 2026,2026-04-29,Djadjang,2,R12679,KWG085,"Jalan R. Dengklok, Kelurahan Cibuaya, Kecamatan Cibuaya, Kabupaten Karawang, Jawa Barat",-6.051688,107.3526,11,berkas,1,0,7 May 2026,21 May 2026,24000000,26000000,60000000,26000000,18,Mirza,baru,78000000,Kab. Karawang,2026-07-21,2031-07-20,4,Trimo,9279,145196050,baru,28 May 2026,25 June 2026,selesai,13 July 2026,lunas,14,2026,14 July 2026,13,9,14,6,46,1,89,56.67%,28,tidak tercapai,2026,30000000,26000000,13%,Mirza
17 April 2026,2026-04-29,salma,4,R12687,TJP036,"Jl. Bangun Cipta Sarana No.85 1, RT.1/RW.5, Klp. Gading Tim., Kec. Klp. Gading, Jkt Utara, Daerah Khusus Ibukota Jakarta 14240",-6.178626,106.906982,12,berkas,1,0,7 May 2026,16 May 2026,44000000,50000000,55000000,50000000,18,Mirza,baru,150000000,Kota Jakarta Utara,2026-07-16,2031-07-15,4,Trimo,9287,151488500,baru,23 May 2026,2 July 2026,selesai,2 July 2026,lunas,9,2026,7 July 2026,12,8,9,6,40,5,81,9.09%,40,tidak tercapai,2026,55000000,50000000,9%,Mirza
21 April 2026,2026-04-29,Hanif,6,R12718,TNA026,"Jalan Cempaka Raya, Kelurahan Cempaka Putih Barat, Kecamatan Cempaka Putih, Jakarta Pusat, DKI Jakarta ",-6.1793,106.860687,13,done,1,0,5 May 2026,11 May 2026,65000000,68000000,80000000,68000000,16,Bonita,baru,204000000,Kota Jakarta Pusat,2026-05-25,2031-05-24,4,Trimo,9318,143337825,baru,19 May 2026,15 June 2026,selesai,20 June 2026,lunas,6,2026,23 June 2026,8,6,6,7,32,3,63,15.00%,27,tidak tercapai,2026,80000000,68000000,15%,Bonita
21 April 2026,2026-04-29,Hanif,6,R12725,TJP037,"Jalan Bugis No.152, Kelurahan Kebon Bawang, Kecamatan Tanjung Priok, Jakarta Utara, DKI Jakarta",-6.11583,106.885712,7.8,mirza,1,0,4 May 2026,3 June 2026,98000000,100000000,165000000,100000000,16,Bonita,baru,300000000,Kota Jakarta Utara,2026-07-03,2031-07-02,2,Sarjono,9325,137779650,baru,6 June 2026,6 July 2026,selesai,24 June 2026,lunas,30,2026,4 July 2026,8,5,30,2,18,10,74,39.39%,30,tercapai,2026,165000000,100000000,39%,Bonita
21 April 2026,2026-05-07,salma,4,R12727,PBG011,"Jalan Soekarno 
Hatta, Kelurahan Mewek, Kecamatan Kalimanah, Kabupaten Purbalingga, Jawa 
Tengah",-7.40757,109.368324,10,mirza,1,0,13 May 2026,18 May 2026,15000000,15000000,17500000,15000000,16,Bonita,baru,75000000,Kab. Purbalingga,2026-07-18,2031-07-17,3,CV. Rizki Mitra Abadi,9327,126055400,baru,22 May 2026,16 June 2026,selesai,8 June 2026,lunas,5,2026,15 June 2026,16,6,5,4,17,7,55,14.29%,25,tercapai,2026,17500000,15000000,14%,Bonita
21 April 2026,2026-05-07,salma,4,R12730,BBS026,"Jl. Raya Jatibarang - Brebes, Pemaron, Kec. Brebes, Kabupaten Brebes, Jawa Tengah 52219",-6.915028,109.038857,13,mirza,1,0,20 May 2026,26 May 2026,20000000,23000000,25000000,23000000,16,Bonita,baru,69000000,Kab. Brebes,2026-06-10,2031-06-09,4,Trimo,9330,149158800,baru,2 June 2026,27 June 2026,selesai,7 July 2026,lunas,6,2026,10 July 2026,16,13,7,6,35,3,80,8.00%,25,tidak tercapai,2026,25000000,23000000,8%,Bonita
22 April 2026,2026-04-23,salma,4,R12743,BDG044,"Jl. Otto Iskandar Dinata No.350, Karanganyar, Kec. Astanaanyar, Kota Bandung, Jawa Barat 40241",-6.926484,107.603622,16,berkas,1,0,7 May 2026,22 May 2026,65000000,72500000,80000000,70000000,18,Mirza,baru,210000000,Kota Bandung,2026-07-22,2031-07-21,5,Edwin,9343,132383620,baru,28 May 2026,22 June 2026,selesai,22 June 2026,lunas,15,2026,24 June 2026,1,14,15,5,25,2,63,12.50%,25,tidak tercapai,2026,80000000,70000000,13%,Mirza
24 April 2026,2026-05-07,Dika,17,R12764,BGR029,"Jalan Letjen Ibrahim Adjie, Kelurahan Sindangbarang, Kecamatan Bogor Barat, Kota Bogor, Jawa Barat",-6.580001,106.76252,13.5,mirza,1,0,1 July 2026,17 July 2026,60000000,65000000,75000000,65000000,18,Mirza,baru,195000000,Kota Bogor,2026-09-17,2031-09-16,2,Sarjono,9364,172152950,baru,20 July 2026,14 August 2026,selesai,3 August 2026,lunas,16,2026,14 August 2026,13,55,17,2,14,11,112,13.33%,25,tercapai,2026,75000000,65000000,13%,Mirza
24 April 2026,2026-05-07,Dika,17,R12768,BBS025,"Jalan Desa Limbangan-Kersana, Kelurahan Limbangan, Kecamatan Kersana, Kabupaten Brebes, Jawa Tengah",-6.904654,108.888725,7,mirza,1,0,12 May 2026,20 May 2026,40000000,42000000,25000000,40000000,16,Bonita,baru,120000000,Kab. Brebes,2026-07-20,2031-07-19,12,Teguh Karyanto,9368,151400100,baru,25 May 2026,20 June 2026,selesai,15 June 2026,lunas,8,2026,24 June 2026,13,6,8,5,21,9,61,-60.00%,26,tercapai,2026,50000000,40000000,20%,Bonita
28 April 2026,2026-05-07,Hanif,6,R12795,CMS016,"Jalan Raya Imbanagara, Kelurahan Imbanagara Raya, Kecamatan Ciamis, Kabupaten Ciamis, Jawa Barat",-7.316565,108.305267,14,done,1,0,9 May 2026,13 May 2026,16000000,18000000,25000000,18000000,16,Bonita,baru,90000000,Kab. Ciamis,2026-07-13,2031-07-12,2,Sarjono,9395,124161240,baru,16 May 2026,10 June 2026,selesai,26 May 2026,lunas,4,2026,9 June 2026,9,2,4,3,10,14,42,28.00%,25,tercapai,2026,25000000,18000000,28%,Bonita
28 April 2026,2026-05-07,Hanif,6,R12797,TSM021,"Jalan Tamansari, Mulyasari, Tamansari, Tasikmalaya, Jawa, 46115, Indonesia",-7.370606,108.23172,7,mirza,1,0,9 May 2026,15 May 2026,65000000,75000000,20000000,15000000,16,Bonita,baru,75000000,Kota Tasikmalaya,2026-07-15,2031-07-14,5,Edwin,9397,116588100,baru,21 May 2026,15 June 2026,selesai,4 June 2026,lunas,6,2026,9 June 2026,9,2,6,5,14,5,42,25.00%,25,tercapai,2026,100000000,75000000,25%,Bonita
29 April 2026,2026-05-05,salma,4,R12811,CPT035,"Jalan KH. Wahid Hasyim, Kelurahan Jurang Manggu Timur, Kecamatan Pondok Aren, Kota Tangerang Selatan, 
Banten",-6.251711,106.737778,10,mirza,1,0,23 May 2026,28 May 2026,20000000,22500000,25000000,22500000,18,Mirza,baru,67500000,Kota Tangerang,2026-07-28,2031-07-27,3,CV. Rizki Mitra Abadi,9411,127769770,baru,3 June 2026,30 June 2026,selesai,23 June 2026,lunas,5,2026,25 June 2026,6,18,6,5,20,2,57,10.00%,27,tercapai,2026,25000000,22500000,10%,Mirza
29 April 2026,2026-05-05,salma,4,R12812,CMH010,"Jl. Jend. H. Amir Machmud No.133, Cibeureum, Kec. Cimahi Sel., Kota Cimahi, Jawa Barat 40535",-6.899927,107.562569,20,mirza,1,0,11 May 2026,12 June 2026,40000000,45000000,50000000,45000000,18,Mirza,baru,135000000,Kota Cimahi,2026-07-12,2031-07-11,5,Edwin,9412,118913550,baru,17 June 2026,12 July 2026,selesai,7 July 2026,lunas,32,2026,9 July 2026,6,6,32,5,20,2,71,10.00%,25,tercapai,2026,50000000,45000000,10%,Mirza
30 April 2026,2026-05-07,salma,4,R12830,SLT001,"Jl. Merak, Mangunsari, Kec. Sidomukti, Kota Salatiga, Jawa Tengah 50721",-7.330728,110.493134,7,mirza,1,0,19 May 2026,28 May 2026,45000000,45000000,50000000,45000000,18,Mirza,baru,135000000,Kota Salatiga,2026-06-28,2031-06-27,2,Sarjono,9430,149326120,baru,2 June 2026,27 June 2026,selesai,12 June 2026,lunas,9,2026,1 July 2026,7,12,9,5,10,19,62,10.00%,25,tercapai,2026,50000000,45000000,10%,Mirza
30 April 2026,2026-05-07,salma,4,R12833,PWT023,"JL K.S. Tubun, Karangsalam Kidul, Kedung Banteng, Kabupaten Banyumas, Jawa Tengah 53152",-7.409799,109.216179,10,mirza,1,0,2 June 2026,5 June 2026,16000000,16000000,20000000,16000000,18,Mirza,baru,80000000,Kab. Banyumas,2026-08-05,2031-08-04,3,CV. Rizki Mitra Abadi,9433,136500270,baru,15 June 2026,10 July 2026,selesai,6 July 2026,lunas,3,2026,14 July 2026,7,26,4,9,21,8,75,20.00%,25,tercapai,2026,20000000,16000000,20%,Mirza
2 May 2026,2026-05-07,Djadjang,2,R12840,BDG045,"Jalan A. Yani, Kelurahan Malabar, Kecamatan Lengkong, Kota Bandung, Jawa Barat",-6.920136,107.62175,16,berkas,1,0,12 May 2026,25 May 2026,75000000,75000000,0,75000000,16,Bonita,baru,225000000,Kota Bandung,2026-06-25,2031-06-24,5,Edwin,9440,117923400,baru,30 May 2026,24 June 2026,selesai,27 June 2026,lunas,13,2026,29 June 2026,5,5,13,5,28,2,58,,25,tidak tercapai,2026,95000000,75000000,21%,Bonita
2 May 2026,2026-05-07,salma,4,R12847,PWT024,"Jl. DI Panjaitan, Purwokerto Kulon, Kec. Purwokerto Selatan, Kabupaten Banyumas, Jawa Tengah",-7.429971,109.248863,18,mirza,1,0,16 July 2026,6 August 2026,70000000,75000000,75000000,75000000,16,Bonita,baru,225000000,Kab. Banyumas,2026-09-06,2031-09-05,15,Dimas Andri Sulistyo,9447,164583919,baru,12 August 2026,6 September 2026,selesai,9 September 2026,lunas,21,2026,10 September 2026,5,70,22,5,28,1,131,0.00%,25,tidak tercapai,2026,75000000,75000000,0%,Bonita
3 May 2026,2026-05-29,Djadjang,2,R12861,NPH029,"Jalan Raya Purwakarta Cikamuning, Kelurahan Ciburuy, Kecamatan Padalarang, Kabupaten Bandung Barat, Jawa Barat",-6.816921,107.474411,12.3,NULL,1,0,11 June 2026,13 June 2026,15000000,15000000,15200000,15000000,18,Mirza,baru,45000000,Kab. Bandung Barat,2026-07-13,2031-07-12,5,Edwin,9461,133180600,baru,18 June 2026,18 July 2026,selesai,20 July 2026,lunas,2,2026,21 July 2026,26,13,3,4,32,1,79,1.32%,30,tidak tercapai,2026,15200000,15000000,1%,Mirza
4 May 2026,2026-05-07,Dika,17,R12880,SLT002,"Jl. Cemara II, Salatiga, Kec. Sidorejo, Kota Salatiga, Jawa Tengah 50714",-7.314845,110.496155,8,mirza,1,0,19 May 2026,2 June 2026,40000000,40000000,45000000,40000000,18,Mirza,baru,120000000,Kota Salatiga,2026-07-02,2031-07-01,2,Sarjono,9480,133554290,baru,5 June 2026,30 June 2026,selesai,17 June 2026,lunas,14,2026,4 July 2026,3,12,15,2,12,17,61,11.11%,25,tercapai,2026,45000000,40000000,11%,Mirza
4 May 2026,2026-05-28,Dika,17,R12862,GGP053,"Jl. Panjang Kp. Baru, Sukabumi Sel., Kec. Kb. Jeruk, Kota Jakarta Barat, Daerah Khusus Ibukota Jakarta 11560",-6.222727,106.771675,4,NULL,1,0,29 May 2026,3 June 2026,48000000,50000000,65000000,50000000,16,Bonita,baru,150000000,Kota Jakarta Barat,2026-08-03,2031-08-02,2,Sarjono,9462,113411450,baru,6 June 2026,6 July 2026,selesai,19 June 2026,lunas,5,2026,24 June 2026,24,1,6,2,13,5,51,23.08%,30,tercapai,2026,65000000,50000000,23%,Bonita
4 May 2026,2026-05-07,Dara,22,R12864,DPK072,"Jalan Raya Bogor, Kelurahan Tugu, Kecamatan Cimanggis, Kota Depok, Jawa Barat",-6.359118,106.8592,5.5,mirza,1,0,21 May 2026,2 June 2026,25000000,25000000,28000000,25000000,18,Mirza,baru,75000000,Kota Depok,2026-08-02,2031-08-01,12,Teguh Karyanto,9464,151576750,baru,8 June 2026,17 July 2026,selesai,28 July 2026,lunas,12,2026,29 July 2026,3,14,13,5,50,1,86,10.71%,39,tidak tercapai,2026,28000000,25000000,11%,Mirza
5 May 2026,2026-05-07,Djadjang,2,R12894,BDG046,"Jalan Cikawao, Cikawao, Lengkong, Kota Bandung, Jawa Barat, Jawa, 40261, Indonesia",-6.92736,107.613388,17,mirza,1,0,3 June 2026,8 June 2026,70000000,75000000,0,75000000,16,Bonita,baru,225000000,Kota Bandung,2026-08-08,2031-08-07,5,Edwin,9494,124364520,baru,13 June 2026,8 July 2026,selesai,2 July 2026,lunas,5,2026,7 July 2026,2,27,6,4,19,5,63,,25,tercapai,2026,100000000,75000000,25%,Bonita
5 May 2026,2026-05-05,Dika,17,R12897,KYB050,"Jalan Mampang Prapatan, Kelurahan Tegal Parang, Kecamatan Mampang Prapatan, Jakarta Selatan, DKI 
Jakarta",-6.245778,106.826042,17,mirza,1,0,15 May 2026,20 May 2026,52000000,52000000,60000000,52000000,18,Mirza,baru,156000000,Kota Jakarta Selatan,2026-07-20,2031-07-19,2,Sarjono,9497,137721890,baru,10 June 2026,5 July 2026,selesai,8 July 2026,lunas,5,2026,11 July 2026,0,10,6,20,28,3,67,13.33%,25,tidak tercapai,2026,60000000,52000000,13%,Mirza
6 May 2026,2026-05-07,salma,4,R12913,SBM034,"Jalan Raya Karangtengah, Kelurahan Karangtengah, Kecamatan Cibadak, Kabupaten Sukabumi, Jawa Barat",-6.895803,106.814613,15,mirza,1,0,11 May 2026,21 May 2026,62000000,62000000,85000000,62000000,18,Mirza,baru,186000000,Kab. Sukabumi,2026-07-21,2031-07-20,15,Dimas Andri Sulistyo,9513,157931736,baru,5 June 2026,30 June 2026,selesai,7 July 2026,lunas,10,2026,9 July 2026,1,5,10,14,32,2,64,27.06%,25,tidak tercapai,2026,85000000,62000000,27%,Mirza
7 May 2026,2026-05-21,Hanif,6,R12919,CLG014,"Jalan Ir. Sutami, Kelurahan Kebonsari, Kecamatan Citangkil, Kota Cilegon, Banten",-6.011262,106.023117,15,NULL,1,0,2 June 2026,8 June 2026,18000000,18000000,0,18000000,18,Mirza,baru,54000000,Kota Cilegon,2026-08-08,2031-08-07,3,CV. Rizki Mitra Abadi,9519,127365390,baru,13 June 2026,8 July 2026,selesai,6 July 2026,lunas,6,2026,9 July 2026,14,12,6,5,23,3,63,,25,tercapai,2026,20000000,18000000,10%,Mirza
8 May 2026,2026-05-29,Djadjang,2,R12945,TJP038,"Jalan Muara Baru, Penjaringan, Penjaringan, Jakarta Utara, Daerah Khusus Ibukota Jakarta, Jawa, 14430, Indonesia",-6.114935,106.802841,8,NULL,1,0,8 June 2026,12 June 2026,40000000,45000000,55000000,45000000,16,Bonita,baru,135000000,Kota Jakarta Utara,2026-08-12,2031-08-11,2,Sarjono,9545,109087040,baru,17 June 2026,12 July 2026,selesai,25 June 2026,lunas,4,2026,29 June 2026,21,10,4,5,8,4,52,18.18%,25,tercapai,2026,55000000,45000000,18%,Bonita
9 May 2026,2026-05-25,Dika,17,R12957,SMD022,"Jl. Kebon Kol, Regol Wetan, Sumedang Selatan, Sumedang, Jawa Barat",-6.859151,107.923759,14,NULL,1,0,3 June 2026,9 June 2026,45000000,45000000,55000000,45000000,16,Bonita,baru,135000000,Kab. Sumedang,2026-08-09,2031-08-08,2,Sarjono,9557,137887600,baru,12 June 2026,7 July 2026,selesai,26 June 2026,lunas,6,2026,3 July 2026,16,9,7,2,14,7,55,18.18%,25,tercapai,2026,55000000,45000000,18%,Bonita
11 May 2026,2026-05-26,Dara,22,R12983,CPT036,"Jalan Ir. H. Juanda, Kelurahan Pisangan, Kecamatan Ciputat Timur, Kota Tangerang Selatan, Banten",-6.306006,106.757339,9,NULL,1,0,17 June 2026,26 June 2026,65000000,65000000,80000000,65000000,16,Bonita,baru,195000000,Kota Tangerang Selatan,2026-07-26,2031-07-25,3,CV. Rizki Mitra Abadi,9583,126705590,baru,2 July 2026,27 July 2026,selesai,27 July 2026,lunas,9,2026,31 July 2026,15,22,10,5,25,4,81,18.75%,25,tidak tercapai,2026,80000000,65000000,19%,Bonita
11 May 2026,2026-05-26,Djadjang,2,R12986,CKG071,"Jalan Tipar Cakung, Kelurahan Cakung Barat, Kecamatan Cakung, Kota Jakarta Timur, DKI Jakarta",-6.174968,106.936317,10,NULL,1,0,8 June 2026,11 June 2026,42000000,42000000,50000000,42000000,16,Bonita,baru,126000000,Kota Jakarta Timur,2026-07-11,2031-07-10,2,Sarjono,9586,127901640,baru,15 June 2026,10 July 2026,selesai,24 June 2026,lunas,3,2026,30 June 2026,15,13,3,4,9,6,50,16.00%,25,tercapai,2026,50000000,42000000,16%,Bonita
13 May 2026,2026-05-21,Dara,22,R12998,TGR065,"Jl. H. Tabri, Kp. Cirarab Rt02 Rw02, Kel. Cirarab, Kec. Legok, Kabupaten Tangerang, Banten 15820",-6.32857,106.565918,9,NULL,1,0,22 June 2026,24 July 2026,23000000,25000000,25000000,25000000,16,Bonita,baru,75000000,Kab. Tangerang,2026-08-07,2031-08-06,5,Edwin,9598,138348030,baru,28 July 2026,22 August 2026,selesai,21 August 2026,lunas,32,2026,26 August 2026,8,32,33,3,24,5,105,0.00%,25,tercapai,2026,25000000,25000000,0%,Bonita
13 May 2026,2026-05-26,Djadjang,2,R13007,TNG053,"Jalan Kyai Haji Hasyim Ashari, Cipondoh, Cipondoh, Tangerang, Banten, Jawa, 15148, Indonesia",-6.197117,106.678627,12,NULL,1,0,8 June 2026,11 June 2026,25000000,26000000,28000000,26000000,18,Mirza,baru,78000000,Kota Tangerang,2026-08-11,2031-08-10,3,CV. Rizki Mitra Abadi,9607,109959040,baru,17 June 2026,12 July 2026,selesai,6 July 2026,lunas,3,2026,10 July 2026,13,13,4,5,19,4,58,7.14%,25,tercapai,2026,28000000,26000000,7%,Mirza
13 May 2026,2026-05-26,Djadjang,2,R13008,TNG054,"Jalan Maulana Hasanudin, Cipondoh Makmur, Cipondoh, Tangerang, Banten, Jawa, 15148, Indonesia",-6.184182,106.676636,7,NULL,1,0,8 June 2026,13 June 2026,40000000,40000000,45000000,40000000,18,Mirza,baru,120000000,Kota Tangerang,2026-07-01,2031-06-30,3,CV. Rizki Mitra Abadi,9608,117449660,baru,19 June 2026,16 July 2026,selesai,8 July 2026,lunas,5,2026,13 July 2026,13,13,6,5,19,5,61,11.11%,27,tercapai,2026,45000000,40000000,11%,Mirza
14 May 2026,2026-05-26,salma,4,R13011,SNG038,"Jalan Desa Tanggulun Timur, Desa Tanggulun Timur, Kecamatan Kalijati, Kabupaten Subang, Jawa Barat",-6.54998,107.65583,13,NULL,1,0,29 May 2026,5 June 2026,12000000,14000000,20000000,14000000,16,Bonita,baru,42000000,Kab. Subang,2026-08-05,2031-08-04,4,Trimo,9611,167944900,baru,10 June 2026,9 July 2026,selesai,27 July 2026,lunas,7,2026,29 July 2026,12,3,8,4,47,2,76,30.00%,29,tidak tercapai,2026,20000000,14000000,30%,Bonita
14 May 2026,2026-05-26,Djadjang,2,R13016,TNG055,"Jalan Palmeru Raya, Pondok Bahar, Karang Tengah, Tangerang, Banten, Jawa, 15159, Indonesia",-6.202347,106.698021,7.5,NULL,1,0,5 June 2026,19 June 2026,32000000,35000000,35000000,35000000,18,Mirza,baru,105000000,Kota Tangerang,2026-07-19,2031-07-18,3,CV. Rizki Mitra Abadi,9616,112561130,baru,26 June 2026,21 July 2026,selesai,8 July 2026,lunas,14,2026,13 July 2026,12,10,14,7,12,5,60,0.00%,25,tercapai,2026,35000000,35000000,0%,Mirza
14 May 2026,2026-05-26,Djadjang,2,R13018,TNG057,"Jalan Halim Perdana Kusuma, Kelurahan Jurumudi, Kecamatan Benda, Kota Tangerang, Banten",-6.140484,106.674522,25,NULL,1,0,22 June 2026,30 June 2026,50000000,50000000,65000000,50000000,16,Bonita,baru,150000000,Kota Tangerang,2026-08-30,2031-08-29,2,Sarjono,9618,153909950,baru,9 July 2026,3 August 2026,selesai,23 July 2026,lunas,8,2026,7 August 2026,12,27,9,8,14,15,85,23.08%,25,tercapai,2026,65000000,50000000,23%,Bonita
18 May 2026,2026-05-26,Dara,22,R13040,KRG009,"Jalan Karanganyar-Matesih, Matesih, Kec. Matesih, Kabupaten Karanganyar, Jawa Tengah",-7.650851,111.045849,7,NULL,1,0,5 June 2026,29 June 2026,32000000,35000000,37000000,35000000,18,Mirza,baru,105000000,Kab. Karanganyar,2026-08-29,2031-08-28,2,Sarjono,9640,170430280,baru,9 July 2026,10 August 2026,selesai,27 July 2026,lunas,24,2026,14 August 2026,8,10,25,9,18,18,88,5.41%,32,tercapai,2026,37000000,35000000,5%,Mirza
18 May 2026,2026-05-21,Djadjang,2,R13052,TNG052,"Jalan Poris Indah, Kelurahan Cipondoh Indah, Kecamatan Cipondoh, Kota Tangerang, Banten",-6.179708,106.688057,14,NULL,1,0,29 May 2026,3 June 2026,55000000,55000000,0,55000000,16,Bonita,baru,165000000,Kab. Tangerang,2026-07-03,2031-07-02,12,Teguh Karyanto,9653,143279600,baru,9 June 2026,4 July 2026,selesai,3 July 2026,lunas,5,2026,7 July 2026,3,8,6,5,24,4,50,,25,tercapai,2026,65000000,55000000,15%,Bonita
19 May 2026,2026-05-26,Dara,22,R13061,PWK031,"Jl. Raya Darangdan KM 22, Darangdan, Kec. Darangdan, Kabupaten Purwakarta, Jawa Barat 41163",-6.685618,107.429614,13,NULL,1,0,30 May 2026,4 June 2026,24000000,24000000,0,24000000,18,Mirza,baru,72000000,Kab. Purwakarta,2026-08-04,2031-08-03,4,Trimo,9662,143198300,baru,10 June 2026,5 July 2026,selesai,15 July 2026,lunas,5,2026,17 July 2026,7,4,6,5,35,2,59,,25,tidak tercapai,2026,30000000,24000000,20%,Mirza
19 May 2026,2026-05-26,Dara,22,R13062,CKG070,"Jl. Jambore, Cibubur, Kec. Ciracas, Kota Jakarta Timur, Daerah Khusus Ibukota Jakarta",-6.364415,106.887047,6,NULL,1,0,8 June 2026,10 June 2026,40000000,43000000,47000000,43000000,16,Bonita,baru,129000000,Kota Jakarta Timur,2026-06-25,2031-06-24,15,Dimas Andri Sulistyo,9663,115552570,baru,15 June 2026,10 July 2026,selesai,13 July 2026,lunas,2,2026,14 July 2026,7,13,3,4,28,1,56,8.51%,25,tidak tercapai,2026,47000000,43000000,9%,Bonita
20 May 2026,2026-06-09,Djadjang,2,R13073,CJR038,"Jalan Gatot Mangkupraja, Kelurahan Nagrak, Kecamatan Cianjur, Kabupaten Cianjur, Jawa Barat",-6.833094,107.118756,6,NULL,1,0,15 June 2026,18 June 2026,24000000,25000000,29000000,25000000,16,Bonita,baru,75000000,Kab. Cianjur,2026-07-01,2031-06-30,5,Edwin,9674,111536960,baru,22 June 2026,17 July 2026,selesai,7 July 2026,lunas,3,2026,13 July 2026,20,6,4,3,15,6,54,13.79%,25,tercapai,2026,30000000,25000000,17%,Bonita
20 May 2026,2026-06-09,Dika,17,R13074,UNR015,"Jl. Kalipawon, Panjang, Kec. Ambarawa, Kabupaten Semarang, Jawa Tengah 50614",-7.26109,110.398235,5,NULL,1,0,12 June 2026,18 June 2026,30000000,30500000,31500000,30500000,16,Bonita,baru,91500000,Kab. Semarang,2026-07-18,2031-07-17,12,Teguh Karyanto,9675,142818500,baru,24 June 2026,19 July 2026,selesai,20 July 2026,lunas,6,2026,23 July 2026,20,3,7,5,26,3,64,3.17%,25,tidak tercapai,2026,31500000,30500000,3%,Bonita
21 May 2026,2026-06-09,Hanif,6,R13108,SGN008,"Jalan Batujamus, Desa Mojodoyong, Kecamatan Kedawung, Kabupaten Sragen, Jawa Tengah",-7.537159,111.046448,25,NULL,1,0,18 June 2026,22 June 2026,21000000,21000000,25000000,21000000,18,Mirza,baru,105000000,Kab. Karanganyar,2026-08-22,2031-08-21,12,Teguh Karyanto,9709,149828500,baru,25 June 2026,20 July 2026,selesai,21 July 2026,lunas,4,2026,24 July 2026,19,9,4,3,26,3,64,16.00%,25,tidak tercapai,2026,25000000,21000000,16%,Mirza
21 May 2026,2026-06-17,Djadjang,2,R13116,CJR040,"Jalan Mariwati, Kelurahan Sindanglaya, Kecamatan Cipanas, Kabupaten Cianjur, Jawa Barat",-6.725926,107.044133,6,NULL,1,0,28 July 2026,29 July 2026,38000000,38000000,45000000,38000000,18,Mirza,baru,114000000,Kab. Cianjur,2026-08-29,2031-08-28,3,CV. Rizki Mitra Abadi,9717,132533065,baru,3 August 2026,28 August 2026,selesai,20 August 2026,lunas,1,2026,26 August 2026,27,41,2,4,17,6,97,15.56%,25,tercapai,2026,45000000,38000000,16%,Mirza
21 May 2026,2026-06-09,Dika,17,R13119,SOR061,"Jalan Raya Pangalengan, Desa Margahurip, Kecamatan Banjaran, Kabupaten Bandung, Jawa Barat",-7.059277,107.56837,14,NULL,1,0,17 June 2026,24 June 2026,15000000,18000000,18000000,18000000,18,Mirza,baru,54000000,Kab. Bandung,2026-08-24,2031-08-23,3,CV. Rizki Mitra Abadi,9720,119750350,baru,29 June 2026,24 July 2026,selesai,20 July 2026,lunas,7,2026,22 July 2026,19,8,8,4,21,2,62,0.00%,25,tercapai,2026,18000000,18000000,0%,Mirza
21 May 2026,2026-06-09,salma,4,R13122,SPA018,"Jalan Cisinga, Kelurahan Cisaruni, Kecamatan Padakembang, Kabupaten Tasikmalaya, Jawa Barat",-7.308251,108.119175,16,NULL,1,0,18 June 2026,25 June 2026,46000000,46000000,60000000,46000000,18,Mirza,baru,138000000,Kab. Tasikmalaya,2026-08-25,2031-08-24,5,Edwin,9723,144371880,baru,29 June 2026,24 July 2026,selesai,20 July 2026,lunas,7,2026,22 July 2026,19,9,8,3,21,2,62,23.33%,25,tercapai,2026,60000000,46000000,23%,Mirza
22 May 2026,2026-06-09,Dara,22,R13130,PTI005,"Jl. Pati - Gembong, Gembong, Kec. Gembong, Kabupaten Pati, Jawa Tengah 59162",-6.709792,110.943015,3.5,NULL,1,0,15 June 2026,18 June 2026,34000000,33000000,42000000,33000000,18,Mirza,baru,99000000,Kab. Pati,2026-08-18,2031-08-17,4,Trimo,9731,119551600,baru,24 June 2026,19 July 2026,selesai,31 July 2026,lunas,3,2026,6 August 2026,18,6,3,6,37,6,76,21.43%,25,tidak tercapai,2026,42000000,33000000,21%,Mirza
22 May 2026,2026-06-09,Hanif,6,R13132,BYL011,"Jalan Bangak-Simo, Batan, Kec. Banyudono, Kabupaten Boyolali, Jawa Tengah 57373, Indonesia",-7.53296,110.704547,12,NULL,1,0,17 June 2026,22 June 2026,18000000,20000000,22000000,20000000,18,Mirza,baru,60000000,Kab. Boyolali,2026-08-22,2031-08-21,2,Sarjono,9733,134417990,baru,26 June 2026,25 July 2026,selesai,10 July 2026,lunas,5,2026,24 July 2026,18,8,5,4,14,14,63,9.09%,29,tercapai,2026,22000000,20000000,9%,Mirza
22 May 2026,2026-06-11,Dika,17,R13139,BKS087,"Jl. Kincan Raya, Blok B/1A, Jatibening, Kec. Pd. Gede, Kota Bks, Jawa Barat 17412",-6.252402,106.943989,7,NULL,1,0,17 June 2026,18 June 2026,38000000,38000000,42500000,38000000,16,Bonita,baru,114000000,Kota Bekasi,2026-07-18,2031-07-17,3,CV. Rizki Mitra Abadi,9740,110478790,baru,23 June 2026,18 July 2026,selesai,14 July 2026,lunas,1,2026,21 July 2026,20,6,2,4,21,7,60,10.59%,25,tercapai,2026,42500000,38000000,11%,Bonita
23 May 2026,2026-06-09,salma,4,R13154,SRG048,"Jl. Kolonel Tubagus Suwandi, Serang, Kec. Serang, Kota Serang, Banten 42116",-6.127235,106.151693,15,NULL,1,0,17 June 2026,25 June 2026,40000000,40000000,45000000,40000000,18,Mirza,baru,120000000,Kota Serang,2026-08-25,2031-08-24,2,Sarjono,9755,127818240,baru,27 June 2026,22 July 2026,selesai,13 July 2026,lunas,8,2026,21 July 2026,17,8,8,2,16,8,59,11.11%,25,tercapai,2026,45000000,40000000,11%,Mirza
23 May 2026,2026-06-11,Djadjang,2,R13156,CBI125,"Jl. Sukaraja, Cikeas, Kec. Sukaraja, Kabupaten Bogor, Jawa Barat 16710, Indonesia",-6.588671,106.840171,4.5,NULL,1,0,22 June 2026,14 July 2026,28000000,30000000,35000000,30000000,16,Bonita,baru,90000000,Kab. Bogor,2026-08-14,2031-08-13,2,Sarjono,9757,128107410,baru,17 July 2026,11 August 2026,selesai,3 August 2026,lunas,22,2026,11 August 2026,19,11,23,2,17,8,80,14.29%,25,tercapai,2026,35000000,30000000,14%,Bonita
23 May 2026,2026-06-09,salma,4,R13160,SRG047,"Jalan Ki Ajurum, Kelurahan Cipocok Jaya, Kecamatan Cipocok Jaya, Kota Serang, Banten",-6.137451,106.17126,12,NULL,1,0,18 June 2026,24 June 2026,32000000,32000000,35000000,32000000,18,Mirza,baru,96000000,Kota Serang,2026-08-24,2031-08-23,5,Edwin,9761,126677560,baru,2 July 2026,29 July 2026,selesai,30 July 2026,lunas,6,2026,1 August 2026,17,9,7,7,28,2,70,8.57%,27,tidak tercapai,2026,35000000,32000000,9%,Mirza
26 May 2026,2026-06-11,Dara,22,R13196,CLG015,"Jl. Mayjend. Soetoyo, Gerem, Kec. Gerogol, Kota Cilegon, Banten 42438",-5.974926,106.008095,12,NULL,1,0,29 June 2026,1 July 2026,42000000,42000000,50000000,42000000,18,Mirza,baru,126000000,Kota Cilegon,2026-09-01,2031-08-31,3,CV. Rizki Mitra Abadi,9797,141058240,baru,6 July 2026,1 August 2026,selesai,29 July 2026,lunas,2,2026,1 August 2026,16,18,3,4,23,3,67,16.00%,26,tercapai,2026,50000000,42000000,16%,Mirza
28 May 2026,2026-06-11,Hanif,6,R13210,SLW019,"Jalan Dr. Soetomo, Kelurahan Slawi Kulon, Kecamatan Slawi, Kabupaten Tegal, Jawa Tengah",-6.992395,109.140587,10,NULL,1,0,17 July 2026,21 July 2026,28000000,30000000,35000000,30000000,18,Mirza,baru,90000000,Kab. Tegal,2026-09-21,2031-09-20,5,Edwin,9811,117367450,baru,24 July 2026,18 August 2026,selesai,11 August 2026,lunas,4,2026,13 August 2026,14,36,5,2,18,2,77,14.29%,25,tercapai,2026,35000000,30000000,14%,Mirza
28 May 2026,2026-06-09,salma,4,R13212,KRG008,"Jalan Lawu, Kelurahan Tawangmangu, Kecamatan Tawangmangu, Kabupaten Karanganyar, Jawa Tengah",-7.667886,111.11754,8,NULL,1,0,18 June 2026,23 June 2026,21000000,21000000,25000000,21000000,18,Mirza,baru,63000000,Kab. Karanganyar,2026-07-23,2031-07-22,2,Sarjono,9813,136641510,baru,27 June 2026,22 July 2026,selesai,10 July 2026,lunas,5,2026,24 July 2026,12,9,6,3,13,14,57,16.00%,25,tercapai,2026,25000000,21000000,16%,Mirza
29 May 2026,2026-06-09,Dara,22,R13219,TNG058,"Jalan Prabu Siliwangi No 153, Kelurahan Uwung Jaya, Kecamatan Cibodas, Kota Tangerang, Banten",-6.198161,106.602326,11,NULL,1,0,22 June 2026,3 July 2026,28000000,28000000,35000000,28000000,16,Bonita,baru,84000000,Kota Tangerang,2026-07-17,2031-07-16,3,CV. Rizki Mitra Abadi,9820,129794320,baru,8 July 2026,2 August 2026,selesai,31 July 2026,lunas,11,2026,6 August 2026,11,13,12,4,23,6,69,20.00%,25,tercapai,2026,35000000,28000000,20%,Bonita
30 May 2026,2026-06-17,Djadjang,2,R13227,DPK075,"Jl. Tiga Berlian No.153 Rt01 Rw18, Mekarsari, Kec. Cimanggis, Kota Depok, Jawa Barat",-6.368403,106.865213,9,NULL,1,0,21 July 2026,28 July 2026,40000000,40000000,50000000,40000000,16,Bonita,baru,120000000,Kota Depok,2026-08-28,2031-08-27,15,Dimas Andri Sulistyo,9828,123937625,baru,5 August 2026,30 August 2026,selesai,2 September 2026,lunas,7,2026,4 September 2026,18,34,7,8,28,2,97,20.00%,25,tidak tercapai,2026,50000000,40000000,20%,Bonita
30 May 2026,2026-06-09,salma,4,R13232,KRG006,"Jl. Lawu, Bejen, Kec. Karanganyar, Kabupaten Karanganyar, Jawa Tengah 57716",-7.603618,110.971553,25,NULL,1,0,11 June 2026,15 June 2026,22000000,22000000,30000000,22000000,16,Bonita,baru,66000000,Kab. Karanganyar,2026-08-15,2031-08-14,12,Teguh Karyanto,9833,144641200,baru,20 June 2026,15 July 2026,selesai,13 July 2026,lunas,4,2026,17 July 2026,10,2,4,5,23,4,48,26.67%,25,tercapai,2026,30000000,22000000,27%,Bonita
2 June 2026,2026-06-09,Dara,22,R13243,TNG056,"Jalan Prambanan Raya, Kelurahan Cibodas Baru, Kecamatan Cibodas, Kota Tangerang, Banten",-6.204233,106.602214,20,NULL,1,0,25 June 2026,29 June 2026,38000000,38000000,40000000,38000000,16,Bonita,baru,114000000,Kota Tangerang,2026-07-29,2031-07-28,15,Dimas Andri Sulistyo,9844,144634390,baru,6 July 2026,31 July 2026,selesai,3 August 2026,lunas,4,2026,5 August 2026,7,16,5,6,28,2,64,5.00%,25,tidak tercapai,2026,40000000,38000000,5%,Bonita
2 June 2026,2026-07-02,Djadjang,2,R13247,DPK074,"Jalan H. Sulaiman, Kelurahan Bedahan, Kecamatan Sawangan, Kota Depok, Jawa Barat",-6.419584,106.769225,8.5,NULL,1,0,3 July 2026,8 July 2026,42000000,42000000,55000000,42000000,16,Bonita,baru,126000000,Kota Depok,2026-09-08,2031-09-07,2,Sarjono,9848,121907660,baru,16 July 2026,10 August 2026,selesai,29 July 2026,lunas,5,2026,4 August 2026,30,1,6,7,13,6,63,23.64%,25,tercapai,2026,55000000,42000000,24%,Bonita
2 June 2026,2026-06-17,Djadjang,2,R13253,DPK073,"Jl. Raya Muchtar, Bojongsari Lama, Kec. Bojongsari, Kota Depok, Jawa Barat 16516, Indonesia",-6.40481,106.742186,7,NULL,1,0,2 July 2026,6 July 2026,20000000,20000000,22500000,20000000,18,Mirza,baru,60000000,Kota Depok,2026-08-06,2031-08-05,2,Sarjono,9854,116523350,baru,9 July 2026,3 August 2026,selesai,22 July 2026,lunas,4,2026,27 July 2026,15,15,5,2,13,5,55,11.11%,25,tercapai,2026,22500000,20000000,11%,Mirza
4 June 2026,2026-06-11,Dara,22,R13272,CKG072,"Jl. Raya Ciracas No.1, Klp. Dua Wetan, Kec. Ciracas, Kota Jakarta Timur, Daerah Khusus Ibukota Jakarta 13730",-6.328181,106.882034,16,NULL,1,0,17 June 2026,10 July 2026,75000000,75000000,110000000,75000000,16,Bonita,baru,225000000,Kota Jakarta Timur,2026-08-10,2031-08-09,3,CV. Rizki Mitra Abadi,9873,131121280,baru,16 July 2026,10 August 2026,selesai,5 August 2026,lunas,23,2026,7 August 2026,7,6,24,5,20,2,64,31.82%,25,tercapai,2026,110000000,75000000,32%,Bonita
5 June 2026,2026-06-11,Dara,22,R13276,KYB051,"Jalan Raya Jagakarsa, Kelurahan Jagakarsa, Kecamatan Jagakarsa, Kota Jakarta Selatan, DKI Jakarta",-6.331002,106.833405,11,NULL,1,0,15 June 2026,18 June 2026,42000000,42000000,52000000,42000000,16,Bonita,baru,126000000,Kota Jakarta Selatan,2026-08-18,2031-08-17,2,Sarjono,9877,123556930,baru,22 June 2026,17 July 2026,selesai,29 June 2026,lunas,3,2026,4 July 2026,6,4,4,3,7,5,29,19.23%,25,tercapai,2026,52000000,42000000,19%,Bonita
6 June 2026,2026-06-22,Dara,22,R13285,PWK032,"Jl. SMP Negeri 5, Ciseureuh, Kec. Purwakarta, Kabupaten Purwakarta, Jawa Barat 41118",-6.52495,107.455711,7,NULL,1,0,22 June 2026,24 June 2026,15000000,18000000,20000000,18000000,16,Bonita,baru,54000000,Kab. Purwakarta,2026-07-24,2031-07-23,4,Trimo,9886,140523550,baru,29 June 2026,29 July 2026,selesai,3 August 2026,lunas,2,2026,6 August 2026,16,0,2,5,35,3,61,10.00%,30,tidak tercapai,2026,20000000,18000000,10%,Bonita
7 June 2026,2026-06-11,salma,4,R13288,SRG049,"Jl. Raya Serang, Kragilan, Kec. Kragilan, Kabupaten Serang, Banten",-6.139823,106.291555,15,NULL,1,0,8 July 2026,13 July 2026,40000000,40000000,50000000,40000000,18,Mirza,baru,120000000,Kab. Serang,2026-08-13,2031-08-12,3,CV. Rizki Mitra Abadi,9889,136422390,baru,20 July 2026,21 August 2026,selesai,6 August 2026,lunas,5,2026,11 August 2026,4,27,6,6,17,5,65,20.00%,32,tercapai,2026,50000000,40000000,20%,Mirza
7 June 2026,2026-07-02,salma,4,R13293,MJL021,"Jalan Raya Ciborelang, Kelurahan Ciborelang, Kecamatan Jatiwangi, Kabupaten Majalengka, Jawa Barat",-6.726942,108.270676,24,NULL,1,0,3 July 2026,6 July 2026,38000000,38000000,50000000,38000000,16,Bonita,baru,114000000,Kab. Majalengka,2026-08-06,2031-08-05,5,Edwin,9894,155426560,baru,12 July 2026,6 August 2026,selesai,6 August 2026,lunas,3,2026,11 August 2026,25,1,4,5,25,5,65,24.00%,25,tidak tercapai,2026,50000000,38000000,24%,Bonita
9 June 2026,2026-06-23,Dara,22,R13305,PWR003,"Jalan Gajah Mada, Kelurahan Bandungrejo, Kecamatan Bayan, Kabupaten Purworejo, Jawa Tengah",-7.719432,109.924096,10,NULL,1,0,26 June 2026,2 July 2026,10000000,15000000,15000000,15000000,18,Mirza,baru,45000000,Kab. Purworejo,2026-09-02,2031-09-01,12,Teguh Karyanto,9906,126423400,baru,8 July 2026,2 August 2026,selesai,10 August 2026,lunas,6,2026,12 August 2026,14,3,7,5,33,2,64,0.00%,25,tidak tercapai,2026,15000000,15000000,0%,Mirza
10 June 2026,2026-06-17,Dara,22,R13322,TNA027,"Jalan Sunter Kemayoran, Kelurahan Serdang, Kecamatan Kemayoran, Kota Jakarta Pusat, DKI Jakarta",-6.154375,106.861326,10,NULL,1,0,3 July 2026,14 July 2026,42000000,42000000,50000000,42000000,18,Mirza,baru,126000000,Kota Jakarta Utara,2026-09-14,2031-09-13,15,Dimas Andri Sulistyo,9923,116812780,baru,20 July 2026,14 August 2026,selesai,18 August 2026,lunas,11,2026,19 August 2026,7,16,12,5,29,1,70,16.00%,25,tidak tercapai,2026,50000000,42000000,16%,Mirza
10 June 2026,2026-06-17,salma,4,R13325,SGN009,"Jalan Jambangan-Grompol, Kelurahan Jirapan, Kecamatan Masaran, Kabupaten Sragen, Jawa Tengah",-7.520492,110.987577,7,NULL,1,0,2 July 2026,6 July 2026,34000000,35000000,0,35000000,18,Mirza,baru,105000000,Kab. Karanganyar,2026-08-06,2031-08-05,2,Sarjono,9926,143048150,baru,10 July 2026,11 August 2026,selesai,22 July 2026,lunas,4,2026,5 August 2026,7,15,5,3,12,14,56,,32,tercapai,2026,37000000,35000000,5%,Mirza
12 June 2026,2026-06-17,Djadjang,2,R13354,DPR023,"Jl. Teuku Umar Barat, Padangsambian Klod, Kec. Denpasar Bar., Kota Denpasar, Bali 80117, Indonesia",-8.673626,115.182585,6,NULL,1,0,24 June 2026,29 June 2026,65000000,70000000,85000000,70000000,16,Bonita,baru,210000000,Kota Denpasar,2026-08-29,2031-08-28,4,Trimo,9955,133547000,baru,17 July 2026,16 August 2026,selesai,24 August 2026,lunas,5,2026,28 August 2026,5,7,6,17,38,4,77,17.65%,30,tidak tercapai,2026,85000000,70000000,18%,Bonita
12 June 2026,2026-06-17,Djadjang,2,R13356,DPR024,"Jl. Gunung Rinjani, Tegal Kertha, Kec. Denpasar Barat, Kota Denpasar, Bali, Indonesia",-8.664296,115.198863,12,NULL,1,0,1 July 2026,3 July 2026,90000000,95000000,110000000,95000000,16,Bonita,baru,285000000,Kota Denpasar,2026-08-03,2031-08-02,4,Trimo,9957,148564100,baru,17 July 2026,16 August 2026,selesai,8 September 2026,lunas,2,2026,10 September 2026,5,14,2,14,53,2,90,13.64%,30,tidak tercapai,2026,110000000,95000000,14%,Bonita
15 June 2026,2026-06-23,Djadjang,2,R13401,TAB004,"Jl. Raya Baturiti, Baturiti, Kec. Baturiti, Kabupaten Tabanan, Bali 82191, Indonesia",-8.322411,115.184884,10,NULL,1,0,26 June 2026,30 June 2026,40000000,40000000,75000000,40000000,18,Mirza,baru,200000000,Kab. Tabanan,2026-08-30,2031-08-29,4,Trimo,10002,153144300,baru,15 July 2026,14 August 2026,selesai,24 August 2026,lunas,4,2026,28 August 2026,8,3,4,15,40,4,74,46.67%,30,tidak tercapai,2026,45000000,40000000,11%,Mirza
15 June 2026,2026-06-17,salma,4,R13402,GRT046,"Jalan Raya Simpang – Samarang, Kelurahan Mulyasari,  Kecamatan Bayongbong, Kabupaten Garut, Jawa Barat",-7.269688,107.814688,23,NULL,1,0,13 July 2026,20 July 2026,65000000,65000000,0,65000000,18,Mirza,baru,195000000,Kab. Garut,2026-09-20,2031-09-19,5,Edwin,10003,132577350,baru,28 July 2026,27 August 2026,selesai,18 August 2026,lunas,7,2026,21 August 2026,2,26,8,7,21,3,67,,30,tercapai,2026,75000000,65000000,13%,Mirza
17 June 2026,2026-06-23,Dara,22,R13413,KYB052,"Jalan Poltangan Raya, Kelurahan Pejaten Timur, Kecamatan Pasar Minggu, Kota Jakarta Selatan, DKI Jakarta",-6.295581,106.841856,8,NULL,1,0,30 June 2026,3 July 2026,70000000,70000000,80000000,70000000,16,Bonita,baru,210000000,Kota Jakarta Selatan,2026-08-03,2031-08-02,2,Sarjono,10014,129459170,baru,6 July 2026,31 July 2026,selesai,20 July 2026,lunas,3,2026,23 July 2026,6,7,4,2,14,3,36,12.50%,25,tercapai,2026,80000000,70000000,13%,Bonita
19 June 2026,2026-06-23,Dika,17,R13431,KLN014,"Jalan Jatinom, Kelurahan Ngawen, Kecamatan Ngawen, Kabupaten Klaten, Jawa Tengah",-7.663165,110.592993,16,NULL,1,0,10 July 2026,15 July 2026,20000000,21000000,25000000,21000000,18,Mirza,baru,105000000,Kab. Klaten,2026-08-15,2031-08-14,12,Teguh Karyanto,10032,139796900,baru,20 July 2026,14 August 2026,selesai,18 August 2026,lunas,5,2026,19 August 2026,4,17,6,4,29,1,61,16.00%,25,tidak tercapai,2026,25000000,21000000,16%,Mirza
19 June 2026,2026-07-13,Dara,22,R13434,SBY009,"Jl. Raya Rungkut Tengah, Kel. Rungkut Tengah, Kec. Gunung Anyar, Surabaya, Jawa Timur",-7.335624,112.768597,16,NULL,1,0,18 July 2026,31 July 2026,52000000,52500000,55000000,52500000,16,Bonita,baru,157500000,Kota Surabaya,2026-09-23,2031-09-22,2,Sarjono,10035,146569075,baru,5 August 2026,30 August 2026,selesai,21 August 2026,lunas,13,2026,26 August 2026,24,5,14,4,16,5,68,4.55%,25,tercapai,2026,65000000,52500000,19%,Bonita
19 June 2026,2026-07-20,salma,4,R13440,CBI126,"Jalan Raya Puncak - Gadog, Kelurahan Pandansari, Kecamatan Ciawi, Kabupaten Bogor, Jawa Barat",-6.653297,106.867466,7,NULL,1,0,21 July 2026,27 July 2026,62000000,62000000,80000000,62000000,16,Bonita,baru,186000000,Kab. Bogor,2026-09-27,2031-09-26,3,CV. Rizki Mitra Abadi,10041,161102365,baru,3 August 2026,28 August 2026,selesai,29 August 2026,lunas,6,2026,1 September 2026,31,1,7,6,26,3,74,22.50%,25,tidak tercapai,2026,80000000,62000000,23%,Bonita
19 June 2026,2026-07-20,salma,4,R13443,WSB007,"Jalan Resimen, Kelurahan Wonosobo Barat, Kecamatan Wonosobo, Kabupaten Wonosobo, Jawa Tengah",-7.361836,109.900363,17,NULL,1,0,29 July 2026,3 August 2026,50000000,55000000,60000000,55000000,18,Mirza,baru,165000000,Kab. Wonosobo,2026-10-03,2031-10-02,4,Trimo,10044,135784225,baru,10 August 2026,9 September 2026,selesai,1 September 2026,lunas,5,2026,12 September 2026,31,9,6,6,22,11,85,8.33%,30,tercapai,2026,60000000,55000000,8%,Mirza
20 June 2026,2026-06-23,Djadjang,2,R13452,MGW010,"Jalan Raya Denpasar, Kelurahan Werdi Bhuwana, Kecamatan Mengwi, Kabupaten Badung, Bali",-8.528396,115.172088,8,NULL,1,0,24 June 2026,30 June 2026,20000000,20000000,25000000,20000000,16,Bonita,baru,100000000,Kab. Badung,2026-08-30,2031-08-29,4,Trimo,10053,159913500,baru,16 July 2026,22 August 2026,selesai,31 August 2026,lunas,6,2026,1 September 2026,3,1,6,16,46,1,73,20.00%,37,tidak tercapai,2026,25000000,20000000,20%,Bonita
21 June 2026,2026-06-23,Djadjang,2,R13457,MGW009,"Jalan Pantai Berawa, Tibubeneng, Kec. Kuta Utara, Kabupaten Badung, Bali 80361, Indonesia",-8.644774,115.152959,8,NULL,1,0,24 June 2026,29 June 2026,100000000,100000000,140000000,100000000,16,Bonita,baru,300000000,Kab. Badung,2026-08-29,2031-08-28,4,Trimo,10058,148525000,baru,17 July 2026,16 August 2026,selesai,9 September 2026,lunas,5,2026,10 September 2026,2,1,6,17,54,1,81,28.57%,30,tidak tercapai,2026,140000000,100000000,29%,Bonita
22 June 2026,2026-07-20,Dika,17,R13471,SNG039,"Jalan Kapten Hanafiah, Kelurahan Karanganyar, Kecamatan Subang, Kabupaten Subang, Jawa Barat",-6.5598,107.78221,15,NULL,1,0,10 August 2026,13 August 2026,45000000,48000000,55000000,48000000,18,Mirza,baru,144000000,Kab. Subang,2026-10-13,2031-10-12,3,CV. Rizki Mitra Abadi,10072,130001995,baru,21 August 2026,15 September 2026,selesai,14 September 2026,lunas,3,2026,18 September 2026,28,21,4,7,24,4,88,12.73%,25,tercapai,2026,55000000,48000000,13%,Mirza
23 June 2026,2026-07-20,Dara,22,R13488,BKS088,"Jalan Pengasinan, Kelurahan Pengasinan, Kecamatan Rawalumbu, Kota Bekasi, Jawa Barat",-6.271095,107.006411,11,NULL,1,0,24 July 2026,28 July 2026,30000000,33600000,36000000,33600000,18,Mirza,baru,100800000,Kota Bekasi,2026-09-28,2031-09-27,15,Dimas Andri Sulistyo,10089,125742035,baru,4 August 2026,3 September 2026,selesai,31 August 2026,lunas,4,2026,2 September 2026,27,4,5,6,27,2,71,6.67%,30,tercapai,2026,36000000,33600000,7%,Mirza
24 June 2026,2026-08-06,Dara,22,R13500,SBY010,"Jalan Karang Menjangan, Kelurahan Mojo, Kecamatan Gubeng, Kota Surabaya, Jawa Timur",-7.27362,112.762154,8,NULL,1,0,8 August 2026,13 August 2026,38000000,38000000,50000000,38000000,16,Bonita,baru,114000000,Kota Surabaya,2026-10-13,2031-10-12,4,Trimo,10101,130824875,baru,21 August 2026,15 September 2026,selesai,18 September 2026,lunas,5,2026,1 January 2000,43,2,6,7,28,,,24.00%,25,tidak tercapai,2026,50000000,38000000,24%,Bonita
25 June 2026,2026-07-02,Djadjang,2,R13524,SGR003,"Jalan Sudirman, Kelurahan Seririt, Kecamatan Seririt, Kabupaten Buleleng, Bali",-8.192833,114.934385,16,NULL,1,0,8 July 2026,13 July 2026,30000000,31000000,35000000,31000000,18,Mirza,baru,93000000,Kab. Buleleng,2026-08-13,2031-08-12,4,Trimo,10125,164265300,baru,27 July 2026,26 August 2026,selesai,5 September 2026,lunas,5,2026,8 September 2026,7,6,6,13,40,3,75,11.43%,30,tidak tercapai,2026,35000000,31000000,11%,Mirza
27 June 2026,2026-07-27,Dara,22,R13555,SOR063,"Jalan Raya Soreang - Banjaran, Desa Cingcin, Kecamatan Soreang, Kabupaten Bandung, Jawa Barat",-7.031945,107.538268,12,NULL,1,0,30 July 2026,3 August 2026,36000000,36000000,50000000,36000000,16,Bonita,baru,108000000,Kab. Bandung,2026-10-03,2031-10-02,3,CV. Rizki Mitra Abadi,10156,134346775,baru,13 August 2026,7 September 2026,selesai,7 September 2026,lunas,4,2026,10 September 2026,30,3,5,9,25,3,75,28.00%,25,tidak tercapai,2026,50000000,36000000,28%,Bonita
30 June 2026,2026-07-09,Djadjang,2,R13605,DPR025,"Jalan Raya Sesetan, Kelurahan Sesetan, Kecamatan Denpasar Selatan, Kota Denpasar, Bali",-8.709335,115.221035,11,NULL,1,0,17 July 2026,27 July 2026,62000000,62000000,80000000,62000000,18,Mirza,baru,186000000,Kota Denpasar,2026-09-27,2031-09-26,4,Trimo,10206,147176200,baru,3 August 2026,2 September 2026,selesai,15 September 2026,lunas,10,2026,17 September 2026,9,8,11,6,43,2,79,22.50%,30,tidak tercapai,2026,80000000,62000000,23%,Mirza
1 July 2026,2026-07-23,Dara,22,R13610,CKR065,"Jalan Pd. Timur Indah, Kelurahan Jatimulya, Kecamatan Tambun Selatan, Kota Bekasi, Jawa Barat",-6.277087,107.020087,10,NULL,1,0,5 August 2026,18 August 2026,42000000,45000000,50000000,43200000,18,Mirza,baru,129600000,Kota Bekasi,2026-10-18,2029-10-17,3,CV. Rizki Mitra Abadi,10211,139275785,baru,22 August 2026,16 September 2026,selesai,16 September 2026,lunas,13,2026,18 September 2026,22,13,14,3,25,2,79,13.60%,25,tidak tercapai,2026,50000000,42000000,16%,Mirza
1 July 2026,2026-07-02,Dara,22,R13614,CBN016,"Jl. Jagasatru, Pulasaren, Kec. Pekalipan, Kota Cirebon, Jawa Barat 45115",-6.726831,108.564558,8,NULL,1,0,3 July 2026,15 July 2026,30000000,33333333,35000000,33333333,16,Bonita,baru,100000000,Kota Cirebon,2026-08-15,2029-08-14,3,CV. Rizki Mitra Abadi,10215,117123980,baru,21 July 2026,15 August 2026,selesai,12 August 2026,lunas,12,2026,19 August 2026,1,1,13,5,22,7,49,4.76%,25,tercapai,2026,35000000,33333333,5%,Bonita
9 July 2026,2026-07-09,Dika,17,R13732,BBS027,"Jl. Raya Songgom Lor, Songgom Lor, Songgom, Brebes Regency, Central Java",-7.029428,108.998218,13,NULL,1,0,14 July 2026,15 July 2026,25000000,35000000,36000000,35000000,16,Bonita,baru,105000000,Kab. Brebes,2026-09-15,2031-09-14,2,Sarjono,10333,141152350,baru,20 July 2026,14 August 2026,selesai,6 August 2026,lunas,1,2026,19 August 2026,0,5,2,4,17,13,41,2.78%,25,tercapai,2026,36000000,35000000,3%,Bonita
10 July 2026,2026-07-20,salma,4,R13751,SOR062,"Jalan Raya Kopo, Kelurahan Cilampeni, Kecamatan Katapang, Kabupaten Bandung, Jawa Barat",-6.986807,107.559337,4,NULL,1,0,29 July 2026,31 July 2026,25000000,28000000,28000000,28000000,18,Mirza,baru,84000000,Kab. Bandung,2026-09-30,2031-09-29,5,Edwin,10352,123549570,baru,5 August 2026,30 August 2026,selesai,24 August 2026,lunas,2,2026,1 September 2026,10,9,3,4,19,8,53,0.00%,25,tercapai,2026,28000000,28000000,0%,Mirza
15 July 2026,2026-07-27,Djadjang,2,R13833,JMR003,"Jalan Kalimantan, Kelurahan Sumbersari, Kecamatan Sumbersari, Kabupaten Jember, Jawa Timur",-8.167683,113.711362,15,NULL,1,0,10 August 2026,13 August 2026,40000000,40000000,55000000,40000000,16,Bonita,baru,120000000,Kab. Jember,2026-10-13,2031-10-12,2,Sarjono,10434,133368425,baru,19 August 2026,13 September 2026,selesai,2 September 2026,lunas,3,2026,1 January 2000,12,14,4,5,14,,,27.27%,25,tercapai,2026,55000000,40000000,27%,Bonita
16 July 2026,2026-07-27,Djadjang,2,R13845,JMR002,"Jalan Kenanga, Kelurahan Jemberkidul, Kecamatan Kaliwates, Kabupaten Jember, Jawa Timur",-8.170341,113.694467,23,NULL,1,0,4 August 2026,12 August 2026,45000000,47500000,55000000,47500000,18,Mirza,baru,142500000,Kab. Jember,2026-09-12,2029-09-11,2,Sarjono,10446,161291910,baru,19 August 2026,13 September 2026,selesai,3 September 2026,lunas,8,2026,18 September 2026,11,8,9,6,15,15,64,13.64%,25,tercapai,2026,55000000,47500000,14%,Mirza
18 July 2026,2026-08-06,Dara,22,R13880,BKS091,"Jalan Pasar Kecapi, Kelurahan Jatirahayu, Kecamatan Pondok Melati, Kota Bekasi, Jawa Barat",-6.298089,106.92522,16,NULL,1,0,13 August 2026,21 August 2026,40000000,41000000,46000000,41000000,18,Mirza,baru,123000000,Kota Bekasi,2026-09-21,2031-09-20,3,CV. Rizki Mitra Abadi,10481,136329750,baru,28 August 2026,25 September 2026,selesai,16 September 2026,lunas,8,2026,18 September 2026,19,7,9,6,19,2,62,10.87%,28,tercapai,2026,46000000,41000000,11%,Mirza
21 July 2026,2026-07-27,Hanif,6,R13959,MET001,"Jalan Ahmad Yani, Kelurahan Iringmulyo, Kecamatan Metro Timur, Kota Metro, Lampung",-5.119148,105.319047,10,NULL,1,0,29 July 2026,10 August 2026,20000000,20000000,25000000,20000000,16,Bonita,baru,100000000,Kota Metro,2026-10-10,2031-10-09,5,Edwin,10560,107234290,baru,20 August 2026,14 September 2026,selesai,8 September 2026,lunas,12,2026,11 September 2026,6,2,13,9,19,3,52,20.00%,25,tercapai,2026,25000000,20000000,20%,Bonita
22 July 2026,2026-07-23,Dara,22,R13970,BKS089,"Jalan Mekar Sari, Kelurahan Bekasi Jaya, Kecamatan Bekasi Timur, Kota Bekasi, Jawa Barat",-6.231408,107.013878,5,NULL,1,0,29 July 2026,5 August 2026,20000000,23000000,25000000,23000000,16,Bonita,baru,69000000,Kota Bekasi,2026-10-05,2031-10-04,3,CV. Rizki Mitra Abadi,10571,119262740,baru,11 August 2026,5 September 2026,selesai,27 August 2026,lunas,7,2026,31 August 2026,1,6,8,5,16,4,40,8.00%,25,tercapai,2026,25000000,23000000,8%,Bonita
22 July 2026,2026-08-06,Dara,22,R13972,BKS090,"Jalan Raya Kaliabang Tengah, Kelurahan Kaliabang Tengah, Kecamatan Bekasi Utara, Kota Bekasi",-6.192786,106.998706,15,NULL,1,0,10 August 2026,14 August 2026,32000000,32000000,40000000,32000000,18,Mirza,baru,96000000,Kota Bekasi,2026-10-14,2031-10-13,3,CV. Rizki Mitra Abadi,10573,138472265,baru,21 August 2026,15 September 2026,selesai,10 September 2026,lunas,4,2026,14 September 2026,15,4,5,6,20,4,54,20.00%,25,tercapai,2026,40000000,32000000,20%,Mirza
22 July 2026,2026-07-27,Hanif,6,R13988,PLG001,"Jalan Parameswara, Kelurahan Bukit Baru, Kecamatan Ilir Barat I, Kota Palembang, Sumatera Selatan",-2.986837,104.723603,14,NULL,1,0,29 July 2026,11 August 2026,50000000,50000000,65000000,50000000,18,Mirza,baru,150000000,Kota Palembang,2026-10-11,2031-10-10,5,Edwin,10589,149613370,baru,25 August 2026,18 September 2026,selesai,14 September 2026,lunas,13,2026,1 January 2000,5,2,14,13,20,,,23.08%,24,tercapai,2026,65000000,50000000,23%,Mirza
22 July 2026,2026-07-27,Djadjang,2,R13993,PBL001,"Jalan Soekarno-Hatta, Kelurahan Pilang, Kecamatan Kademangan, Kota Probolinggo, Jawa Timur",-7.753937,113.193777,8,NULL,1,0,5 August 2026,10 August 2026,17500000,17500000,20000000,17500000,16,Bonita,baru,87500000,Kab. Probolinggo,2026-10-10,2031-10-09,2,Sarjono,10594,143991775,baru,14 August 2026,8 September 2026,selesai,29 August 2026,lunas,5,2026,11 September 2026,5,9,6,3,15,13,51,12.50%,25,tercapai,2026,20000000,17500000,13%,Bonita
22 July 2026,2026-07-27,Djadjang,2,R13994,PBL002,"Jalan Hos Cokroaminoto, Kelurahan Kebonsari Kulon, Kecamatan Kanigaran, Kota Probolinggo, Jawa Timur",-7.758293,113.214556,13,NULL,1,0,3 August 2026,10 August 2026,46000000,46000000,55000000,46000000,18,Mirza,baru,138000000,Kab. Probolinggo,2026-10-10,2031-10-09,2,Sarjono,10595,132860965,baru,14 August 2026,8 September 2026,selesai,27 August 2026,lunas,7,2026,9 September 2026,5,7,8,3,13,13,49,16.36%,25,tercapai,2026,55000000,46000000,16%,Mirza
23 July 2026,2026-07-27,Djadjang,2,R14008,MLG002,"Jalan Muharto No.20, Kelurahan Kotalama, Kecamatan Kedung Kandang, Kota Malang, Jawa Timur",-7.992088,112.643216,9,NULL,1,0,30 July 2026,4 August 2026,33000000,33000000,40000000,33000000,16,Bonita,baru,99000000,Kota Malang,2026-10-04,2031-10-03,2,Sarjono,10609,129419578,baru,10 August 2026,4 September 2026,selesai,19 August 2026,lunas,5,2026,1 September 2026,4,3,6,5,9,13,40,17.50%,25,tercapai,2026,40000000,33000000,18%,Bonita
23 July 2026,2026-07-27,Hanif,6,R14009,PLG002,"Jalan Slamet Riady, Kelurahan Kuto Batu, Kec. Ilir Timur II, Kota Palembang, Sumatera Selatan",-2.98077,104.772178,8,NULL,1,0,5 August 2026,11 August 2026,30000000,30000000,35000000,30000000,18,Mirza,baru,90000000,Kota Palembang,2026-09-11,2031-09-10,5,Edwin,10610,135985825,baru,25 August 2026,18 September 2026,selesai,15 September 2026,lunas,6,2026,1 January 2000,4,9,7,13,21,,,14.29%,24,tercapai,2026,35000000,30000000,14%,Mirza
23 July 2026,2026-07-27,Djadjang,2,R14014,MLG004,"Jalan Tumenggung Suryo, Kelurahan Purwantoro, Kecamatan Blimbing, Kota Malang, Jawa Timur",-7.960352,112.642363,8,NULL,1,0,31 July 2026,6 August 2026,35000000,35000000,40000000,35000000,16,Bonita,baru,105000000,Kota Malang,2026-09-06,2031-09-05,2,Sarjono,10615,126540390,baru,11 August 2026,5 September 2026,selesai,27 August 2026,lunas,6,2026,1 September 2026,4,4,7,4,16,5,40,12.50%,25,tercapai,2026,40000000,35000000,13%,Bonita
24 July 2026,2026-07-27,Dara,22,R14021,CKR064,"Jalan Raya Pd. Ungu Permai, Desa Bahagia, Kecamatan Babelan, Kabupaten Bekasi, Jawa Barat 17610",-6.180073,107.008642,13,NULL,1,0,29 July 2026,5 August 2026,40000000,40000000,25000000,40000000,16,Bonita,baru,120000000,Kab. Bekasi,2026-09-05,2031-09-04,3,CV. Rizki Mitra Abadi,10622,132319500,baru,11 August 2026,5 September 2026,selesai,3 September 2026,lunas,7,2026,8 September 2026,3,2,8,5,23,5,46,-60.00%,25,tercapai,2026,48000000,40000000,17%,Bonita
24 July 2026,2026-07-27,Djadjang,2,R14036,MLG003,"Jalan S. Supriadi, Kelurahan Sukun, Kecamatan Sukun, Kota Malang, Jawa Timur",-7.991483,112.621241,12.5,NULL,1,0,31 July 2026,4 August 2026,57000000,57000000,70000000,57000000,16,Bonita,baru,171000000,Kota Malang,2026-10-04,2031-10-03,2,Sarjono,10637,153986965,baru,10 August 2026,4 September 2026,selesai,19 August 2026,lunas,4,2026,1 September 2026,3,4,5,5,9,13,39,18.57%,25,tercapai,2026,70000000,57000000,19%,Bonita
24 July 2026,2026-07-27,salma,4,R14052,JMR001,"Jalan Basuki Rahmat, Kelurahan Tegal Besar, Kecamatan Kaliwates, Kabupaten Jember, Jawa Timur",-8.192116,113.701259,10,NULL,1,0,3 August 2026,11 August 2026,35000000,40000000,40000000,40000000,18,Mirza,baru,120000000,Kab. Jember,2026-09-11,2029-09-10,2,Sarjono,10653,145728140,baru,18 August 2026,12 September 2026,selesai,31 August 2026,lunas,8,2026,9 September 2026,3,7,9,6,13,9,47,0.00%,25,tercapai,2026,40000000,40000000,0%,Mirza
25 July 2026,2026-08-18,Djadjang,2,R14075,KPN004,"Jalan Raya Kebonagung, Desa Kebonagung, Kecamatan Pakisaji, Kabupaten Malang, Jawa Timur",-8.024929,112.617057,16,NULL,1,0,19 August 2026,24 August 2026,32000000,32000000,40000000,32000000,16,Bonita,baru,96000000,Kab. Malang,2026-10-24,2031-10-23,2,Sarjono,10676,137089765,baru,27 August 2026,21 September 2026,selesai,16 September 2026,lunas,5,2026,1 January 2000,24,1,6,2,20,,,20.00%,25,tercapai,2026,40000000,32000000,20%,Bonita
26 July 2026,2026-07-27,Djadjang,2,R14082,SDA001,"Jalan Raya Buduran, Desa Banjarkemantren, Kec. Buduran, Kabupaten Sidoarjo, Jawa Timur",-7.411793,112.725883,20,NULL,1,0,30 July 2026,11 August 2026,60000000,60000000,75000000,60000000,16,Bonita,baru,180000000,Kab. Sidoarjo,2026-10-11,2031-10-10,2,Sarjono,10683,149672800,baru,18 August 2026,12 September 2026,selesai,29 August 2026,lunas,12,2026,8 September 2026,1,3,13,6,11,10,44,20.00%,25,tercapai,2026,75000000,60000000,20%,Bonita